FID,RDNAME,RDNAME2,HWY_NUM,AADTT16,VOG_WGT,VOG16,SHAPE_Length
1,Bluewater Hwy,King's Highway 21,21,461,1146977,2684000,0.028782209571878
2,Highway 48,King's Highway 48,48,616,397695,2211000,0.0173020412189128
3,Yonge St,County Road 1,11,0,0,0,0.018362485472072
4,Hwy 9, ,9,507,760719,1200000,0.00529956471572189
5,Cassells Street, ,63,0,0,0,0.00627105612444099
6,Bayfield St,Hwy 26,11,0,0,0,0.000274488615419967
7,Hwy 62,Hwy 62,62,74,128623,313000,0.0163826725628729
8,Hwy 26,Hwy 27,11,0,0,0,0.00025317905913816
9,Highway 11,Highway 17,17,939,9309647,31212000,0.000781674041755357
10,Yonge St,Simcoe County Road 4,11,0,0,0,0.0130190494723482
11,Highway 11,Highway 17,17,939,9309647,31212000,0.0052728041875638
12,Highway 7, ,7,265,1044689,1625000,0.0447195469491314
13,Highway 11,Highway 17,17,936,7929180,28370000,0.00300914359754531
14,Woodlawn Rd W,King's Highway 7,7,0,0,0,0.00943214394865952
15,Trout Lake Road, ,63,0,0,0,0.0100906847675245
16,Highway 21, ,21,147,134366,1434000,0.0149710300507583
17,Highway 11,Highway 17,17,907,7034849,27246000,0.000249503377645033
18,Highway 21, ,21,147,134366,1434000,0.000482468898442324
19,Bluewater Hwy,King's Highway 21,21,245,422294,1903000,0.0231380774729428
20,Highway 41, ,41,132,349818,525000,0.0185045066779911
21,Bluewater Hwy,King's Highway 21,21,245,422294,1903000,0.0186166357248552
22,Highway 21, ,21,202,134366,1434000,0.0164036592550734
23,Bluewater Hwy,King's Highway 21,21,267,746863,2370000,0.0186347286822391
24,Highway 21, ,21,147,134366,1434000,0.0202472247862722
25,Bluewater Hwy,King's Highway 21,21,245,422294,1903000,0.0186672267226725
26,Highway 21, ,21,147,134366,1434000,0.00550700380701988
27,Bluewater Hwy,King's Highway 21,21,245,422294,1903000,0.0186502591295759
28,Yonge St, ,11,0,0,0,0.0115421657617426
29,Bluewater Hwy,King's Highway 21,21,245,422294,1903000,0.0186068698769595
30,Base Line,County Road 21,21,0,0,0,0.0113309086308623
31,Richmond St,King's Highway 4,4,117,254780,589000,0.0135850778271265
32,Base Line,County Road 21,21,0,0,0,0.00567066815537557
33,Richmond St,King's Highway 4,4,199,183693,352000,0.0187086952472828
34,Irish School Rd,County Road 21,21,0,0,0,0.0253322389450673
35,Richmond St,King's Highway 4,4,117,254780,589000,0.0128865898242079
36,Hwy 89, ,89,321,1433370,4233000,0.00448366562224147
37,Richmond St,King's Highway 4,4,67,62092,302000,0.0132151441051777
38,Hwy 89, ,89,322,1434572,4237000,0.0172071739293246
39,Dundas St S,King's Highway 8,8,400,2282664,2764000,0.0158369255208575
40,Hwy 89, ,89,322,1434572,4237000,0.0036271946460098
41,Elginfield Rd,King's Highway 7,7,296,386706,1000000,0.0201461750776689
42,Hwy 89, ,89,322,1434572,4237000,0.00546418659455136
43,Bloor St W,Hwy 5,5,0,0,0,0.00126812026241165
44,Hwy 89, ,89,322,1434572,4237000,0.0204513767587647
45,Yonge St, ,11,0,0,0,0.00108879842208102
46,Broad St E,King's Highway 3,3,163,414420,908000,0.0165042060387169
47,Yonge St, ,11,0,0,0,0.000708156978347049
48,Industrial Rd,County Road 21,21,0,0,0,0.00283159195509659
49,Highway 26, ,26,375,667736,1691000,0.00393281275566579
50,County Road 21,Hwy 21,21,0,0,0,0.00591908832505853
51,Hwy 35,King's Highway 35,35,243,628026,2407000,0.0131363159884414
52,Hwy 20, ,20,0,0,0,0.0062365527755078
53,County Road 21,Hwy 21,21,0,0,0,0.0145835081933229
54,Main St E,Hwy 8,8,0,0,0,0.00115773681378586
55,County Road 21,Hwy 21,21,0,0,0,0.000574142353419146
56,Markham Rd, ,48,0,0,0,0.0070123401985187
57,Highway 6, ,6,2504,10559170,28093000,0.0149323552804466
58,Norfolk St S,Regional Road 24,24,0,0,0,0.012866121014615
59,Highway 21, ,21,243,134619,1435000,0.0203034867430738
60,Sykes St S,Hwy 26,26,253,91332,339000,0.0127114130938859
61,Rest Acres Rd,King's Highway 24,24,604,3070036,5342000,0.0190908359162078
62,Woodlawn Rd W,King's Highway 7,7,0,0,0,0.000741321118043053
63,Hwy 35,King's Highway 35,35,409,1065127,5683000,0.0129090079714957
64,Hwy 35,King's Highway 35,35,243,628026,2407000,0.013626413741092
65,Highway 7a, ,7,294,340603,179000,0.00126535033094397
66,Highway 7a, ,7,294,340603,179000,0.00183013821119385
67,Hwy 35,Highway 7A,35,311,1105697,2591000,0.000782111245282732
68,Highway 6,King's Highway 6,6,538,1104908,3160000,0.0109305851014366
69,Hwy 89, ,89,683,1731712,5002000,0.000678185815228879
70,County Road 21,Hwy 21,21,0,0,0,0.00375496965528954
71,County Road 21,Hwy 21,21,0,0,0,0.00120972471746455
72,County Road 21,Hwy 21,21,0,0,0,0.000174773367506173
73,Hwy 89, ,89,393,1653354,10711000,0.018409366201819
74,County Road 2, ,2,0,0,0,0.0342706161668431
75,Hwy 26,Highway 26,26,272,1131093,4257000,0.0170570288029306
76,Becker Road, ,631,0,0,0,0.00306767208154526
77,Hwy 26, ,26,0,0,0,0.00921206432043471
78,Highway 26, ,26,393,848272,2098000,0.00345631520663501
79,Hwy 26,Pretty River Pky,26,0,0,0,0.000180953032609068
80,Hwy 26, ,26,469,1053036,971000,0.0164674094274943
81,Highway 522B, ,522,0,0,0,0.000105261331962585
82,Highway 60, ,60,135,641333,1060000,0.00422003832397606
83,Highway 124, ,124,20,56495,75000,0.0237210809716263
84,Chapmans Landing Road, ,654,0,0,0,0.000327361641036772
85,Highway 522B, ,522,16,67628,78000,0.00177044683622639
86,Young St,Hwy 89,89,0,0,0,0.00215909893146996
87,St Clair Rd,King's Highway 40,40,255,721285,1418000,0.0149674388616743
88,Hwy 89, ,89,652,2299992,6818000,0.00241552565209112
89,St Clair Rd,King's Highway 40,40,261,728887,1501000,0.014766462995166
90,Hwy 89, ,89,388,1679819,10702000,0.00455096034767705
91,Highway 7,Highway 35,35,301,483211,888000,0.000819538035755531
92,Hwy 26, ,26,686,2096568,4958000,0.00397605886580969
93,Main St S,King's Highway 21,21,198,439547,1016000,0.0196424211407039
94,Yonge St, ,11,0,0,0,0.000689774395002105
95,Hwy 93, ,93,339,1232979,3275000,0.00427457157777112
96,Yonge St, ,11,0,0,0,0.0127555138840456
97,Lakeshore Rd,King's Highway 21,21,272,796538,2409000,0.00072654387343345
98,Highway 12, ,12,317,233704,1317000,0.0142270628075431
99,Highway 12, ,12,367,789587,771000,0.00339956264924193
100,Highway 12, ,12,407,789587,771000,0.00200899578795007
101,Base Line,County Road 21,21,0,0,0,0.0167197131695415
102,Parry Sound Drive, ,124,76,106106,211000,0.00142791734835615
103,Highway 7, ,7,262,1581877,4724000,0.0836395321962182
104,Base Line,County Road 21,21,0,0,0,0.0170610617037448
105,Highway 144, ,144,588,798095,702000,0.00647910943013877
106,Highway 144, ,144,588,1052299,9575000,0.00508200597105141
107,Highway 144, ,144,546,1010981,9501000,0.000960000520853689
108,Northwest Bypass, ,144,304,758282,825000,0.000912285043173194
109,Forest Rd,King's Highway 21,21,211,550332,1045000,0.00174987570989091
110,Forest Rd,King's Highway 21,21,211,550332,1045000,0.0125555358180381
111,Lakeshore Rd,King's Highway 21,21,328,747107,2361000,0.00254376864786361
112,Lakeshore Rd,King's Highway 21,21,328,747107,2361000,0.00137649191791501
113,Highway 35, ,35,197,111452,127000,0.00584301455798486
114,Ontario Street, ,520,118,26,0,0.000145416030759844
115,Hwy 3,King's Highway 3,3,149,1020013,1396000,0.00368715057056554
116,Highway 7,Highway 35,35,410,493248,941000,0.0159209484244367
117,Hwy 9,Highway 9,9,1078,6124563,12172000,0.00692799819919219
118,Talbot Rd,King's Highway 3,3,741,487184,1518000,0.00147098271373159
119,Highway 11, ,11,320,3318424,18388000,0.0899532688063486
120,Base Line,County Road 21,21,0,0,0,0.00436611664345693
121,Highway 21, ,21,147,134366,1434000,0.0204438053687152
122,Highway 21, ,21,147,134366,1434000,0.0186118730425813
123,Highway 24, ,24,398,765303,1495000,0.012762145899562
124,Highway 35, ,35,350,453425,1375000,0.0225742326836756
125,Highway 409 W, ,409,5587,11533577,53990000,0.0117901032610253
126,Hwy 27, ,27,0,0,0,0.00027057346507345
127,Highway 10, ,10,290,820459,2422000,0.0225338109905852
128,County Road 29, ,15,435,1165332,6898000,0.001853273203781
129,Dundas St W,Hwy 5,5,1147,2464507,1805000,0.000114856432121932
130,Broadway St,King's Highway 19,19,0,0,0,0.00936972299175072
131,Hwy 26, ,26,211,79228,471000,0.0168700905045085
132,Regional Hwy 2,Highway 2,2,0,0,0,0.00153508337105998
133,Main St E,Regional Road 3,3,232,618705,1429000,0.000540267526325076
134,Dundas St W,County Road 2,2,0,0,0,0.0201610166099384
135,Loyalist Pky,County Road 33,33,0,0,0,0.00790522592534916
136,County Road 3,Talbot Trail,3,0,0,0,0.0237400781484826
137,Highway 21, ,21,147,134366,1434000,0.019790241600565
138,Dundas St E,Regional Road 5,5,0,0,0,0.00723728997982047
139,Base Line,County Road 21,21,0,0,0,0.0142686273778941
140,Base Line,County Road 21,21,0,0,0,0.00226804982304653
141,Base Line,County Road 21,21,0,0,0,0.00907322630522027
142,Highway 15, ,15,204,260530,405000,0.0167653109053953
143,Base Line,County Road 21,21,0,0,0,0.0155250204408066
144,Base Line,County Road 21,21,0,0,0,0.00137790743519861
145,Base Line,County Road 21,21,0,0,0,0.000793076275008033
146,Bloor St W,Hwy 5,5,0,0,0,0.00149529599544641
147,Goderich St,King's Highway 21,21,0,0,0,0.00104670339636806
148,Yonge St, ,11,0,0,0,0.000182923481241212
149,Highway 7,King's Highway 8,7,1389,6366074,14799000,0.00347629722548464
150,Rest Acres Rd,King's Highway 24,24,616,3495922,5412000,0.00732600087592695
151,Dundas St E,Regional Road 5,5,0,0,0,0.00443687000801794
152,Hwy 35,King's Highway 35,35,225,696393,2502000,0.00298619192216104
153,King St W,Tc Hwy,7,478,557593,1372000,0.0122130044337697
154,Woodward Avenue, ,557,0,0,0,0.00196657631684495
155,Highway 69, ,69,677,5577221,20225000,0.106873410918933
156,Highway 69, ,69,531,5581692,20259000,0.0046342162698879
157,Highway 529, ,529,5,24360,25000,0.00118747168221183
158,Highway 17 & 64, ,17,378,1369632,8606000,0.0190173413392251
159,3rd Avenue, ,652,523,5115889,19055000,0.00639620132705432
160,Highway 7,Tc Highway,7,361,321444,590000,0.00164526385540905
161,Highway 7,Tc Highway,7,627,530400,1234000,0.0122851831348042
162,Highway 7,Tc Highway,7,285,380059,612000,0.00109304133595476
163,Ontario Street, ,520,118,26,0,0.00122933844001018
164,Regional Road 7, ,7,0,0,0,0.000114002438555058
165,Yonge St,County Road 1,11,0,0,0,0.0073060681918125
166,King St E,Regional Highway 2,2,0,0,0,0.00110242272022058
167,King St E,Regional Highway 2,2,0,0,0,0.0101131669718639
168,Highway 7,Tc Highway,7,547,375070,398000,0.00112570866569086
169,King St E,Regional Highway 2,2,0,0,0,0.01046203950767
170,Talbot Line,County Road 3,3,0,0,0,0.0173511479623808
171,County Road 109,Hwy 9,9,0,0,0,0.0240716854640313
172,County Road 109,Hwy 9,9,0,0,0,0.0107246977161969
173,County Road 2,Highway 2,2,0,0,0,0.0102678584992885
174,County Road 2,Highway 2,2,0,0,0,0.0100422476911936
175,Highway 7, ,7,274,3465569,2047000,0.0137495104107753
176,Highway 15, ,15,126,194137,410000,0.0129111949329817
177,Highway 15, ,15,126,194137,410000,0.0134035439543538
178,Highway 15, ,15,128,195334,415000,0.00230473402323888
179,Queen St E,Regional Road 107,7,0,0,0,0.00893658053645311
180,Highway 7,Tc Highway,7,627,530400,1234000,0.0133153320947041
181,Talbot Rd,King's Highway 3,3,355,1162578,1782000,0.00855197905270654
182,Hwy 9,Highway 9,9,1096,7334958,9365000,0.0014429582204758
183,County Road 6, ,6,0,0,0,0.0129925719763271
184,Highway 6, ,6,182,540416,2318000,0.0212746136412594
185,Bluewater Hwy,King's Highway 21,21,267,746863,2370000,0.018591018849821
186,Cannifton Rd,Highway 37,37,0,0,0,0.00136470949291958
187,Highway 24, ,24,400,771450,2481000,0.0105998096061623
188,Highway 7, ,7,242,1523065,1566000,0.043555213085605
189,Highway 7, ,7,261,1623019,1708000,0.0301701364867774
190,Highway 77, ,77,579,3313233,10455000,0.000366722028230913
191,Highway 6,King's Highway 6,6,261,1019396,2354000,0.0438389893168562
192,Highway 6,King's Highway 6,6,285,946100,2020000,0.0203723688704686
193,Mitchell Line,Hwy 23,23,263,159488,885000,0.0185147771541513
194,Highway 6,King's Highway 6,6,261,1019396,2354000,0.0195516298602348
195,County Road 109,Hwy 9,9,0,0,0,0.0175697792852295
196,County Road 109,Hwy 9,9,0,0,0,0.013387310339137
197,County Road 109,Hwy 9,9,0,0,0,0.000585030768422418
198,County Road 109,Hwy 9,9,0,0,0,0.00392678407480607
199,County Road 109,Hwy 9,9,0,0,0,0.000605815978682026
200,Highway 6,King's Highway 6,6,182,540416,2318000,0.000501063690562597
201,Highway 6,George St,6,426,1434267,4883000,0.000440113003703715
202,Plank Line,King's Highway 19,19,524,2693157,11307000,0.00217002034583408
203,Loudon Rd,King's Highway 4,4,348,555465,845000,0.0185680779963326
204,Highway 7,Victoria St N,7,807,717270,3313000,0.0112871723048974
205,Dundas St S,King's Highway 8,8,524,876329,1647000,0.0164516050940389
206,Hwy 89, ,89,299,1348315,3627000,0.00396709430670732
207,Victoria St N,King's Highway 7,7,0,0,0,0.0177501906865437
208,Highway 21,Bluewater Hwy,21,148,153613,1702000,0.0183841119022934
209,Highway 77, ,77,559,1378772,2153000,0.0127141951500147
210,County Road 109,Hwy 9,9,0,0,0,0.0147890009488178
211,Highway 6, ,6,186,792228,2676000,0.0110043528298716
212,Main St W,Regional Road 3,3,175,733698,1625000,0.000968337440147708
213,Highway 7,Tc Highway,7,468,5200147,2507000,0.0154664344560222
214,Regional Road 8,Hwy 8,8,0,0,0,0.0198392747921991
215,Forest Rd,King's Highway 21,21,0,0,0,0.0001568183662712
216,Highway 40, ,40,269,2788430,2481000,0.0116261242532663
217,Highway 40,Mcnaughton Ave,40,0,0,0,0.000209602003809839
218,Woodlawn Rd W,King's Highway 6,6,0,0,0,0.0016642094218997
219,Highway 58a, ,58,379,773338,1397000,0.00197599925350993
220,Huron Rd,King's Highway 8,8,194,322238,690000,0.0237216384919764
221,Hwy 93,Penetanguishene Rd,93,425,1781399,3864000,0.0152576430306759
222,Lake  Nosbonsing Road, ,654,117,3550,24000,0.00302151457362978
223,Highway 17, ,17,295,2505854,14734000,0.0737760750875838
224,Erie St,King's Highway 7,7,514,1590212,4968000,0.0105023574896661
225,Huron St,King's Highway 8,8,0,0,0,0.00672521924011561
226,Irish School Rd,County Road 21,21,0,0,0,0.0278269926768093
227,Lambton Line,County Road 21,21,0,0,0,0.0129513335142995
228,Lambton Line,County Road 21,21,0,0,0,0.0139940213694505
229,Broad St W,King's Highway 3,3,244,597339,1138000,0.00956188202416524
230,Main St W,King's Highway 3,3,244,597339,1138000,0.00734046592528844
231,Churchill Line,King's Highway 40,40,778,1326556,2003000,0.0175051423745429
232,Churchill Line,King's Highway 40,40,778,1326556,2003000,0.00517266394736703
233,St Clair Rd,King's Highway 40,40,261,728887,1501000,0.0146785513216357
234,Forks Rd,King's Highway 3,3,168,436464,976000,0.00367337979491385
235,Front Street, ,17,359,1646664,8697000,0.010593654195134
236,Highway 11,Government Road,11,0,0,0,0.0223555414763123
237,Highway 40,Communication Rd,40,334,925136,3649000,0.00980122122349713
238,Hwy 9, ,9,507,760719,1200000,0.0232666395108167
239,Colonel Talbot Rd,King's Highway 4,4,762,864808,1815000,0.019430397286534
240,Hwy 20, ,20,0,0,0,0.00818602438648152
241,Wellington St W,King's Highway 7,7,0,0,0,0.000660074962412317
242,Highway 655, ,655,200,263491,577000,0.0171658797107168
243,1st Street, ,11,526,5876165,20089000,0.113060801476147
244,Forks Rd,King's Highway 3,3,180,442674,1008000,0.029108963622592
245,Highway 40,Communication Rd,40,334,925136,3649000,0.000847425907103674
246,Highway 40,Communication Rd,40,356,2272174,5031000,0.0128735001128419
247,Highway 101, ,101,268,661049,622000,0.131433958378975
248,Highway 40,Communication Rd,40,362,1364452,4723000,0.0119368320954069
249,County Road 3,Talbot Trail,3,0,0,0,0.0107169338177309
250,Oil Heritage Rd,County Road 21,21,0,0,0,0.0245236217438936
251,County Road 2, ,2,0,0,0,0.0155831894240865
252,Hwy 9,Davis Drive West,9,0,0,0,0.0238794575322271
253,Dundas St E,Regional Road 5,5,0,0,0,0.00149386412767449
254,County Road 21,Hwy 21,21,0,0,0,0.0149443313889949
255,County Road 21,Hwy 21,21,0,0,0,0.0058765852812543
256,County Road 21,Hwy 21,21,0,0,0,0.00732957882584566
257,Highway 3,Concession 1 Rd,3,366,356034,726000,0.00891713817501578
258,Broadway St,King's Highway 19,19,0,0,0,0.00123107331946856
259,Vienna Rd,King's Highway 19,19,0,0,0,0.00285019105698596
260,Simcoe St,King's Highway 19,19,0,0,0,0.000597724016555831
261,Hwy 3,King's Highway 3,3,272,1339422,1736000,0.0024702244064052
262,Regional Road 7, ,7,0,0,0,0.00650599805195936
263,Highway 3,Essex Bypass,3,463,822082,1005000,0.000658975818976023
264,Hawthorne Drive, ,534,5,0,0,0.000556397478437497
265,Main St,King's Highway 3,3,213,1149750,1497000,0.0147372632480945
266,Kingston Rd,Highway 2,2,0,0,0,0.000207170567403125
267,Hwy 3,King's Highway 3,3,149,1020013,1396000,0.0169293265046895
268,Highway 3, ,3,271,929916,1281000,0.0189083242968711
269,York Rd,King's Highway 7,7,0,0,0,0.00436161081481745
270,Highway 48,Highway 48,48,246,116344,59000,0.0022398202704992
271,Highway 77, ,77,220,1286498,2647000,0.0124246374688336
272,Highway 3 E, ,3,723,499058,1507000,0.0019681558789628
273,Richmond St,King's Highway 4,4,295,218443,239000,0.013805063450626
274,Highway 3, ,3,774,496662,1507000,0.0221413736042675
275,Highway 77, ,77,496,2176256,2494000,0.0124301861758854
276,Huron Rd,King's Highway 8,8,269,195914,339000,0.0159432342254632
277,Highway 24, ,24,452,1037509,4238000,0.00182785245249837
278,Karen St, ,4,0,0,0,0.00011499999999387
279,Wellington Street South, ,118,0,0,0,0.00417481003400003
280,Forest Rd,King's Highway 21,21,211,550332,1045000,0.0104722937696841
281,Forest Rd,King's Highway 21,21,211,550332,1045000,0.00164006158421978
282,Forest Rd,King's Highway 21,21,211,550332,1045000,0.00163206578848688
283,Highway 108, ,108,0,0,0,0.0075088586610669
284,Brant Rd,King's Highway 24,24,484,547901,866000,0.0150014333530049
285,Regional Road 20,Hwy 20,20,0,0,0,0.0103194718802988
286,Merritt Road, ,58,0,0,0,0.0114815082965432
287,Canboro Rd,Regional Road 20,20,0,0,0,0.00549642246158689
288,Talbot Line,County Road 3,3,0,0,0,0.0279017175996277
289,Talbot Line,County Road 3,3,0,0,0,0.0394879964880535
290,Talbot Line,County Road 3,3,0,0,0,0.0261985440871547
291,Talbot Line,County Road 3,3,0,0,0,0.0217503162640253
292,Highway 3,Concession 1 Rd,3,364,248076,712000,0.000606395989588979
293,Colonel Talbot Rd,King's Highway 4,4,762,864808,1815000,0.0023786504206299
294,Regional Road 24, ,24,0,0,0,0.00947584897288878
295,Hwy 6,King's Highway 6,6,113,306067,336000,0.0134978763040772
296,Highway 3,St Thomas Expy,3,273,1070771,5803000,0.00535190431537911
297,None, ,588,0,0,0,0.00119217532265117
298,Hwy 6,King's Highway 6,6,269,490764,2335000,0.00381637090544283
299,Talbot Line,King's Highway 3,3,476,1458100,3890000,0.00270833417434594
300,Richmond St,King's Highway 4,4,0,0,0,0.00342323545378911
301,Richmond St,King's Highway 4,4,0,0,0,7.78212053398333e-05
302,Talbot Line,King's Highway 3,3,327,920128,2910000,0.0128082069530653
303,Talbot Line,King's Highway 3,3,271,1360535,2722000,0.0250321400095936
304,Talbot St E,King's Highway 3,3,271,1360535,2722000,0.0060740221932606
305,Talbot Line,King's Highway 3,3,237,1323700,2630000,0.0250688476575152
306,Talbot Line,King's Highway 3,3,196,1377428,3323000,0.0171104587657585
307,Highway 17, ,17,265,3074144,21023000,0.0273428400242682
308,Talbot Line,King's Highway 3,3,238,1341431,2680000,0.0161782602779078
309,Talbot Line,King's Highway 3,3,243,1324384,2631000,0.0120876877967535
310,Talbot Line,King's Highway 3,3,196,1377428,3323000,0.000897634159314068
311,Plank Rd,County Road 19,19,0,0,0,0.00621145930808805
312,Highway 17, ,17,281,3074144,21023000,0.00504368625789748
313,Broadway St,King's Highway 19,19,454,1913961,6162000,0.0121090258905185
314,Plank Line,King's Highway 19,19,391,2201949,4889000,0.00536852710950042
315,Plank Line,King's Highway 19,19,399,2281746,5031000,0.0175223096109798
316,Bluewater Hwy,King's Highway 21,21,245,422294,1903000,0.0185830418284412
317,Loudon Rd,King's Highway 4,4,238,546828,795000,0.0185650137879717
318,Highway 651, ,651,20,0,0,0.00290104623298209
319,Mitchell Line,Hwy 23,23,263,159488,885000,0.0175439836777672
320,Hurontario Street,Highway 10,10,209,448126,1276000,0.00117502773755622
321,Highway 17, ,17,400,4413637,32799000,0.0252734618783267
322,Cassells Street, ,63,0,0,0,0.000768692774813553
323,Ontario St S,King's Highway 21,21,272,796538,2409000,0.0303838839331453
324,Highway 11, ,11,276,3746805,18457000,0.391602085496827
325,Yonge St,County Road 1,11,0,0,0,0.00642127787048695
326,Bluewater Hwy,King's Highway 21,21,267,746863,2370000,0.0165365230283827
327,Yonge St,County Road 1,11,0,0,0,0.00977557967910678
328,Yonge St,County Road 1,11,0,0,0,0.00218990250921748
329,Yonge St,County Road 1,11,0,0,0,0.00865364542859276
330,Bluewater Hwy,King's Highway 21,21,267,746863,2370000,0.0162788024297607
331,Bluewater Hwy,King's Highway 21,21,461,1146977,2684000,0.00130819837029602
332,Highway 618, ,618,0,0,0,0.00144116327176086
333,Richmond St,King's Highway 4,4,295,218443,239000,0.0305426737164908
334,Queen St E,Regional Road 7,7,0,0,0,0.00667099794543458
335,County Road 52,King's Highway 8,8,653,2291662,2772000,0.0033757836903572
336,Richmond St,King's Highway 4,4,202,414280,468000,0.0135778784618538
337,Richmond St,King's Highway 4,4,0,0,0,0.0116814750549494
338,Mitchell Line,Hwy 23,23,263,159488,885000,0.0195025703007632
339,Elginfield Rd,King's Highway 7,7,462,386706,1000000,0.0253003121846063
340,Mitchell Line,Hwy 23,23,263,159488,885000,0.018526811257156
341,Mitchell Line,Hwy 23,23,263,159488,885000,0.019223422186453
342,Elginfield Rd,King's Highway 7,7,462,386706,1000000,0.00305492188573133
343,Loudon Rd,King's Highway 4,4,494,73962,62000,0.0186252651063287
344,164 Road,Hwy 23,23,269,196900,998000,0.0205076556159978
345,Hwy 27, ,27,0,0,0,0.000679576167914268
346,Victoria St S,King's Highway 21,21,0,0,0,0.00249416759904322
347,Huron Rd,King's Highway 8,8,0,0,0,0.00867729778420412
348,Bayfield Rd,King's Highway 21,21,0,0,0,0.00382742446039262
349,Toronto St,King's Highway 8,8,0,0,0,0.00471965399242959
350,Highway 21,Bluewater Hwy,21,149,153613,1702000,0.0006570486922499
351,Huron Rd,King's Highway 8,8,236,234355,371000,0.0237368217765492
352,Huron Rd,King's Highway 8,8,236,234355,371000,0.023718454272036
353,Highway 656, ,656,9,0,0,0.00721593765431228
354,Yonge St,County Road 1,11,0,0,0,0.00666745903656397
355,Main St N,Regional Road 68,48,0,0,0,0.0017384075523391
356,Highway 11, ,11,382,7615776,18231000,0.00570722426825284
357,Highway 522B, ,522,16,67628,78000,0.00193268569613958
358,Highway 522B, ,522,16,67628,78000,0.00066784632661517
359,County Road 2, ,2,0,0,0,0.036782213996921
360,Oil Heritage Rd,County Road 21,21,0,0,0,0.0277444016808637
361,Yonge St, ,11,0,0,0,0.000495404471115533
362,County Road 2, ,2,0,0,0,0.0459679793598576
363,Lundy's Lane,Regional Road 20,20,0,0,0,0.0116904598920416
364,Hwy 89, ,89,309,1190720,3359000,0.0251738573929512
365,Bloor St W,Hwy 5,5,0,0,0,0.00451620865347638
366,Kingston Rd,Highway 2,2,0,0,0,0.00149222288214867
367,Yonge St, ,11,0,0,0,0.00169816989727625
368,Yonge St, ,11,0,0,0,0.00290556663526505
369,Kingston Rd W,Regional Highway 2,2,0,0,0,0.000541243717789037
370,Garrison Rd,King's Highway 3,3,229,560895,1313000,0.00130687581479285
371,Bloor St W,Hwy 5,5,0,0,0,0.0038588292633825
372,Highway 11, ,17,595,2702813,11025000,0.0130770531364328
373,Sailors Encampment Drive, ,548,15,0,0,0.0898709348016829
374,Highway 48,King's Highway 48,48,459,397941,2212000,0.00178317035640664
375,Colonel Talbot Rd,King's Highway 4,4,0,0,0,0.00114549770842798
376,Main St,King's Highway 4,4,0,0,0,0.00883666193987134
377,Regional Road 7, ,7,0,0,0,0.0202636501778605
378,Highway 7,Tc Highway,7,310,759949,1056000,0.0167191620126688
379,Highway 10,Highway 10,10,0,0,0,0.013461658164427
380,Modeland Rd,King's Highway 40,40,921,2298160,3046000,0.0122294504439225
381,Ontario Street, ,520,118,26,0,0.000242640412942692
382,County Road 109,Hwy 9,9,0,0,0,0.00960277629646853
383,Talbot Line,King's Highway 3,3,333,920128,2910000,0.0231855282379764
384,County Road 1, ,11,0,0,0,0.025058244228159
385,Lansdowne St W, ,115,0,0,0,0.00717614264228454
386,Highway 7, ,7,238,5867,220000,0.0232317054417273
387,Highway 7, ,7,239,5867,220000,0.0137409510817376
388,County Road 109,Hwy 9,9,0,0,0,0.00475947609969871
389,County Road 109,Hwy 9,9,0,0,0,0.00427198801938393
390,County Road 109,Hwy 9,9,0,0,0,0.0133111056948768
391,Goderich St W,King's Highway 8,8,0,0,0,0.0103426698755988
392,Highway 48,King's Highway 48,48,484,2024600,3048000,0.0155993582140514
393,Highway 48,King's Highway 48,48,484,2024600,3048000,0.00161625528983562
394,Highway 28, ,28,218,546618,183000,0.0324269128774279
395,Highway 7, ,7,246,1230497,1553000,0.0166767655360986
396,County Road 49,Highway 49,49,631,324482,1484000,0.00202585829515669
397,County Road 41, ,41,0,0,0,0.0045517487531869
398,Hwy 60, ,60,142,327922,848000,0.00624140581370983
399,Princess St, ,2,0,0,0,0.00971619362414139
400,Highway 15, ,15,185,195334,415000,0.024379153139187
401,Tc Hwy,King's Highway 17,17,549,3013283,15179000,0.0225128309580722
402,County Road 2, ,2,0,0,0,0.00534631086394344
403,Pembroke St W, ,148,0,0,0,0.0119967742999383
404,Highway 48,King's Highway 48,48,347,274628,802000,0.0178715194271577
405,County Road 17,Hwy 21,21,0,0,0,0.000163003067453661
406,Highway 7a, ,7,297,340603,179000,0.0168656844101322
407,Kingston Rd,Regional Highway 2,2,0,0,0,0.000840859105926752
408,Kingston Rd,Regional Highway 2,2,0,0,0,0.000157000541411265
409,Highway 35,Highway 35,35,444,563130,1543000,0.000876502139170043
410,Regional Road 5,Hwy 5,5,227,79967,87000,0.00134494863769713
411,Regional Road 5,Hwy 5,5,492,144406,487000,0.00104711367098975
412,Winchester Rd W,King's Highway 7,7,548,315305,548000,0.00369071680655148
413,Highway 7, ,7,747,96640,314000,0.0101081512302884
414,County Road 2,Highway 2,2,0,0,0,0.0115534390629871
415,Highway 17, ,17,358,3664200,20228000,0.0535088343048435
416,Tc Hwy, ,17,517,4163443,12169000,0.00122771576438628
417,Frankford Rd,County Road 33,33,0,0,0,0.00173069292480349
418,Hwy 89, ,89,603,5155013,10335000,0.00508551156211572
419,Hwy 89, ,89,603,5155013,10335000,9.00277734437938e-05
420,Hwy 89, ,89,0,0,0,0.000145040401260477
421,Highway 7a, ,7,562,701768,1090000,0.00038829286882606
422,Yonge St,Simcoe County Road 4,11,0,0,0,0.012731270109493
423,Yonge St,Simcoe County Road 4,11,0,0,0,0.00261632084386674
424,Yonge St,Simcoe County Road 4,11,0,0,0,0.012689398756118
425,Yonge St,Simcoe County Road 4,11,0,0,0,0.0119737800093558
426,Yonge St,Simcoe County Road 4,11,0,0,0,0.0125747105897425
427,Hwy 9,Davis Drive West,9,0,0,0,0.0212357667008836
428,Highway 7, ,7,261,1694699,1753000,0.0165709259190599
429,Loyalist Pky,County Road 33,33,0,0,0,0.00228377341255361
430,Highway 28, ,28,286,396246,744000,0.000751472964274799
431,Highway 118, ,118,0,0,0,0.00607315721216784
432,Highway 12, ,12,571,4315789,1846000,0.0169798386517395
433,Hwy 37, ,37,308,1559127,4204000,0.00171494338273689
434,Highway 7, ,7,335,3266713,8844000,0.00288663956979228
435,Highway 62, ,62,500,872198,2250000,0.00204815481080025
436,Highway 62, ,62,500,872198,2250000,0.00142141193040664
437,Highway 62, ,62,500,872198,2250000,0.000892216778623099
438,Hwy 89, ,89,663,2314982,6896000,0.00239869026761406
439,Hwy 37, ,37,183,1550180,4131000,0.0041665745772691
440,Regional Road 7,Highway 7,7,0,0,0,0.00610567156237337
441,Main St N,Highway 10,10,0,0,0,0.0117904916880799
442,County Road 3,Hwy 89,89,0,0,0,0.0377310728763273
443,Hwy 89,89 Hwy,89,603,5155013,10335000,0.00743822431524836
444,Hwy 9,Davis Drive West,9,0,0,0,0.0161891016276484
445,Tc Hwy, ,17,551,4777938,20240000,0.00110702890660521
446,Tc Hwy, ,17,517,4163443,12169000,0.00100259513264698
447,County Road 2, ,2,0,0,0,0.0202831534215553
448,Highway 28, ,28,288,538739,150000,0.0290259408455587
449,Guelph St,King's Highway 7,7,0,0,0,0.000645842635661879
450,Causley Street, ,17,402,4408270,24649000,0.00415154776342136
451,Hwy 34, ,34,359,2060292,4288000,0.00011073808998378
452,Highway 11, ,11,411,4082107,18625000,0.00816591596577564
453,Highway 11, ,11,415,4082107,18625000,0.0283885900082843
454,Highway 3,Concession 1 Rd,3,366,356034,726000,0.00127303928451635
455,Lundy's Lane,Regional Road 20,20,0,0,0,0.00137605032462051
456,Tc Hwy, ,17,618,4886196,21679000,0.0668567506249226
457,County Road 2,Highway 2,2,0,0,0,0.000984322101744261
458,Dundas St,Regional Road 5,5,492,144406,487000,0.00258512707613478
459,Tc Hwy,King's Highway 17,17,400,2889499,15106000,0.0196732331634693
460,Hwy 6,King's Highway 6,6,159,4099,27000,0.0108627031619079
461,Highway 7, ,7,662,1396506,15991000,0.00149700567797627
462,Yonge St,Simcoe County Road 4,11,0,0,0,0.00498894957127732
463,County Road 2, ,2,0,0,0,0.00147082490595481
464,Centre St N,County Road 41,41,0,0,0,0.00364109839168942
465,County Road 41, ,41,0,0,0,0.00621041498277647
466,Yonge St, ,11,0,0,0,0.0184601203870664
467,Yonge St, ,11,0,0,0,0.00400648606855071
468,Hwy 41, ,41,98,76370,325000,0.0020519368898609
469,Hwy 41,Walford Rd,41,130,260852,948000,0.0212200009520925
470,William St,County Road 2,2,0,0,0,0.0121512298822755
471,Cannifton Pky,Highway 37,37,0,0,0,0.000917004362057872
472,Hurontario St,Highway 10,10,0,0,0,0.000659358075706207
473,Main St W,Hwy 8,8,0,0,0,0.00422191491172735
474,Main St W,Hwy 8,8,0,0,0,0.00031915200140156
475,Main St W,Hwy 8,8,4674,18096839,65907000,0.000907218133647788
476,Highway 588, ,588,27,101809,50000,0.0836241637126773
477,Highway 17 E, ,17,652,1829969,9447000,0.0451995784024434
478,Highway 3 E,S Talbot Rd,3,723,499058,1507000,0.00618894394136582
479,St Clair St,King's Highway 40,40,0,0,0,0.0148346415167011
480,St Clair Rd,King's Highway 40,40,261,728887,1501000,0.014790556405571
481,St Clair St,King's Highway 40,40,0,0,0,0.0113200973861547
482,St Clair St,King's Highway 40,40,0,0,0,0.0147950055294927
483,County Road 3,Talbot Trail,3,0,0,0,0.000751720374266813
484,County Road 3,Talbot Trail,3,0,0,0,0.000397452669036677
485,Base Line,County Road 21,21,0,0,0,0.0171233860822994
486,County Road 21,Hwy 21,21,0,0,0,0.0138329030350012
487,Highway 17, ,17,292,3174543,21108000,0.0239290093961213
488,Base Line,County Road 21,21,0,0,0,0.0127666854705466
489,Base Line,County Road 21,21,0,0,0,0.00429451568908397
490,Oil Heritage Road Hwy,County Road 21,21,0,0,0,0.0260350545967115
491,Oil Heritage Rd,County Road 21,21,0,0,0,0.0120777578413417
492,Oil Heritage Rd,County Road 21,21,0,0,0,0.012244504139472
493,Oil Heritage Rd,County Road 21,21,0,0,0,0.0245057184001088
494,Oil Heritage Rd,County Road 21,21,0,0,0,0.0123248687908102
495,County Road 21,Oil Heritage Rd,21,0,0,0,0.00126120973672055
496,Lakeshore Rd,King's Highway 21,21,272,796538,2409000,0.000693349784716255
497,County Road 21,Hwy 21,21,0,0,0,0.00368632132378748
498,Hwy 9, ,9,1000,2145307,5292000,0.00696892780777676
499,County Road 2,Highway 2,2,0,0,0,0.0127457320018904
500,Hwy 62, ,62,74,128623,313000,0.0236942605606391
501,Dundas St W,County Road 2,2,0,0,0,0.000471580321900882
502,Dundas St,Regional Road 5,5,227,79967,87000,0.00657865650692073
503,Highway 518, ,518,140,0,0,0.000922102488910687
504,Dundas St W,Regional Road 5,5,0,0,0,0.0106586895119464
505,Highway 7, ,7,260,1853360,4997000,0.0068295050727835
506,Highway 41, ,41,137,349818,525000,0.0783452692023706
507,Highway 7a, ,7,294,340603,179000,0.00038685600680098
508,Elginfield Rd,King's Highway 7,7,296,386706,1000000,0.0164187683404236
509,Dundas St E,County Road 2,2,0,0,0,0.0165669267360333
510,Highway 17, ,17,112,0,0,0.0304474491938944
511,Hwy 62, ,62,192,125139,587000,0.0122163292287223
512,County Road 2,Highway 2,2,0,0,0,0.013629045873401
513,Warren St,County Road 21,21,0,0,0,0.00478737505778661
514,Highway 17, ,17,112,0,0,0.0367258306838842
515,Highway 15, ,15,339,279397,371000,0.0106597746645313
516,Kingston Rd, ,2,0,0,0,0.0610276284215742
517,County Road 31,Hwy 93,93,0,0,0,0.0212031916331444
518,County Road 31,Hwy 93,93,0,0,0,0.000492761244376102
519,County Road 31,Hwy 93,93,0,0,0,0.000138621787580809
520,Wharncliffe Rd S,King's Highway 4,4,0,0,0,0.00439253130162575
521,Hurontario St,Hwy 10,10,1152,10327333,6898000,0.0333532713810378
522,Dundas St E,Regional Road 5,5,0,0,0,0.00418814340325278
523,Dundas St E,Regional Road 5,5,0,0,0,0.00576016750898699
524,Plank Line,King's Highway 19,19,391,2201949,4889000,0.012632301245859
525,Hurontario St,Hwy 10,10,1001,9951307,6722000,0.01995496358153
526,Highway 7, ,7,737,766993,1350000,0.00773283692805948
527,27th Sideroad,King's Highway 7,7,542,727333,2309000,0.0145165026959697
528,Yonge St, ,11,0,0,0,0.000488229654940872
529,Vincent Massey Dr, ,2,0,0,0,0.0210177910167419
530,Yonge St, ,11,0,0,0,0.000100463923925655
531,Hwy 9,Highway 9,9,1014,5890766,7219000,0.00606818048628224
532,Main St N,Regional Road 68,48,0,0,0,0.00927178659946697
533,Highway 10,Hwy 24,10,648,3408950,4118000,0.027693762071089
534,Markham Rd, ,48,0,0,0,0.00472437614930346
535,Regional Road 7, ,7,0,0,0,0.0085834813397205
536,Highway 48,King's Highway 48,48,677,55009,56000,0.000725479718534594
537,Highway 558, ,558,0,0,0,0.0882443683929042
538,Dundas St W,Regional Highway 2,2,0,0,0,0.00698703212578769
539,Elginfield Rd,King's Highway 7,7,453,591619,1048000,0.0167546093391024
540,Regional Road 54,Hwy 58,58,0,0,0,0.00292743178255767
541,Highway 48,King's Highway 48,48,318,890770,2338000,0.0100086121673307
542,Richmond St,King's Highway 4,4,117,254780,589000,0.0136200264022603
543,Tc Hwy, ,17,619,4886227,21679000,0.0329354220772808
544,Highway 7,Highway 12,7,608,557029,1119000,0.0136678570457277
545,Richmond St,King's Highway 4,4,117,254780,589000,0.0131700036959704
546,Main St E,King's Highway 3,3,273,332387,488000,0.0104541667857467
547,Ramp, ,537,0,0,0,0.00165289475434521
548,Elginfield Rd,King's Highway 7,7,455,524423,1704000,0.010406638298284
549,Hwy 20, ,20,0,0,0,0.00508775752761187
550,Hwy 140, ,140,374,549232,1546000,0.0173982907084412
551,Hwy 12,Tc Hwy,12,339,966165,3279000,0.0153366318909792
552,Richmond St,King's Highway 4,4,117,254780,589000,0.00998226536512181
553,Highway 15, ,15,339,279397,371000,0.0261370851138773
554,Tc Hwy,King's Highway 12,12,252,532788,1411000,0.0134671105426679
555,Richmond St,King's Highway 4,4,295,218443,239000,0.00136180168084374
556,Pinnacle St,King's Highway 62,62,0,0,0,0.00321160305767696
557,Kingston Rd, ,2,0,0,0,0.0283765231687655
558,Tc Hwy,King's Highway 12,12,252,532788,1411000,0.0135294298787312
559,Elginfield Rd,King's Highway 7,7,455,524423,1704000,0.00117554795732085
560,Highway 62, ,62,349,163694,652000,0.00354310736048637
561,Highway 35,King's Highway 35,35,426,563130,1543000,0.00315637733123736
562,Mitchell Line,Hwy 23,23,263,159488,885000,0.00106668099453053
563,Highway 15, ,15,339,279397,371000,0.0307705993946238
564,Hwy 62,King's Highway 62,62,349,163694,652000,0.000308184243598731
565,Highway 7,Tc Highway,7,276,527823,968000,0.0128888434100724
566,County Road 93,Hwy 93,93,797,1913975,2722000,0.00181859741946741
567,Highway 12, ,12,405,506811,1577000,0.00125783822489818
568,Highway 7,Tc Highway,7,493,318840,816000,0.0129999511567747
569,Highway 35,King's Highway 35,35,426,563130,1543000,0.00633976210833425
570,Pinnacle St,King's Highway 62,62,0,0,0,0.00305399956777729
571,King St E,Tc Hwy,7,0,0,0,0.00712264120295232
572,Highway 7,Tc Highway,7,285,380059,612000,0.0429884834948341
573,Highway 7,Tc Highway,7,285,380059,612000,0.0236986692571564
574,Highway 7,Tc Highway,7,465,5200147,2507000,0.0164278931514521
575,County Road 2,Highway 2,2,0,0,0,0.0422237889612111
576,Boundary Rd,Boundary Rd E,148,0,0,0,0.000796517266589787
577,Trafalgar Rd, ,148,0,0,0,0.00505577037474054
578,Lake  Nosbonsing Road, ,654,117,3550,24000,0.000221044117797617
579,Highway 11,Highway 17,17,936,7929180,28370000,0.0013145889919344
580,Highway 118, ,118,98,281026,506000,0.0218855531061063
581,Highway 28, ,28,161,668296,263000,0.00465495005234859
582,Elginfield Rd,King's Highway 7,7,334,446550,1013000,0.0174784966561352
583,Bay Bridge Rd,King's Highway 62,62,349,163694,652000,0.0129647525196111
584,Regional Road 7, ,7,0,0,0,0.0170563295971127
585,Hwy 37, ,37,167,1325835,3873000,0.00678091477799579
586,Hwy 33, ,33,39,81993,130000,0.0583711562462485
587,County Road 2, ,2,0,0,0,0.00705165897703278
588,County Road 41, ,41,0,0,0,0.021405528479615
589,Highway 7, ,7,265,1044689,1625000,0.00136159955932013
590,Highway 48,King's Highway 48,48,89,86414,852000,0.016756180467437
591,Coumbes St, ,60,0,0,0,0.00154118204179925
592,Coumbes St, ,60,0,0,0,0.000322502713150381
593,County Road 41,Highway 41,41,0,0,0,0.0061820597213322
594,Highway 15, ,15,313,257023,258000,0.0184270335976752
595,County Road 2, ,2,104,233074,1167000,0.00418828679536698
596,County Road 2, ,2,0,0,0,0.0278856835524994
597,Highway 7, ,7,333,3205409,8844000,0.0261155847777339
598,Highway 7, ,7,306,3136956,8844000,0.0106945736207107
599,Highway 15, ,15,353,124937,371000,0.00771101635213324
600,Hwy 2, ,2,0,0,0,0.00896451885514673
601,County Road 52,King's Highway 8,8,658,2289528,2767000,0.0342185245329045
602,Highway 7,Victoria St N,7,790,697954,3216000,0.0205328431857836
603,Wellington St E,King's Highway 7,7,0,0,0,0.00236149528899336
604,County Road 109,Hwy 9,9,0,0,0,0.00282899431283176
605,King St W,Highway 8,8,0,0,0,0.000185689746624416
606,Highway 8, ,8,403,2266227,2696000,0.0177742817600926
607,Regional Hwy 2,Highway 2,2,0,0,0,0.000621631725349977
608,Dundas St E,Regional Highway 2,2,0,0,0,0.000492220257651385
609,Dundas St E,Regional Highway 2,2,0,0,0,0.00915618437842874
610,County Road 2,Highway 2,2,0,0,0,0.0201292966218051
611,Main St E,Hwy 8,8,0,0,0,0.00840160108332834
612,Main St,Hwy 8,8,0,0,0,0.00133362787612072
613,Dundas St W,Hwy 5,5,1029,3116875,2265000,0.00244297919682189
614,Highway 600, ,600,10,0,0,0.000467385402014445
615,Dundas St E,Regional Road 5,5,0,0,0,0.00361985145087522
616,Regional Hwy 2,Highway 2,2,0,0,0,0.0107809292220202
617,Dundas St,Regional Road 5,5,0,0,0,0.0165314467584218
618,King St E,County Road 2,2,0,0,0,0.00623198922815908
619,County Road 2,Highway 2,2,0,0,0,0.0150917402568159
620,Simcoe County Road 4,Yonge St,11,0,0,0,0.0121125151734129
621,Highway 48,Highway 48,48,246,116344,59000,0.000490633264278538
622,Main St E,Hwy 10,10,851,3474377,6261000,0.0158334342876211
623,2nd Line East, ,17,0,0,0,0.00497659332276985
624,Highway 11, ,11,411,4082107,18625000,0.0226266895060135
625,Highway 11, ,11,334,3859800,18561000,0.0186537469814895
626,Highway 11, ,11,535,6868024,20577000,0.0889691722180583
627,Highway 17, ,17,265,3074144,21023000,0.0194587477072773
628,Central Ave, ,3,0,0,0,0.000121413516516022
629,Garrison Rd,Regional Road 3,3,0,0,0,0.000734129819221058
630,Highway 3,Talbot Rd,3,90,226271,977000,0.000932022442935347
631,Regional Road 20,Hwy 20,20,0,0,0,0.0202214172708176
632,Prince Charles Dr,Regional Road 54,58,0,0,0,0.00967170691930495
633,Kingston Rd,Regional Highway 2,2,0,0,0,0.00451944193481895
634,Highway 12, ,12,378,650637,2218000,0.0144571136374491
635,Highway 7,Highway 12,7,580,557029,1119000,0.000732605806681593
636,Hwy 35,King's Highway 35,35,225,696393,2502000,0.0134223864846048
637,Regional Road 7, ,7,0,0,0,0.0040335543015963
638,Hwy 35,King's Highway 35,35,243,628026,2407000,0.0281135416431798
639,Hwy 35,King's Highway 35,35,225,696393,2502000,0.0137146453712335
640,Highway 28, ,28,301,445652,128000,0.0189929683853712
641,King St W,County Road 2,2,0,0,0,0.00753317489113925
642,Kingston Rd,Regional Highway 2,2,0,0,0,0.000167047897310838
643,Hwy 60, ,60,168,383086,1092000,0.0127566640767618
644,Loyalist Pky,County Road 33,33,0,0,0,0.0273504174928166
645,County Road 33,Highway 33,33,0,0,0,0.000848247605334444
646,Dundas St W,County Road 2,2,0,0,0,0.000443436728289507
647,Regional Road 20,Hwy 20,20,0,0,0,0.00316011561211912
648,King St E,County Road 2,2,0,0,0,0.0100333562297752
649,Hwy 37, ,37,165,1182252,3928000,0.00830279879776338
650,Centre St N,County Road 41,41,0,0,0,0.00180807951983207
651,County Road 2, ,2,0,0,0,0.0394511901975739
652,Princess St, ,2,0,0,0,0.0191069730633294
653,County Road 58,Highway 62,62,0,0,0,0.0243507516617718
654,Highway 11,Highway 17,17,805,9267852,58212000,0.053890672654853
655,Hwy 60, ,60,168,383086,1092000,0.0188015401425099
656,Kingston Rd, ,2,0,0,0,0.0715359487728282
657,Kingston Rd, ,2,0,0,0,0.0276527714733192
658,Hwy 9,Highway 9,9,1212,3892242,9992000,0.0173850686002393
659,Hwy 9,Highway 9,9,1082,6125196,12172000,0.00923205924441867
660,Highway 12, ,12,305,688279,767000,0.00592170141564617
661,Highway 11, ,11,50,243534,448000,0.00111821558566244
662,Highway 66, ,66,150,595282,1111000,0.0229634357901404
663,Highway 11, ,11,442,5876165,20089000,0.113656843156318
664,Talbot Rd,King's Highway 3,3,227,1089458,2024000,0.00162755291750296
665,Hwy 3,King's Highway 3,3,164,927757,1289000,0.00962436456790286
666,Hwy 3,King's Highway 3,3,164,927757,1289000,0.00261017140817937
667,Highway 3,Concession 1 Rd,3,366,356034,726000,0.00174369430430278
668,Garrison Rd,King's Highway 3,3,193,560895,1313000,0.00288969535141321
669,County Road 3,Talbot Line,3,0,0,0,0.0395000523222425
670,County Road 2, ,2,0,0,0,0.00923204065772797
671,County Road 2,Highway 2,2,0,0,0,0.0351933612086869
672,Highway 15, ,15,293,266103,472000,0.0245207615925644
673,Highway 15, ,15,435,124937,371000,0.000773853965571475
674,Dundas St W,County Road 2,2,0,0,0,0.00296767757477601
675,King St E,County Road 2,2,0,0,0,0.0037796077727565
676,Highway 7, ,7,246,1230497,1553000,0.00160131379062541
677,Tc Hwy, ,17,624,4630604,13925000,0.00115865866933429
678,Highway 11,Highway 17,17,797,7034849,27246000,0.00725482833929841
679,Cassells Street, ,63,0,0,0,0.00713023147476701
680,Cassells Street, ,63,0,0,0,0.00449027520589519
681,Cassells Street, ,63,0,0,0,0.00230065621034484
682,Highway 17, ,17,630,3368207,14788000,0.374452097711676
683,County Road 49,Highway 49,49,0,0,0,0.00760084179758334
684,Hwy 9, ,9,507,760719,1200000,0.0232939761124378
685,Dunnville Rd,King's Highway 3,3,280,596856,1133000,0.0133538786278919
686,Hwy 23,164 Road,23,314,315108,1235000,0.00402637566266844
687,Highway 7,Tc Highway,7,286,505121,865000,0.00147378424472685
688,Highway 7, ,7,242,1523065,1566000,0.0120181765052139
689,Loyalist Pky,County Road 33,33,0,0,0,0.00994681645855251
690,Dundas St W,County Road 2,2,0,0,0,0.00721436904468833
691,Highway 101, ,101,11,15977,82000,0.047396790583793
692,Highway 101, ,101,23,52032,121000,0.0760142287141743
693,County Road 2, ,2,3582,41540087,165251000,0.0336780093846693
694,Centennial Pky S,Hwy 20,20,0,0,0,0.000132230473093008
695,Talbot Line,King's Highway 3,3,196,1377428,3323000,0.0119075785647748
696,Canboro Rd,Regional Road 20,20,0,0,0,0.00855395083885769
697,Frankford Rd,County Road 33,33,0,0,0,0.00469159882261393
698,Hwy 140, ,140,599,734485,1727000,0.00871844203915575
699,Dundas St W,Hwy 5,5,0,0,0,0.00057924951444491
700,Highway 60, ,60,135,641333,1060000,0.000662292986548339
701,Centre St N,County Road 41,41,0,0,0,0.00898134214804831
702,Plank Line,King's Highway 19,19,524,2680116,11227000,0.0161241121213465
703,Yonge St,County Road 1,11,0,0,0,0.000618954285903525
704,Highway 17, ,17,292,3174543,21108000,0.00524902895843747
705,Bloor St W,Hwy 5,5,0,0,0,0.00364082806843589
706,Talbot Line,King's Highway 3,3,195,1367194,3319000,0.0102174796379349
707,Talbot Rd,King's Highway 3,3,195,1367194,3319000,0.0173207251280228
708,Plank Line,King's Highway 19,19,397,2281746,5031000,0.0100727895169575
709,Winchester Rd W,King's Highway 7,7,557,315305,548000,0.000639810128110119
710,Highway 17, ,17,408,3970137,25024000,0.00336676108121361
711,County Road 2,Highway 2,2,0,0,0,0.0279894668390587
712,County Road 2,Highway 2,2,0,0,0,0.005142164313564
713,York Rd,King's Highway 7,7,0,0,0,0.00659601141039577
714,Highway 48, ,48,511,433378,2244000,0.0180452518764138
715,Highway 569, ,569,30,0,0,0.000761081706540726
716,Highway 12, ,12,405,506811,1577000,0.00582880235568041
717,Highway 7,Highway 12,7,717,386197,708000,0.00167908784759837
718,Main St N,King's Highway 7,7,0,0,0,0.00931654901522914
719,Guelph St,King's Highway 7,7,0,0,0,0.0108627779552778
720,Highway 7,Tc Highway,7,427,4973036,2695000,0.01673689030367
721,Hurontario St,Highway 10,10,0,0,0,0.0134923236382686
722,Dundas St W,Hwy 5,5,1029,3116875,2265000,0.0173185446402785
723,Hwy 37, ,37,165,1182252,3928000,0.00871258701442236
724,Hwy 37, ,37,165,1182252,3928000,0.00373803576350548
725,Forks Rd,King's Highway 3,3,238,1547217,1643000,0.00418267547166564
726,County Road 17,Hwy 21,21,0,0,0,0.0172729381510161
727,Dundas St W,Hwy 5,5,1155,2504813,1912000,0.000983609708114708
728,Sunset Rd,County Road 4,4,0,0,0,0.00153577307504334
729,Highway 3,Concession 1 Rd,3,366,356034,726000,0.00635389223440927
730,Main St E,King's Highway 3,3,273,332387,488000,0.0014135006190463
731,Main St E,King's Highway 3,3,273,332387,488000,0.00141840252114966
732,Regional Road 525,HIghway 58A,58,395,773338,1397000,0.0274232185180916
733,Hwy 41, ,41,130,260852,948000,0.00108234421511529
734,Mackay St,Highway 41,41,0,0,0,0.00287987653071632
735,O'brien Rd, ,60,246,552799,1678000,0.0151728388535438
736,Queenston Rd,Hwy 8,8,0,0,0,0.00542375736883951
737,Highway 20 E,Regional Road 20,20,0,0,0,0.0107826758763551
738,Hwy 8,Queenston Rd,8,0,0,0,0.0111871441135752
739,Highway 15, ,15,204,260530,405000,0.000608266389004868
740,Highway 15, ,15,293,266103,472000,0.00588225902762791
741,Dundas St E,Regional Road 5,5,0,0,0,0.025058884627035
742,Schumacher Drive, ,101,0,0,0,0.015684196809639
743,Highway 118 W, ,118,139,12618,349000,0.00200886659587475
744,Highway 118 W, ,118,139,12618,349000,8.36301381512823e-05
745,Highway 7,Main St S,7,215,5867,220000,0.00932768873434331
746,Bath Rd, ,33,0,0,0,0.00109027468920121
747,Barrie St, ,11,0,0,0,0.0126695584435912
748,Forks Rd,King's Highway 3,3,256,1754686,2260000,0.0101219117026289
749,Highway 20 E,Regional Road 20,20,0,0,0,0.00931577992045734
750,Highway 3,Concession 1 Rd,3,356,212245,647000,0.00854420585781655
751,Highway 3,Concession 1 Rd,3,364,248076,712000,0.00145685771411021
752,Regional Road 7,Highway 7,7,0,0,0,0.00657183441774088
753,Regional Road 7,Highway 7,7,0,0,0,0.0153642264773612
754,Woodlawn Rd W,King's Highway 7,7,0,0,0,0.0095915537496232
755,Woodlawn Rd W,King's Highway 7,7,0,0,0,0.000253804219807741
756,Highway 6, ,6,436,2106244,6030000,0.000428164687946421
757,Cassells Street, ,63,0,0,0,0.000483009316685254
758,Regional Road 7, ,7,0,0,0,0.000927871013699497
759,Highway 3,Essex Bypass,3,846,738085,2714000,0.0023648864036283
760,Highway 3,Essex Bypass,3,846,738085,2714000,0.0191252541817185
761,Talbot Rd,King's Highway 3,3,838,632174,2220000,0.0168318502552604
762,County Road 2,Highway 2,2,0,0,0,0.0277530039459667
763,Regional Road 5,Hwy 5,5,227,79967,87000,0.000104889761165624
764,County Road 3,Talbot Trail,3,0,0,0,0.00514979611248197
765,Highway 21,Bluewater Hwy,21,131,102940,538000,0.00558254392550224
766,Highway 10,Hwy 24,10,935,3799078,6990000,0.0240307483404292
767,Hwy 9, ,9,1192,3890403,9991000,0.00127497843115889
768,Loyalist Pky,County Road 33,33,0,0,0,0.0197083870528896
769,Loyalist Pky,County Road 33,33,0,0,0,0.0022256463964178
770,Huron Rd,King's Highway 8,8,374,1867464,2622000,0.0141804815834859
771,North Front St N, ,62,0,0,0,0.00231466977575105
772,Guelph St,King's Highway 7,7,0,0,0,0.000634615997234905
773,Guelph St,King's Highway 7,7,0,0,0,0.000591571679497257
774,County Road 2,Highway 2,2,0,0,0,0.000470790913245804
775,Dundas St W,County Road 2,2,0,0,0,0.00337799718770539
776,Dundas St E,County Road 2,2,0,0,0,0.00521146013047905
777,County Road 2,Highway 2,2,0,0,0,0.000420396241674593
778,County Road 33,Highway 33,33,0,0,0,0.0133759892242975
779,County Road 33,Highway 33,33,0,0,0,0.00171125607086614
780,Talbot Trail,County Road 3,3,0,0,0,0.0317108546518077
781,Highway 77, ,77,559,1378772,2153000,0.0125499218821112
782,164 Road,Hwy 23,23,314,315108,1235000,0.0202266811935935
783,Queensway W,King's Highway 3,3,0,0,0,0.00743656570546772
784,Queensway W,King's Highway 3,3,0,0,0,0.00785245169523215
785,Highway 3,Essex Bypass,3,470,800379,1185000,0.000154323387765385
786,Norfolk St N,King's Highway 24,24,349,660969,740000,0.00170413297134942
787,Highway 24, ,24,370,771450,2481000,0.00174602742365055
788,Highway 24, ,24,370,771450,2481000,0.000405434334951541
789,Hwy 6,King's Highway 6,6,156,490764,2335000,0.0119058538104702
790,Highway 3 E,S Talbot Rd,3,817,564026,1655000,0.0163504309704227
791,Highway 3, ,3,723,499058,1507000,0.0171426605758793
792,Highway 3,Talbot Rd E,3,0,0,0,0.00283939843697644
793,Highway 3, ,3,436,510504,876000,0.0206556483665617
794,Highway 3, ,3,436,510504,876000,0.0239077796376748
795,York Rd,King's Highway 7,7,0,0,0,0.0111724802842315
796,Highway 77, ,77,496,2176256,2494000,0.00894401257584123
797,Highway 77,County Road 8,77,543,2248017,2660000,0.00195914598741585
798,County Road 2,Highway 2,2,0,0,0,0.000619542573165746
799,County Road 2,Highway 2,2,0,0,0,0.00722842598446419
800,Talbot Rd E,County Road 34,3,0,0,0,0.0263802772007377
801,County Road 41, ,41,0,0,0,0.00945345635714894
802,County Road 41, ,41,0,0,0,0.00934197301722862
803,Talbot Rd E,County Road 34,3,0,0,0,0.0262921430758683
804,Highway 17, ,17,157,464141,1225000,0.0133107470900784
805,Bloor St W,Hwy 5,5,0,0,0,0.00302469900683204
806,Cornelia St E, ,15,0,0,0,0.00269372975629853
807,Elmsley St N, ,15,0,0,0,0.00453868539295674
808,Highway 17, ,17,354,3219605,22737000,0.0157326553075225
809,Highway 17, ,17,357,3161772,21292000,0.0344827125603586
810,Lombard St, ,15,0,0,0,0.00466366878154986
811,Talbot St E,King's Highway 3,3,0,0,0,0.0029486951192194
812,Talbot Rd,King's Highway 3,3,741,487184,1518000,0.0222723828531157
813,Highway 7, ,7,662,1396506,15991000,0.000723249117509483
814,Highway 6, ,6,524,3791161,14540000,0.000274235887463908
815,Highway 48,King's Highway 48,48,597,274628,802000,0.00899457237581242
816,County Road 2,Highway 2,2,0,0,0,0.000101867561055272
817,Garrison Rd,King's Highway 3,3,229,560895,1313000,0.0118875938029599
818,Garrison Rd,King's Highway 3,3,193,560895,1313000,0.010275617355004
819,Forest Rd,King's Highway 21,21,198,439547,1016000,0.0228728163525303
820,Forest Rd,King's Highway 21,21,211,550332,1045000,0.022773827508159
821,Regional Road 24, ,24,0,0,0,0.0136602274097728
822,Forest Rd,King's Highway 21,21,211,550332,1045000,0.00840690251091783
823,Forest Rd,King's Highway 21,21,211,550332,1045000,0.000967434752324164
824,Forest Rd,King's Highway 21,21,211,550332,1045000,0.00127586610345484
825,Dundas St,Regional Road 5,5,227,79967,87000,0.00449473339611396
826,King St E,King's Highway 21,21,0,0,0,0.00990674702999072
827,Osler Dr,Hwy 8,8,0,0,0,0.00128132571195654
828,Main St W,Hwy 8,8,4674,18096839,65907000,0.00467740520670902
829,Rawlings Rd,King's Highway 21,21,236,362917,848000,0.0149454303411422
830,Hwy 26,Hwy 27,26,918,2220547,6032000,0.00600735374652851
831,County Road 27,Hwy 26,26,694,2193765,6025000,0.00239360870108976
832,Hwy 26, ,26,686,2096568,4958000,0.00276984862302203
833,Danforth Ave,Hwy 5,5,0,0,0,0.00247877230338558
834,Highway 28, ,28,265,516381,84000,0.0117388040614882
835,Tc Hwy, ,17,860,4630604,13925000,0.0265265391689986
836,164 Road,Hwy 23,23,307,207024,835000,0.0101722369699111
837,Highway 12, ,12,425,694045,804000,0.00126572139272658
838,Highway 11,Government Road,11,0,0,0,0.00996985073668451
839,Regional Hwy 2,Highway 2,2,0,0,0,0.00126516664280252
840,Highway 11, ,17,462,3194771,12486000,0.0756348289543607
841,Bloor St E,Hwy 5,5,0,0,0,0.00237714737995746
842,Yonge St, ,11,0,0,0,0.000403635974584404
843,Hurontario St,Hwy 10,10,1527,10109607,6909000,0.033265306802255
844,Bloor St E,Hwy 5,5,0,0,0,0.00120469124673681
845,Bloor St W,Hwy 5,5,0,0,0,0.00331736335968991
846,Bloor St W,Hwy 5,5,0,0,0,0.0012295222649751
847,Highway 61, ,61,617,2911498,560000,0.00256612567891221
848,Highway 7,Highway 12,7,865,98680,120000,0.0084447941658638
849,Kent St W,King's Highway 35,35,265,315629,282000,0.000611898684440102
850,Hwy 62, ,62,208,132510,604000,0.0133384985121068
851,Hwy 62, ,62,208,132510,604000,0.0100426039437908
852,King St E,Regional Highway 2,2,0,0,0,0.00340389339113556
853,Highway 21,Bluewater Hwy,21,177,302761,542000,0.00640974813633618
854,Bloor St W,Hwy 5,5,0,0,0,0.00755308905016511
855,Hwy 62, ,62,208,132510,604000,0.00390994040715852
856,Hwy 62, ,62,74,128623,313000,0.0384055799199123
857,Highway 7, ,7,246,1230497,1553000,0.00457440897547108
858,St. Lawrence St W, ,62,0,0,0,0.00144679576994208
859,Hwy 37, ,37,167,1325835,3873000,0.0142818628735791
860,County Road 49,Highway 49,49,83,66251,12000,0.0101546454353369
861,County Road 2,Highway 2,2,0,0,0,0.000662725480096138
862,Bloor St W,Hwy 5,5,0,0,0,0.00410622124928736
863,Highway 6,King's Highway 6,6,228,433897,721000,0.0169927940341074
864,Regional Hwy 2,Highway 2,2,0,0,0,0.00153439210629949
865,Regional Hwy 2,Highway 2,2,0,0,0,0.0106782531639132
866,King St E,Regional Highway 2,2,0,0,0,0.00735825852167998
867,Yonge St, ,11,0,0,0,0.000786084258842009
868,Norfolk St N,Regional Road 24,24,0,0,0,0.00304654497488296
869,Highway 11,Highway 17,17,814,8478383,54965000,0.0276595205436355
870,Dawson Road, ,102,0,0,0,0.00310548063721347
871,County Road 2,Highway 2,2,0,0,0,0.0146218599756591
872,Highway 11,Highway 17,17,637,7126228,37699000,0.00157793445586293
873,County Road 2,Highway 2,2,0,0,0,0.00501136462195933
874,Holland St E, ,11,0,0,0,0.00756019954983609
875,Portage Road, ,48,0,0,0,0.0527728757134993
876,Yonge St, ,11,0,0,0,0.00187131011537327
877,Yonge St, ,11,0,0,0,0.00133851260734612
878,Yonge St, ,11,0,0,0,0.0001065495847278
879,Yonge St, ,11,0,0,0,0.00179257374795954
880,Bloor St W,Hwy 5,5,0,0,0,0.00143306440327903
881,Yonge St, ,11,0,0,0,0.00292977677235782
882,Yonge St, ,11,0,0,0,0.000734832700716469
883,Yonge St, ,11,0,0,0,0.00141128271158754
884,County Road 31,Hwy 93,93,0,0,0,0.021109129800425
885,County Road 2,Highway 2,2,0,0,0,0.000226134915481811
886,2nd Line West, ,550,0,0,0,0.0210026570445498
887,2nd Line West, ,550,0,0,0,0.00531678923219452
888,2nd Line West, ,550,0,0,0,0.0104594388858166
889,2nd Line East, ,17,0,0,0,0.0266414935984004
890,Great Northern Road, ,17,0,0,0,0.014994807509696
891,Highway 17, ,17,281,3074144,21023000,0.00351357255451745
892,Trunk Road, ,17,0,0,0,0.00875861404243858
893,Highway 101, ,101,124,73663,179000,0.0776361640855613
894,Highway 101, ,101,212,162719,564000,0.00730195756956124
895,Highway 48,King's Highway 48,48,484,2024600,3048000,0.00211062763179288
896,Bloor St W,Hwy 5,5,0,0,0,0.00483064732976465
897,Bloor St E,Hwy 5,5,0,0,0,0.00260012767458198
898,Yonge St, ,11,0,0,0,0.00285270710871674
899,Yonge St, ,11,0,0,0,0.00160255882886371
900,Bloor St E,Hwy 5,5,0,0,0,0.00107917839114851
901,Highway 48,Highway 48,48,321,389258,2194000,0.000974459333161467
902,Yonge St, ,11,0,0,0,0.00132327019163493
903,Yonge St, ,11,0,0,0,0.00176280827091848
904,Yonge St, ,11,0,0,0,0.000755270150326083
905,County Road 109,Hwy 9,9,0,0,0,0.00969160956920913
906,County Road 109,Hwy 9,9,0,0,0,0.00376067078271313
907,County Road 109,Hwy 9,9,0,0,0,0.0012373498204132
908,Highway 12, ,12,378,650637,2218000,0.0218544762152722
909,Yonge St, ,11,0,0,0,0.00278814006103994
910,2nd Line West, ,550,67,197534,52000,0.0201391087950579
911,2nd Line West, ,550,70,0,0,0.00583369000636413
912,Highway 118 W, ,118,0,0,0,0.000842617944251205
913,None, ,118,0,0,0,0.0141666534807588
914,Highway 12,Tc Hwy,12,252,532788,1411000,0.0133676306904305
915,Highway 7,Tc Highway,7,493,318840,816000,0.0012001487007584
916,County Road 2, ,2,0,0,0,0.0104242271107999
917,County Road 2, ,2,0,0,0,0.0127259568228229
918,Main St N,Regional Road 68,48,0,0,0,0.00341509799972988
919,Kingston Rd,Highway 2,2,0,0,0,0.00217893154733518
920,Highway 7,Highway 12,7,799,372284,651000,0.00103010824478553
921,County Road 41, ,41,0,0,0,0.0123518192114045
922,County Road 41, ,41,0,0,0,0.0267288099005631
923,Highway 7a,Scugog St,7,562,701768,1090000,0.00281273839951025
924,Regional Hwy 2,Highway 2,2,0,0,0,0.0133686953288278
925,Kingston Rd W,Regional Highway 2,2,0,0,0,0.00510834808444624
926,County Road 41, ,41,0,0,0,0.00578922951834917
927,County Road 41, ,41,0,0,0,0.00455508456120466
928,County Road 41, ,41,0,0,0,0.00501051813712946
929,County Road 41, ,41,0,0,0,0.0201851556092332
930,County Road 41, ,41,0,0,0,0.0142607029383731
931,Tc Hwy,King's Highway 12,12,246,532788,1411000,0.0130637407322678
932,164 Road,Hwy 23,23,246,209441,992000,0.0207941067180016
933,Yonge St, ,11,0,0,0,0.00607885746830399
934,Yonge St,County Road 1,11,0,0,0,0.00416495764513111
935,Yonge St,County Road 1,11,0,0,0,0.00472290077067892
936,Bovaird Dr W,King's Highway 7,7,0,0,0,0.0112496013894794
937,Highway 35,King's Highway 35,35,444,563130,1543000,0.023184326939395
938,Yonge St,County Road 1,11,0,0,0,0.0187077036981022
939,Yonge St,County Road 1,11,0,0,0,0.00928909712858448
940,Kingston Rd,Regional Highway 2,2,0,0,0,0.00234799619547367
941,Richmond St,King's Highway 4,4,0,0,0,0.000474127643149544
942,Regional Hwy 2,Highway 2,2,0,0,0,0.00119504309543175
943,Hwy 9,County Road 4,9,172,133577,383000,0.000731010943825716
944,Highway 15, ,15,337,279397,371000,0.000634233032855958
945,Highway 141, ,141,109,492499,481000,0.00168025719374095
946,Highway 7, ,7,239,5867,220000,0.000798979188729829
947,Highway 8,Hwy 8,8,0,0,0,0.0118936445908088
948,Ontario Street, ,520,118,26,0,0.0016196239415083
949,Ferguson Road, ,520,390,7110207,17780000,0.000612434486329392
950,Hwy 62,King's Highway 62,62,238,192779,631000,0.0111304546328952
951,Highway 15, ,15,337,279397,371000,0.000588687523213374
952,Regional Road 20,Hwy 20,20,0,0,0,0.00112214537560815
953,Highway 522B, ,522,0,0,0,0.00272853605435282
954,Highway 534, ,534,92,298,1000,0.000204978047626683
955,Highway 7,Highway 12,7,865,98680,120000,0.00464205557917251
956,Baldwin St N,King's Highway 7,7,865,98680,120000,7.11767518190469e-05
957,Highway 7,Highway 12,7,865,98680,120000,0.000508008858158419
958,County Road 109,Hwy 9,9,0,0,0,0.019240590143981
959,Yonge St, ,11,0,0,0,0.00170794166058571
960,Yonge St,Simcoe County Road 4,11,0,0,0,0.0121596894212248
961,Yonge St,Simcoe County Road 4,11,0,0,0,0.007635197690193
962,County Road 3,Talbot Trail,3,0,0,0,0.0129598209518517
963,Hwy 7a, ,7,370,203029,256000,0.0237606043819104
964,Tc Hwy,King's Highway 7,7,0,0,0,0.0003436291605769
965,King St W,Tc Hwy,7,0,0,0,0.0048740826071974
966,Tc Hwy,King's Highway 7,7,493,318840,816000,0.00103238461824117
967,Highway 7,Tc Highway,7,679,530880,1166000,0.0024140458388356
968,County Road 41, ,41,0,0,0,0.0110521594354962
969,Highway 28, ,28,289,590805,152000,0.00304737083399895
970,Highway 118, ,118,126,11149,191000,0.0387563592734481
971,Yonge St, ,11,0,0,0,0.000157470257530234
972,Yonge St, ,11,0,0,0,0.00219516644196785
973,Highway 12, ,12,297,338294,1460000,0.000739393655621644
974,Yonge St, ,11,0,0,0,0.00429838836540965
975,Hwy 26,Hwy 27,26,922,2249575,6049000,0.00532683301579175
976,Guelph St,King's Highway 7,7,1065,1437409,3264000,0.0226850371912323
977,Victoria St,King's Highway 4,4,0,0,0,0.00529907919575698
978,Danforth Ave,Hwy 5,5,0,0,0,0.00245636418309319
979,Broadway,Hwy 9,9,0,0,0,0.00010793539736422
980,Highway 24, ,24,370,771450,2481000,0.0130454745197204
981,Highway 24, ,24,404,837274,2518000,0.0128678532152443
982,Highway 24, ,24,404,837274,2518000,0.0108461339359016
983,Huron Rd,King's Highway 8,8,288,337889,443000,0.0226572888768986
984,Hwy 62, ,62,208,132510,604000,0.0129926054146937
985,Highway 6,King's Highway 6,6,148,501680,886000,0.0173781484423652
986,Canboro Rd,Regional Road 20,20,0,0,0,0.0113372966076446
987,Dundas St W,Hwy 5,5,0,0,0,0.000262819329549993
988,Hwy 35,King's Highway 35,35,390,1065127,5683000,0.0290052320422908
989,County Road 2,Highway 2,2,0,0,0,0.00921879051522511
990,Dundas St,King's Highway 8,8,0,0,0,0.00094396630768594
991,Huron Rd,King's Highway 8,8,288,337889,443000,0.0101023027814292
992,Vincent Massey Dr, ,2,0,0,0,0.0023625285771437
993,Highway 7,Tc Highway,7,240,473465,600000,0.0164973597891335
994,Kincardine Hwy,County Road 4,9,79,43760,175000,0.00587219654918601
995,Highway 655, ,655,218,257371,499000,0.0397428077384402
996,Highway 10, ,10,290,820459,2422000,0.0232227080363821
997,Highway 69, ,69,693,5421675,19662000,0.0980420658402484
998,County Road 2, ,2,3582,41540087,165251000,0.000713815428489894
999,Huron Rd,King's Highway 8,8,264,195914,339000,0.0131451898339558
1000,Highway 7,Tc Highway,7,1035,5901589,2911000,0.00176254554665775
1001,Merritt Rd,Hwy 58,58,0,0,0,0.00151055454785888
1002,Talbot Rd,King's Highway 3,3,712,507160,1685000,0.00189884957012816
1003,County Road 2,Highway 2,2,0,0,0,0.0181854716530751
1004,Broad St E,King's Highway 3,3,163,414420,908000,0.00215337412345229
1005,Highway 48,King's Highway 48,48,318,890770,2338000,0.0185613864989235
1006,Opeongo Line, ,60,0,0,0,0.0113330973179532
1007,Talbot Line,King's Highway 3,3,333,920128,2910000,0.00217260505720135
1008,Highway 48,King's Highway 48,48,335,516658,2218000,0.0163732706724175
1009,Hwy 7a, ,7,370,203029,256000,0.0325374869452962
1010,Highway 10, ,10,290,820459,2422000,0.000922837757151086
1011,Highway 10, ,10,290,820459,2422000,0.0016016415809774
1012,Highway 7,Tc Highway,7,627,530400,1234000,0.00119639541961592
1013,Highway 48,King's Highway 48,48,871,397941,2212000,0.0204696560907404
1014,Highway 7,Tc Highway,7,465,5200147,2507000,0.0166739840881735
1015,County Road 3,Talbot Trail,3,0,0,0,0.0140354454370955
1016,Sunset Rd,King's Highway 4,4,536,1819272,5540000,0.0135629734190964
1017,Highway 6,King's Highway 6,6,209,291707,817000,0.0183878746708104
1018,Highway 6,Berford St,6,0,0,0,0.010963303635696
1019,Wharncliffe Rd S,King's Highway 4,4,0,0,0,0.0249983018248824
1020,County Road 3,Talbot Trail,3,0,0,0,0.0237742226725323
1021,County Road 3,Talbot Trail,3,0,0,0,0.0232342154326912
1022,Highway 10, ,10,414,908882,2546000,0.0229452177089799
1023,Talbot Line,King's Highway 3,3,293,992933,2994000,0.0319571619538076
1024,Forks Rd,King's Highway 3,3,256,1754686,2260000,0.00013201515065425
1025,Highway 10, ,10,414,908882,2546000,0.022970609373092
1026,164 Road,Hwy 23,23,269,196900,998000,0.0190795334584154
1027,County Road 21,Hwy 21,21,0,0,0,0.00329079424183396
1028,Main St W,King's Highway 3,3,175,733698,1625000,0.0108224248735974
1029,Hwy 23,164 Road,23,268,330892,1166000,0.00197723189992107
1030,Highway 11,Central Avenue,11,0,0,0,0.00157013702811447
1031,Yonge St, ,11,0,0,0,0.00313025221637637
1032,Main St W,Regional Road 3,3,238,627419,1471000,0.0082645152609037
1033,Talbot Line,County Road 3,3,0,0,0,0.0131811400383916
1034,Yonge St, ,11,0,0,0,0.00252774128660045
1035,Regional Road 24, ,24,0,0,0,0.0287316864536163
1036,Highway 6,King's Highway 6,6,228,433897,721000,0.0169207879113795
1037,County Road 109,Hwy 9,9,0,0,0,0.00580347605113319
1038,Highway 10,Hwy 24,10,638,3066848,4103000,0.0276507112573946
1039,Regional Road 20,Hwy 20,20,0,0,0,0.0261820978998599
1040,King St W,Highway 8,8,0,0,0,0.000627250951345896
1041,Highway 7, ,7,260,1853360,4997000,0.0151154216323985
1042,Highway 77, ,77,579,3313233,10455000,0.00270256315450895
1043,Yonge St, ,11,0,0,0,0.00286984772593217
1044,Hwy 20, ,20,0,0,0,0.0011710789196386
1045,Main St W,Hwy 8,8,0,0,0,0.0113647034083488
1046,County Road 109,Hwy 9,9,0,0,0,0.00206919718732113
1047,Division St,County Road 33,33,0,0,0,0.000656694929192528
1048,County Road 33,Highway 33,33,0,0,0,0.000354189214933352
1049,Highway 7,Tc Highway,7,693,5188846,2524000,0.0167535680287936
1050,Dundas St W,Hwy 5,5,0,0,0,0.000684130820794402
1051,Hwy 9,Highway 9,9,1082,6125196,12172000,0.00460303064078112
1052,Highway 6,King's Highway 6,6,419,443859,153000,0.00952828453794075
1053,Highway 12, ,12,412,402373,1317000,0.000144838827696382
1054,Highway 12, ,12,412,402373,1317000,0.00153481140732797
1055,Highway 141, ,141,52,81890,107000,0.00217783106490358
1056,Main St E,Hwy 10,10,0,0,0,0.00118846539702105
1057,Monteith Road, ,577,2,10763,10000,0.0951599609153581
1058,Bloor St W,Hwy 5,5,0,0,0,0.000417594513845604
1059,Hwy 8,Queenston Rd,8,0,0,0,0.0104422044479122
1060,Hwy 62, ,62,252,192779,631000,0.00715023682666165
1061,Elginfield Rd,King's Highway 7,7,453,591619,1048000,0.0197286281617925
1062,Highway 21,Bluewater Hwy,21,243,165416,1719000,0.0152792679786002
1063,Elginfield Rd,King's Highway 7,7,462,386706,1000000,0.00116657565037118
1064,Highway 7, ,7,239,1044689,1625000,0.0110413765874039
1065,Hwy 59,King's Highway 3,3,216,1052468,1427000,0.0289921600357748
1066,Victoria St N,King's Highway 21,21,0,0,0,0.0024220528483325
1067,Forks Rd,King's Highway 3,3,259,2047828,2866000,0.00799351937807332
1068,Highway 7, ,7,260,1853360,4997000,0.0102016442213188
1069,Kingston Rd, ,2,0,0,0,0.0525271201388314
1070,Highway 8, ,8,403,2266227,2696000,0.0117781810082633
1071,Hwy 37, ,37,187,1523926,4049000,0.00558452237352294
1072,Hwy 93,Highway 93,93,339,1232979,3275000,0.00152516728065982
1073,Hwy 8,Queenston Rd,8,0,0,0,0.0105471872209719
1074,Vincent Massey Dr, ,2,0,0,0,0.012112156008916
1075,Hwy 89, ,89,322,1434572,4237000,0.0156939935575116
1076,Highway 11,Highway 17,17,864,8478383,54965000,0.00364540529049335
1077,Highway 7,Tc Highway,7,280,411201,653000,0.0145300775698187
1078,Hwy 9, ,9,1001,2142756,5283000,0.000828032818160066
1079,Hwy 37, ,37,174,1325835,3873000,0.00701244365847726
1080,County Road 2, ,2,0,0,0,0.000975293863423371
1081,Hwy 23,164 Road,23,268,330892,1166000,0.00220661203434514
1082,164 Road,Hwy 23,23,268,330892,1166000,0.0206688029853753
1083,Hwy 62,King's Highway 62,62,192,107591,604000,0.00794935689240228
1084,164 Road,Hwy 23,23,256,271393,1098000,0.0206727108325716
1085,County Road 119,King's Highway 7,7,379,828087,2923000,0.0073784234230517
1086,164 Road,Hwy 23,23,314,315108,1235000,0.0271119539312688
1087,Yonge St, ,11,0,0,0,0.000182389500795802
1088,Yonge St, ,11,0,0,0,0.00154534688661357
1089,Yonge St, ,11,0,0,0,0.00204444570438451
1090,County Road 119,King's Highway 7,7,379,828087,2923000,0.0012934701388148
1091,Richmond St,King's Highway 4,4,391,149674,626000,0.0185858671837742
1092,Main St E,Hwy 8,8,0,0,0,0.0100463585968331
1093,Yonge St, ,11,0,0,0,0.00141695342191908
1094,Loudon Rd,King's Highway 4,4,183,150178,235000,0.0123768157315191
1095,Highway 7, ,7,288,1941599,5251000,0.0105544681007498
1096,Loudon Rd,King's Highway 4,4,183,150178,235000,0.00600590956404306
1097,County Road 2,Highway 2,2,0,0,0,0.0156372493030222
1098,Loudon Rd,King's Highway 4,4,495,97820,408000,0.0187648203983975
1099,Hwy 8,Queenston Rd,8,0,0,0,0.00462197029802953
1100,Loudon Rd,King's Highway 4,4,494,73962,62000,0.0185644820400142
1101,County Road 33,Highway 33,33,0,0,0,0.00141526237353985
1102,Loudon Rd,King's Highway 4,4,494,73962,62000,0.0185982109847328
1103,Queenston Rd,Hwy 8,8,0,0,0,0.00718018897593705
1104,Loudon Rd,King's Highway 4,4,494,73962,62000,0.0185713086344216
1105,Highway 7, ,7,274,3465569,2047000,0.0152846350763963
1106,Talbot Trail,County Road 3,3,0,0,0,0.0446021604288885
1107,County Road 2,Highway 2,2,0,0,0,0.0150721334835673
1108,Highway 15, ,15,337,279397,371000,0.010401685772354
1109,Hwy 48,King's Highway 48,48,388,433378,2244000,0.00106072050982672
1110,County Road 41,Highway 41,41,0,0,0,0.00266072553491703
1111,Yonge St, ,11,0,0,0,0.000231671750552645
1112,Bovaird Dr W,King's Highway 7,7,0,0,0,0.00716924890879558
1113,County Road 2, ,2,0,0,0,0.00112348565633024
1114,Highway 20 E,Regional Road 20,20,0,0,0,0.00228105061011445
1115,Yonge St,Simcoe County Road 4,11,0,0,0,0.0126493886608924
1116,Main St N,Highway 10,10,0,0,0,0.0116636042742498
1117,Yonge St,Simcoe County Road 4,11,0,0,0,0.0127732917072435
1118,Highway 20 E,Regional Road 20,20,0,0,0,0.0103165178820368
1119,Yonge St,County Road 1,11,0,0,0,0.00567622703086274
1120,Hwy 9,Highway 9,9,1082,6125196,12172000,0.00729755680372771
1121,Hwy 3,King's Highway 3,3,156,1044392,1621000,0.00136815726363552
1122,Regional Road 20,Hwy 20,20,0,0,0,0.0146657333323313
1123,Main St W,King's Highway 3,3,0,0,0,0.000926455709727082
1124,Forks Rd,King's Highway 3,3,256,1754686,2260000,0.0100952808993243
1125,King St,King's Highway 3,3,355,1162578,1782000,0.00725547701438308
1126,County Road 2,Highway 2,2,0,0,0,0.00178834252869178
1127,Main St W,King's Highway 3,3,0,0,0,0.000294008857003661
1128,164 Road,Hwy 23,23,246,209441,992000,0.0207484789298108
1129,Hwy 140, ,140,374,549232,1546000,0.00182944164104699
1130,Hwy 8,Queenston Rd,8,0,0,0,0.010687659686548
1131,Main St W,Regional Road 3,3,175,733698,1625000,0.00398527544742002
1132,Highway 15, ,15,316,257023,258000,0.00532070683407788
1133,Westside Rd,King's Highway 58,58,369,113782,95000,4.89999999899737e-05
1134,Hwy 8,Queenston Rd,8,0,0,0,0.00603919188118707
1135,Garrison Rd,King's Highway 3,3,0,0,0,0.00551565038905585
1136,County Road 2, ,2,0,0,0,0.0402682250349236
1137,Queen St E,Regional Road 107,7,0,0,0,0.00352120722002761
1138,Yonge St, ,11,0,0,0,0.0028505217494402
1139,Loudon Rd,King's Highway 4,4,348,555465,845000,0.0185937898930722
1140,Highway 69, ,69,677,5577221,20225000,0.000619535688986376
1141,Loudon Rd,King's Highway 4,4,238,546828,795000,0.0186056097040738
1142,Yonge St, ,11,0,0,0,0.000780862343781065
1143,Highway 69, ,69,585,5541802,20076000,0.0262537240628246
1144,164 Road,Hwy 23,23,263,159488,885000,0.0207696389345427
1145,Tc Hwy, ,17,523,5178313,21789000,0.0211641997402938
1146,Highway 69, ,69,585,5541802,20076000,0.000983245664133497
1147,164 Road,Hwy 23,23,266,159488,885000,0.0207599384765763
1148,41 Hwy, ,41,98,76370,325000,0.0132150403576238
1149,164 Road,Hwy 23,23,269,196900,998000,0.0209454617481163
1150,County Road 2, ,2,104,233074,1167000,0.000202785063536992
1151,Highway 8, ,8,306,1188208,1387000,0.0237373535201199
1152,Hwy 41,Walford Rd,41,170,249422,894000,0.0192295645705721
1153,Ontario St,King's Highway 8,8,327,1330154,1661000,0.0237429780474574
1154,Highway 518, ,518,10,1914,18000,0.00100807241808328
1155,Huron Rd,King's Highway 8,8,236,234355,371000,0.0171368892334513
1156,Hwy 60, ,60,190,383521,1093000,0.00554519645819579
1157,Loudon Rd,King's Highway 4,4,425,459177,644000,0.018568772123585
1158,Causley Street, ,17,577,6754407,40515000,0.00111751417171883
1159,Highway 15, ,15,337,279397,371000,0.00100973740449546
1160,Highway 21,Bluewater Hwy,21,296,422968,1906000,0.0185210229468532
1161,Highway 17, ,17,728,199296,162000,0.00207386648991782
1162,Huron Rd,King's Highway 8,8,264,195914,339000,0.00863835846440002
1163,Highway 15, ,15,303,257023,258000,0.0141847177295006
1164,Huron Rd,King's Highway 8,8,269,195914,339000,0.019172188324364
1165,Causley Street, ,17,402,4408270,24649000,0.000651604941654242
1166,County Road 2, ,2,104,233074,1167000,0.000679823941897521
1167,Highway 21,Bluewater Hwy,21,296,422968,1906000,0.0112238879310957
1168,Lawton Avenue, ,557,0,0,0,0.00284194035829218
1169,Highway 12, ,12,571,4315789,1846000,0.000806505205188587
1170,Highway 12, ,12,620,998377,858000,0.0166839360278911
1171,Highway 12, ,12,480,987516,851000,0.00809195969686256
1172,Secord Road, ,7042,11,0,0,0.00251735992060218
1173,Secord Road, ,7042,11,0,0,0.000792729504929768
1174,Secord Road, ,7042,11,1452,6000,0.00117910151811236
1175,Ramp, ,537,0,0,0,0.000210060852151612
1176,Ramp, ,537,137,54938,354000,0.00171514134791743
1177,Highway 144, ,144,582,807782,766000,0.0567230367002166
1178,Bridge St, ,15,0,0,0,0.00290967791177788
1179,Highway 7, ,7,662,1396506,15991000,0.00557805191051363
1180,Regional Road 20,Hwy 20,20,0,0,0,0.0133388892712652
1181,Hwy 9,County Road 4,9,231,268259,540000,0.021528706886509
1182,Kincardine Hwy,County Road 4,9,79,43760,175000,0.00322830524579588
1183,Highway 21, ,21,232,240593,2276000,0.016620908908569
1184,Highway 21, ,21,232,240593,2276000,0.00875217535247918
1185,Bloor St W,Hwy 5,5,0,0,0,0.003331411936742
1186,Highway 21, ,21,232,240593,2276000,0.0158880910869339
1187,Highway 21, ,21,232,240593,2276000,0.0094913395565381
1188,Highway 21, ,21,211,240593,2276000,0.0101335968506343
1189,Canboro Rd,Regional Road 20,20,0,0,0,0.00856406514163585
1190,Main St,King's Highway 3,3,216,1052468,1427000,0.000222765706546452
1191,Highway 7, ,7,313,313302,543000,0.0154783231976798
1192,Colonel Talbot Rd,King's Highway 4,4,0,0,0,0.0011421541052087
1193,Highway 10,Hwy 24,10,637,2969141,4339000,0.00194526617561927
1194,Dundas St W,Hwy 5,5,0,0,0,0.00647357404930803
1195,Dundas St W,Hwy 5,5,0,0,0,0.000703568759922117
1196,Simcoe County Road 4,Yonge St,11,0,0,0,0.0126450692328216
1197,Woodbine Ave,Highway 2,2,0,0,0,0.00560142643490482
1198,Highway 3,Talbot Rd,3,173,504830,699000,0.0444407340607096
1199,Hwy 6,King's Highway 6,6,269,490764,2335000,0.0196873258251577
1200,Regional Road 7, ,7,0,0,0,0.00461474159924641
1201,County Road 2,Highway 2,2,0,0,0,0.0356842584388403
1202,Toronto Rd,County Road 2,2,0,0,0,0.00812163750938521
1203,County Road 2,Highway 2,2,0,0,0,0.0102756780871107
1204,Peter St,County Road 2,2,0,0,0,0.0099862948570358
1205,County Road 2,Highway 2,2,0,0,0,0.020369743656812
1206,County Road 2,Highway 2,2,0,0,0,0.015080833018901
1207,County Road 2,Highway 2,2,0,0,0,0.014861780702242
1208,Talbot Rd,King's Highway 3,3,227,1089458,2024000,0.016550796932633
1209,County Road 2,Highway 2,2,0,0,0,0.00748052222749281
1210,County Road 2,Highway 2,2,0,0,0,0.00187265601164785
1211,County Road 2,Highway 2,2,0,0,0,0.00552873644982424
1212,County Road 2,Highway 2,2,0,0,0,0.0147213412078942
1213,County Road 2,Highway 2,2,0,0,0,0.0073589356871664
1214,County Road 2,Highway 2,2,0,0,0,0.011107546069436
1215,County Road 2,Highway 2,2,0,0,0,0.00483969323533774
1216,Regional Hwy 2,Highway 2,2,0,0,0,0.00307223076865112
1217,County Road 2, ,2,0,0,0,0.0585456699987001
1218,Woodlawn Rd W,King's Highway 6,6,0,0,0,0.0118555183587741
1219,Highway 17, ,17,704,464141,1225000,0.0159208116957451
1220,Highway 11, ,11,107,52706,15000,0.156383235037618
1221,St Clair Street, ,17,0,0,0,0.0100110131839843
1222,None, ,600,0,0,0,9.83514107604129e-05
1223,Highway 11, ,11,32,7026,14000,0.00219940194693479
1224,Main St,King's Highway 3,3,272,1339422,1736000,0.0094709414214004
1225,Highway 71, ,71,107,1493613,786000,0.165908339592223
1226,Highway 11,3rd Street West,11,0,0,0,0.000757444429644597
1227,Hwy 89, ,89,308,1177353,3344000,0.0237892565948942
1228,Highway 17, ,17,818,9300287,54294000,0.0650088043994164
1229,Highway 11, ,17,459,3215614,12566000,0.0293841818090881
1230,Highway 17, ,17,0,0,0,0.00170104921211142
1231,Highway 17, ,17,0,0,0,0.000402800198604545
1232,Highway 17 & 64, ,17,378,1369632,8606000,0.00503723295273583
1233,Front Street, ,17,0,0,0,0.00214451409694372
1234,Highway 599, ,599,16,77587,301000,0.0023783512773421
1235,Hwy 6,Main St N,6,156,490764,2335000,0.0157945540122445
1236,Hwy 6,Main St S,6,113,306067,336000,0.0157872311350286
1237,County Road 2,Highway 2,2,0,0,0,0.0157666396382192
1238,None, ,527,0,0,0,0.000847581669186904
1239,Bridge St,King's Highway 6,6,0,0,0,0.00286585503655645
1240,Highway 590, ,590,85,8591,6000,0.0741181853565164
1241,Hurontario St,Highway 10,10,0,0,0,0.00767532224104228
1242,Talbot Line,County Road 3,3,0,0,0,0.0222413815167425
1243,Highway 17, ,17,265,3074144,21023000,0.0411894534874715
1244,Highway 21, ,21,191,134619,1435000,0.0154467546373767
1245,Dundas St W,Regional Road 5,5,0,0,0,0.000143402301233975
1246,Hwy 89, ,89,309,1190720,3359000,0.0165672158515468
1247,Highway 21, ,21,147,134366,1434000,0.00161510756729279
1248,Highway 21, ,21,191,134619,1435000,0.020365859904391
1249,Highway 21, ,21,191,134619,1435000,0.020223062293809
1250,7th Line,Hwy 89,89,623,1538065,3976000,0.00167112566556128
1251,2nd Line East, ,550,0,0,0,0.0163507843429837
1252,Hwy 89, ,89,633,2042667,9524000,0.0129468914404945
1253,Owen Sound St,Hwy 10,10,320,1096832,2636000,0.0131090550643963
1254,Church Street East, ,638,25,0,0,0.022844031607822
1255,Highway 6, ,6,748,2599373,8000000,0.000267883448563812
1256,Highway 6, ,6,721,2393668,7507000,0.000243186315415856
1257,Ranger Lake Road, ,556,32,217723,151000,0.00285840736773225
1258,Highway 12, ,12,508,884293,2760000,0.0261768415071945
1259,Highway 48,King's Highway 48,48,0,0,0,0.00844984356446156
1260,Regional Road 46 S,King's Highway 6,6,2204,10547065,27851000,0.000108811764079347
1261,Highway 17, ,17,281,3074144,21023000,0.0122272366692191
1262,Highway 3, ,3,557,382305,922000,0.0280418531991128
1263,Highway 77, ,77,577,1419637,2406000,0.00522172894128163
1264,Hwy 26, ,26,230,27162,92000,0.0342494814661468
1265,Highway 77, ,77,559,1378772,2153000,0.0126407426218211
1266,Highway 77, ,77,497,2142627,2463000,0.0123725481539076
1267,Highway 77, ,77,556,1568298,2414000,0.0126153297754112
1268,Highway 77, ,77,496,2176256,2494000,0.0124447969587296
1269,Hwy 5,Dundas St W,5,1155,2504813,1912000,0.000650201507257974
1270,Highway 547, ,547,16,0,0,0.00552542111956679
1271,Hurontario Street,Highway 10,10,209,448126,1276000,0.00965146442608767
1272,Hurontario Street,Highway 10,10,91,677765,1954000,0.000156130128141496
1273,Hurontario Street,Highway 10,10,209,448126,1276000,0.000198093917124517
1274,Peter St,County Road 2,2,0,0,0,0.00604180350160537
1275,Dunlop St W,Hwy 27,11,0,0,0,0.00423604209917666
1276,Highway 6,King's Highway 6,6,1002,1390237,3823000,0.00762914117670662
1277,County Road 2, ,2,104,233074,1167000,0.000640348094385863
1278,Garrison Rd,King's Highway 3,3,193,560895,1313000,0.01638099500002
1279,Hwy 6,King's Highway 6,6,429,724954,3024000,0.0215639642374226
1280,Highway 518, ,518,140,0,0,0.00271630774656378
1281,Dundas St W,Regional Road 5,5,0,0,0,0.00978388881675409
1282,Highway 7, ,7,294,528393,906000,0.0244869557255172
1283,Hwy 60, ,60,210,246358,765000,0.0151657225621979
1284,Hwy 60, ,60,226,246358,765000,0.0161499069974807
1285,Hwy 26, ,26,695,3461007,5632000,0.00154914135638002
1286,Tc Hwy, ,17,522,5178313,21789000,0.0297250025526955
1287,Tc Hwy, ,17,522,5178313,21789000,0.0196219235730931
1288,Stewart St, ,60,190,383521,1093000,0.00868249753493671
1289,Tc Hwy, ,17,455,5165019,21786000,0.0105604759135892
1290,Tc Hwy,King's Highway 17,17,588,4710180,21253000,0.00512404722089261
1291,Highway  631, ,631,32,309975,260000,0.0289764083070998
1292,Broadway,Hwy 9,9,0,0,0,0.00606596931331358
1293,Broadway,Hwy 9,9,0,0,0,0.00199068279744247
1294,Hwy 148, ,148,130,57992,50000,0.0147014544334823
1295,Hwy 148, ,148,130,57992,50000,0.00818077121034769
1296,William St,County Road 2,2,0,0,0,0.00452564609307636
1297,Hwy 89, ,89,309,1190720,3359000,0.00635034034597507
1298,Woodbine Ave,Highway 2,2,0,0,0,0.00261535755723526
1299,Danforth Ave,Hwy 5,5,0,0,0,0.0110439955170332
1300,Danforth Ave,Hwy 5,5,0,0,0,0.0112328017571611
1301,Dundas St E,Hwy 5,5,0,0,0,0.00881497147174251
1302,Regional Road 20,Hwy 20,20,0,0,0,0.00988314721312174
1303,Highway 12, ,12,317,233704,1317000,0.00319746132860748
1304,Highway 12, ,12,260,882081,2727000,0.00238720851083334
1305,Forks Rd,King's Highway 3,3,256,1754686,2260000,0.0100078774760771
1306,Hwy 41, ,41,103,260852,948000,0.0371507868671372
1307,County Road 31,Hwy 93,93,0,0,0,0.0211083735024301
1308,Highway 7, ,7,527,1189807,6822000,0.00438493002568744
1309,Highway 15, ,15,380,129486,372000,0.00282536029847626
1310,Highway 15, ,15,380,129486,372000,0.00823523607562904
1311,Highway 7,Tc Highway,7,323,321444,590000,0.00148539754004199
1312,Hwy 9,Highway 9,9,1014,5890766,7219000,0.0251162083698133
1313,Hwy 9, ,9,76,0,0,0.0239319304989876
1314,Sugar Loaf St,King's Highway 3,3,149,976687,1375000,0.00119364986492253
1315,Forks Rd,King's Highway 3,3,259,2047828,2866000,0.0199886637912211
1316,Highway 144, ,144,546,1010981,9501000,0.00522000139465493
1317,Elora St,Hwy 9,9,507,760719,1200000,0.0232921206201695
1318,Hwy 3,King's Highway 3,3,164,927757,1289000,0.0101503060507833
1319,Highway 11, ,11,137,607037,46000,0.128293454635005
1320,Lakeview Drive, ,17,0,0,0,0.0272698890060623
1321,2nd Street South, ,17,0,0,0,0.00270411584959405
1322,Highway 61, ,61,639,365160,363000,0.000441039814507367
1323,Highway 61, ,61,64,539382,583000,0.00356510864435461
1324,Highway 599, ,599,18,88008,416000,0.00129837221703251
1325,Highway 11, ,17,335,4743570,8353000,0.0256954360059053
1326,Highway 61, ,61,153,520641,572000,0.0066380039180374
1327,Highway 77,County Road 8,77,543,2248017,2660000,0.0300601073003282
1328,Highway 3, ,3,961,578270,1611000,0.0190211503612501
1329,Colonel Talbot Rd,King's Highway 4,4,792,3995470,5619000,0.000594937240351352
1330,Highway 599, ,599,16,77587,301000,0.0100431657534102
1331,Trunk Road, ,17,0,0,0,0.0025598924945762
1332,Lakeshore Rd,King's Highway 21,21,272,796538,2409000,0.0182859365908799
1333,Highway 3,Essex Bypass,3,368,791594,960000,0.00998939854678495
1334,Highway 3,Essex Bypass,3,846,738085,2714000,0.0100352763191517
1335,Hwy 89, ,89,322,1434572,4237000,0.00919629394224983
1336,Highway 10, ,10,318,1070104,2616000,0.0182079178606298
1337,Hwy 93,Penetanguishene Rd,93,209,1478987,3401000,0.00105083062385061
1338,Talbot Rd,King's Highway 3,3,712,507160,1685000,0.00285792236038706
1339,Highway 3 E,S Talbot Rd,3,817,564026,1655000,0.0231382591364413
1340,Highway 3, ,3,723,499058,1507000,0.00926040995788002
1341,Highway 77, ,77,496,2176256,2494000,0.00158799999996972
1342,Highway 77, ,77,220,1286498,2647000,0.0123250252671781
1343,Modeland Rd,King's Highway 40,40,1129,2286783,3033000,0.00297818366657862
1344,Talbot Trail,County Road 3,3,0,0,0,0.00984801390129801
1345,Grand Ave E,County Road 2,40,0,0,0,0.00354109702775653
1346,Highway 559 West, ,559,388,96135,524000,0.00095277489468441
1347,William St,County Road 2,2,0,0,0,0.00379942600663573
1348,Communication Rd,King's Highway 40,40,356,2334270,5041000,0.00381612210677229
1349,Bridge Street West, ,28,0,0,0,0.00185808843490182
1350,County Road 3,Talbot Trail,3,0,0,0,0.0150814352561548
1351,Highway 26, ,26,437,1053036,971000,0.0035760931195607
1352,Hwy 26, ,26,298,974374,3559000,0.000613687065197231
1353,Hwy 26, ,26,280,972284,3557000,0.0012078684555494
1354,Hwy 26, ,26,763,5896891,7643000,0.0221741099993411
1355,Hwy 26, ,26,763,5896891,7643000,0.00103589175398924
1356,County Road 2, ,2,0,0,0,0.027864237919501
1357,Talbot Line,County Road 3,3,0,0,0,0.0214278156131254
1358,Yonge St, ,11,0,0,0,0.00122025116346676
1359,Highway 12, ,12,407,789587,771000,0.00115023678080885
1360,Highway 12, ,12,407,789587,771000,0.0102581337584874
1361,Highway 518, ,518,756,6100920,20550000,0.00248880797936282
1362,Highway 559 West, ,559,388,96135,524000,0.00176966741735634
1363,County Road 21,Hwy 21,21,0,0,0,0.0032437207616846
1364,Talbot Line,King's Highway 3,3,264,908267,2812000,0.0244247549758544
1365,Highway 11,Government Road,11,434,4299100,19024000,0.211327155391913
1366,Hurontario St,Hwy 10,10,1009,9953491,6754000,0.0114351276580758
1367,Hwy 9, ,9,1001,2142756,5283000,0.00964847518594402
1368,Hwy 9, ,9,1003,2145998,5293000,0.00178117029110528
1369,Highway 10,Hwy 9,10,946,5245432,9508000,0.00346883321276639
1370,Highway 10,Hwy 24,10,736,4004035,4968000,0.00175031195789287
1371,Highway 48,King's Highway 48,48,318,890770,2338000,0.000996904208028507
1372,King St E,King's Highway 21,21,0,0,0,0.00688825133369683
1373,Lakeshore Rd,King's Highway 21,21,328,747107,2361000,0.022075042291693
1374,Rawlings Rd,King's Highway 21,21,236,362917,848000,0.0149323928822997
1375,Plank Line,King's Highway 19,19,524,2680116,11227000,0.0195380186269696
1376,Talbot Line,County Road 3,3,341,936232,4589000,0.0248215399212125
1377,Talbot Line,County Road 3,3,0,0,0,0.0387933647001058
1378,Kingston Rd,Highway 2,2,0,0,0,0.0140916204002929
1379,Highway 48,King's Highway 48,48,694,274628,802000,0.0187842082203363
1380,Regional Hwy 2,Highway 2,2,0,0,0,0.0202929176820729
1381,Colonel Talbot Rd,King's Highway 4,4,0,0,0,0.000679458415215325
1382,Wharncliffe Rd S,King's Highway 4,4,0,0,0,0.000560557757948437
1383,Wharncliffe Rd S,King's Highway 4,4,0,0,0,0.000668946933621172
1384,Yonge St,County Road 1,11,0,0,0,0.00299759963868694
1385,Talbot Line,King's Highway 3,3,341,936232,4589000,0.0245508174598791
1386,Talbot Line,King's Highway 3,3,476,1458100,3890000,0.00118854680053867
1387,Woodlawn Rd W,King's Highway 6,6,0,0,0,0.00270640813630332
1388,Highway 6,King's Highway 6,6,592,287211,1448000,0.00371073570760721
1389,Hwy 26, ,26,230,27162,92000,0.0344405799967888
1390,Highway 10, ,10,413,908882,2546000,0.0052077347449788
1391,Paul Martin Dr,Highway 41,41,0,0,0,0.00728726310044615
1392,Highway 4,Main St,4,295,218443,239000,0.00592008305483251
1393,Richmond St,King's Highway 4,4,187,183693,352000,0.0187084542860749
1394,Richmond St,King's Highway 4,4,67,62092,302000,0.0128787655372949
1395,Richmond St,King's Highway 4,4,117,254780,589000,0.0142469912072998
1396,Richmond St,King's Highway 4,4,210,152887,150000,0.000854701117364452
1397,Elginfield Rd,King's Highway 7,7,455,524423,1704000,0.00182624066433304
1398,Main St S,King's Highway 4,4,483,75188,64000,0.0185678365062987
1399,164 Road,Hwy 23,23,263,159488,885000,0.0207338394026903
1400,Highway 7,Victoria St N,7,790,697954,3216000,0.0138466986492558
1401,County Road 109,Hwy 9,9,0,0,0,0.00926985171173314
1402,Huron Rd,King's Highway 8,8,233,234355,371000,0.00910125127515482
1403,Dundas St W,Hwy 5,5,1147,2464507,1805000,0.00931106984810269
1404,King St W,Highway 8,8,0,0,0,0.0023072491356685
1405,Highway 6, ,6,796,2564159,3963000,0.00866552960147019
1406,Highway 20 E,Regional Road 20,20,0,0,0,0.00369671987687454
1407,Hwy 5,Dundas St W,5,977,3861215,2435000,0.000195021921829588
1408,Highway 7, ,7,239,5867,220000,0.019109601556888
1409,Broadway,Hwy 9,9,0,0,0,0.00413697011906139
1410,Hurontario St,Highway 10,10,0,0,0,0.00437437604331067
1411,Highway 10,Hwy 24,10,637,2969141,4339000,0.011191365421623
1412,Regional Road 5,Hwy 5,5,0,0,0,0.000995036332963832
1413,County Road 119,King's Highway 7,7,379,828087,2923000,0.0154009352355979
1414,Highway 8, ,8,429,1876235,2588000,0.0235696693578009
1415,Highway 8, ,8,429,1876235,2588000,0.0236160692332498
1416,Guelph St,King's Highway 7,7,0,0,0,0.00968848118014422
1417,Oil Heritage Rd,County Road 21,21,0,0,0,0.0241987320050754
1418,Hurontario St,Hwy 10,10,1125,9951307,6722000,0.0332722940055493
1419,Ontario St,King's Highway 7,7,0,0,0,0.0166135945850088
1420,Hwy 9,Highway 9,9,1192,3892242,9992000,0.0109291951471428
1421,Hwy 9,Highway 9,9,1192,3892242,9992000,0.00160378356086403
1422,Ontario St,King's Highway 7,7,556,1890690,4339000,0.0150433666362671
1423,Hwy 9, ,9,1192,3890403,9991000,0.00210857793309304
1424,Highway 8,King's Highway 7,7,524,3390200,6622000,0.0252561144261684
1425,Hwy 9,Highway 9,9,1192,3892242,9992000,0.0139295238657028
1426,Highway 8,King's Highway 7,7,524,3390200,6622000,0.0252678982338605
1427,Hwy 9,Highway 9,9,1031,5890766,7219000,0.0152397465333235
1428,Highway 522, ,522,19,0,0,0.030093867329649
1429,Highway 141, ,141,52,81890,107000,0.000229782171915249
1430,Highway 17, ,17,506,7187572,41242000,0.317725845665429
1431,Hwy 9, ,9,507,760719,1200000,0.0225679300719517
1432,Algonquin Boulevard West, ,101,0,0,0,0.00759100991004161
1433,Forks Rd,King's Highway 3,3,256,1754686,2260000,0.000144013888197374
1434,Main St W,Hwy 23,23,0,0,0,0.0123372689578299
1435,Mitchell Ave,Hwy 23,23,322,1524549,2880000,0.000174774912384715
1436,Main St W,Hwy 23,23,0,0,0,0.000790334106607106
1437,Mitchell Ave S,Hwy 23,23,322,1524549,2880000,0.000504928707860428
1438,Highway 23,Hwy 87,23,178,1488884,1972000,0.0150401723336666
1439,Highway 23,Highway 23,23,252,571992,1181000,0.000970726990449645
1440,Elora St N,Hwy 9,9,507,760719,1200000,0.0114374074609351
1441,Hwy 9,Elora St S,9,202,308414,725000,0.00482063977245296
1442,Hwy 9, ,9,199,292922,732000,0.0232318119557238
1443,County Road 109,Hwy 9,9,0,0,0,0.0232107851537336
1444,Hwy 23, ,23,314,315108,1235000,0.00137744123506058
1445,Highway 23,Highway 23,23,265,187600,624000,0.00129084299429639
1446,Hwy 89, ,89,351,1025685,2124000,0.0187809814142855
1447,Hwy 89, ,89,351,1025685,2124000,0.010542896486084
1448,Hwy 89, ,89,369,1025685,2124000,0.00393768835256581
1449,Main St,County Road 6,6,0,0,0,0.0139415728465336
1450,Highway 3, ,3,223,643134,2520000,0.0445121363361344
1451,Regional Road 24, ,24,0,0,0,0.0419502786134064
1452,Regional Road 24, ,24,0,0,0,0.0420417936080427
1453,Duke Street, ,594,0,0,0,0.00448599900307124
1454,Forks Rd,King's Highway 3,3,259,2047828,2866000,0.00215714486070105
1455,Main St W,Regional Road 3,3,189,761503,1665000,0.0022458510271202
1456,Regional Road 7, ,7,0,0,0,0.000853512569333514
1457,Regional Road 24, ,24,0,0,0,0.00691907149723174
1458,Highway 58a, ,58,379,773338,1397000,0.0143877583356146
1459,Hwy 140, ,140,559,734485,1727000,0.00938774517490913
1460,Queensway W,King's Highway 3,3,0,0,0,0.00505816957565741
1461,Queensway W,King's Highway 3,3,295,929916,1281000,0.00131296686936726
1462,Highway 3,Queensway W,3,295,929916,1281000,0.0150492933837374
1463,Norfolk St S,Regional Road 24,24,0,0,0,0.00398157368384014
1464,Norfolk St S,Regional Road 24,24,0,0,0,0.0128554455409489
1465,Norfolk St S,Regional Road 24,24,0,0,0,0.00229918730818889
1466,Norfolk St S,Regional Road 24,24,0,0,0,0.000143568798835774
1467,Highway 24, ,24,368,837274,2518000,0.0121062947464141
1468,Highway 3,Talbot Rd,3,154,220123,653000,0.0158298857731026
1469,Highway 3,Concession 1 Rd,3,366,356034,726000,0.0152739384666562
1470,Garrison Rd,King's Highway 3,3,224,528700,1095000,0.0218116421348664
1471,Garrison Rd,King's Highway 3,3,224,528700,1095000,0.0145906748461778
1472,Highway 17 B, ,17,242,70285,66000,0.00340802237050523
1473,Highway 3,Talbot Rd,3,154,220123,653000,0.0451668107193002
1474,Bloor St W,Hwy 5,5,0,0,0,0.00368727609489761
1475,Garrison Rd,King's Highway 3,3,193,560895,1313000,0.019711698914545
1476,Hwy 6,King's Highway 6,6,269,490764,2335000,0.0198713585734922
1477,Hwy 6,King's Highway 6,6,326,524828,2350000,0.0158070711612304
1478,Garrison Rd,King's Highway 3,3,193,560895,1313000,0.00316800294573291
1479,Yonge St, ,11,0,0,0,0.00281370658492313
1480,Regional Road 7, ,7,0,0,0,0.00994074626979868
1481,Highway 8, ,8,406,2282664,2764000,0.00888656859223083
1482,Griffin St N,Regional Road 20,20,0,0,0,0.000732739930681673
1483,Danforth Ave,Hwy 5,5,0,0,0,0.00168470235116632
1484,Regional Road 20,Hwy 20,20,0,0,0,0.0107813836212193
1485,Regional Road 20,Hwy 20,20,0,0,0,0.0100316823055727
1486,Regional Road 20,Hwy 20,20,0,0,0,0.0100245835724345
1487,West St,Regional Road 20,20,0,0,0,0.000618189622992508
1488,Regional Road 20,Hwy 20,20,0,0,0,0.0107116820124024
1489,Regional Road 20,Hwy 20,20,0,0,0,0.00641468354002483
1490,Highway 17,Highway 11,17,154,1523239,8691000,0.0194057909359005
1491,Highway 8,King's Highway 7,7,762,5684197,13508000,0.0112586393619277
1492,Highway 15, ,15,307,280233,535000,0.000628484447714279
1493,Woodlawn Rd W,King's Highway 6,6,0,0,0,0.000465105306346502
1494,Niagara St,Regional Road 50,58,0,0,0,0.00161100224147844
1495,Hwy 140, ,140,599,734485,1727000,0.000809002472187931
1496,Regional Hwy 2,Highway 2,2,0,0,0,0.00454723973351449
1497,Lundy's Lane,Regional Road 20,20,464,1210733,774000,0.023885353266533
1498,Highway 8, ,8,403,2266227,2696000,0.00485039161471038
1499,Regional Hwy 2,Highway 2,2,0,0,0,0.0147500191234959
1500,Dundas St W,Regional Highway 2,2,0,0,0,0.00942768612596103
1501,Westside Rd,King's Highway 58,58,310,113782,95000,0.00021174015679019
1502,Highway 17, ,17,348,1289379,8614000,0.0110378537704773
1503,Algonquin Boulevard East, ,101,0,0,0,9.5524761235692e-05
1504,Regional Hwy 2,Highway 2,2,0,0,0,0.001389829126169
1505,Highway 24, ,24,432,1217528,2672000,0.00105519120354908
1506,Hurontario St,Highway 10,10,0,0,0,0.0155180116100451
1507,Simcoe County Road 4,Yonge St,11,0,0,0,0.0126800520344188
1508,Dundas St W,Hwy 5,5,0,0,0,0.0111282065541352
1509,Yonge St, ,11,0,0,0,0.0033337550720069
1510,West Highway  17, ,17,851,8824341,42498000,0.00391273873083152
1511,Dundas St W,Hwy 5,5,0,0,0,0.00756401507465656
1512,King St E,King's Highway 8,8,2644,497600,997000,0.0185866401078118
1513,Dundas St,King's Highway 8,8,0,0,0,0.00640976341469445
1514,Duke Street, ,594,0,0,0,0.00386200016523653
1515,Hwy 9,Highway 9,9,1031,5890766,7219000,0.00232175029581649
1516,Hurontario Street,Highway 10,10,91,677765,1954000,0.000630592522914926
1517,Highway 7,Tc Highway,7,286,505121,865000,0.00103725481633439
1518,Hwy 89, ,89,333,1135845,2248000,0.0147807072504295
1519,Highway 7,Tc Highway,7,627,530400,1234000,0.013704259103912
1520,Regional Road 7, ,7,0,0,0,0.0124025080520451
1521,Highway 48,King's Highway 48,48,597,274628,802000,0.0180156589360039
1522,Hwy 89, ,89,388,1679819,10702000,0.0113872764710036
1523,Highway 7, ,7,693,95580,289000,0.0101651804058452
1524,Kingston Rd,Regional Highway 2,2,0,0,0,0.00202006251883325
1525,Dundas St W,Regional Highway 2,2,0,0,0,0.00461960224804257
1526,Winchester Rd W,King's Highway 7,7,557,315305,548000,0.00808039782837618
1527,Highway 7,Tc Highway,7,286,505121,865000,0.00820747873436936
1528,Regional Hwy 2,Highway 2,2,0,0,0,0.0116661543884595
1529,Highway 20 E,Regional Road 20,20,0,0,0,0.00662421726078316
1530,Regional Hwy 2,Highway 2,2,0,0,0,0.00174887578350269
1531,Highway 6, ,6,796,2564159,3963000,0.00885381597177052
1532,County Road 2,Highway 2,2,0,0,0,0.0203275555205078
1533,Regional Hwy 2,Highway 2,2,0,0,0,0.000619494148500269
1534,Bridge St, ,11,0,0,0,0.0108340292393825
1535,Regional Road 5,Hwy 5,5,492,144406,487000,0.000643419769652857
1536,Highway 48,King's Highway 48,48,755,86414,852000,0.0187960953479651
1537,Highway 48,King's Highway 48,48,621,397941,2212000,0.00225226930009717
1538,Highway 7,Highway 12,7,580,557029,1119000,0.0131555842860783
1539,Highway 7,Highway 12,7,652,577748,1120000,0.0005022598928868
1540,Highway 7,Highway 12,7,711,458983,1036000,0.0134355434850787
1541,Highway 7a, ,7,562,701768,1090000,0.000905786271714777
1542,Highway 7a, ,7,521,701768,1090000,0.0254512018207349
1543,Highway 7a, ,7,627,581268,973000,0.0289872686052875
1544,Highway 7,Highway 12,7,711,458983,1036000,0.0132955982932792
1545,Main St N,Regional Road 68,48,0,0,0,0.00411117478201061
1546,Hwy 7a,Moore Dr,7,1235,5220548,6038000,0.000351171322838681
1547,Hwy 7a, ,7,370,205149,263000,0.0427353442736979
1548,Hwy 7a, ,7,376,357681,701000,0.0201854061283191
1549,Highway 7, ,7,274,3465569,2047000,0.0066022296715578
1550,Hwy 33,Picton Main St,33,0,0,0,0.000255665797519178
1551,Bridge St,Highway 33,33,0,0,0,0.00233447217414835
1552,County Road 49,Highway 49,49,0,0,0,0.00231903088207973
1553,County Road 2, ,2,104,233074,1167000,0.00136315745296887
1554,Talbot Line,County Road 3,3,0,0,0,0.0214055396561922
1555,Tc Hwy,King's Highway 17,17,409,2891184,15114000,0.0354639421057547
1556,Hwy 60, ,60,168,383086,1092000,0.0122127857784486
1557,County Road 2, ,2,0,0,0,0.0372356167841694
1558,Highway 12,Tc Hwy,12,252,532788,1411000,0.00142785888655939
1559,King St W, ,2,0,0,0,0.000439062637912719
1560,Highway 21, ,21,225,234738,1546000,0.0351178280160538
1561,Highway 7, ,7,262,1650699,1709000,0.0182192119644588
1562,Highway 7, ,7,275,1843909,5007000,0.00455212818165796
1563,10th St E,King's Highway 6,6,0,0,0,0.00173388625755503
1564,Hwy 26, ,26,225,27162,92000,0.0344837799162813
1565,Hwy 26, ,26,240,320729,894000,0.030086769201258
1566,Hwy 89, ,89,681,1731712,5002000,0.0135857038026779
1567,Hwy 89, ,89,623,1538065,3976000,0.0165086232436291
1568,Hwy 89, ,89,633,2042667,9524000,0.0144939922208244
1569,Highway 60, ,60,135,641333,1060000,0.0123074521328147
1570,Highway 7,Tc Highway,7,465,5200147,2507000,0.0165825974120739
1571,Hwy 26, ,26,686,2096568,4958000,0.0102302440629846
1572,Vincent Massey Dr, ,2,0,0,0,0.0321107098675026
1573,Vincent Massey Dr, ,2,0,0,0,0.0113493300434796
1574,Vincent Massey Dr, ,2,0,0,0,0.000673581215553265
1575,Forks Rd,King's Highway 3,3,259,2047828,2866000,0.000319014106262054
1576,27th Sideroad,King's Highway 7,7,542,727333,2309000,0.0144860682928107
1577,Highway 58a, ,58,379,773338,1397000,0.00730307350136508
1578,Canboro Rd,Regional Road 20,20,0,0,0,0.00184588150268529
1579,St Catharines St,Regional Road 20,20,0,0,0,0.00472796479595669
1580,Regional Road 20,Hwy 20,20,0,0,0,0.000712278844262447
1581,Hwy 3,King's Highway 3,3,164,927757,1289000,0.00963709292746429
1582,Hwy 3,King's Highway 3,3,164,927757,1289000,0.000651505820928344
1583,Garrison Rd,King's Highway 3,3,0,0,0,0.0100351311355736
1584,Regional Road 20,Hwy 20,20,0,0,0,0.00553249291656027
1585,Highway 7, ,7,261,1623019,1708000,0.00451439417309544
1586,Regional Road 20,Hwy 20,20,0,0,0,0.0245308633547642
1587,Canboro Rd,Regional Road 20,20,0,0,0,0.0104556072506566
1588,Thorold Rd W,Hwy 58,58,0,0,0,0.0101419980493932
1589,Niagara St,Regional Road 50,58,0,0,0,0.00920586131708015
1590,Dundas St E,Hwy 5,5,0,0,0,0.0217415073128538
1591,Highway 10, ,10,197,690715,1522000,0.0245250335720092
1592,Hwy 26, ,26,230,27162,92000,0.0173779359432623
1593,Hwy 89, ,89,683,1731712,5002000,0.0162957121599532
1594,Hwy 89, ,89,681,1731712,5002000,0.000927843630110946
1595,Hwy 93, ,93,339,1232979,3275000,0.00548092955144943
1596,Highway 12, ,12,317,233704,1317000,0.00178365419855961
1597,Highway 12, ,12,317,233704,1317000,0.00169282599160331
1598,Highway 69, ,69,608,5541802,20076000,0.0378205817922568
1599,Highway 522, ,522,19,0,0,0.012291028990284
1600,Parry Sound Drive, ,124,76,106106,211000,0.00142469778699957
1601,Highway 144, ,144,444,886980,9457000,0.0192048417951352
1602,West Highway  17, ,17,851,8824341,42498000,0.00512700993190385
1603,Main St E,King's Highway 3,3,262,394278,627000,0.0103698258099391
1604,Hurontario St,Highway 10,10,0,0,0,0.000570490487182582
1605,Hurontario St,Highway 10,10,0,0,0,0.000133453295239752
1606,Highway 3,Concession 1 Rd,3,366,356034,726000,0.00929501851691024
1607,Bloomfield Main St,Highway 33,33,0,0,0,0.000448293613583052
1608,Dundas St W,Hwy 5,5,0,0,0,0.0124913380550653
1609,Dundas St W,Hwy 5,5,0,0,0,0.000579037131822789
1610,Bloor St W,Hwy 5,5,0,0,0,0.00425250528557933
1611,Hurontario St,Highway 10,10,0,0,0,0.0103066220568938
1612,Hwy 27, ,27,0,0,0,0.000504933567895335
1613,Hwy 33, ,33,39,81993,130000,0.00662107509960496
1614,Regional Road 7, ,7,0,0,0,0.00969886763368757
1615,Hwy 9, ,9,1000,2145307,5292000,0.00398993260823289
1616,Highway 10,Hwy 24,10,962,6657130,10362000,0.00174264907828534
1617,Norfolk St N,King's Highway 24,24,0,0,0,0.00746053430013754
1618,Lundy's Lane,Regional Road 20,20,0,0,0,0.0130626787132389
1619,Dundas St W,Regional Highway 2,2,0,0,0,0.0129184014067767
1620,Sugar Loaf St,King's Highway 3,3,149,976687,1375000,0.000323945103406258
1621,Yonge St,County Road 1,11,0,0,0,0.00655008881466692
1622,Yonge St,County Road 1,11,0,0,0,0.00205092783882835
1623,Highway 20, ,20,0,0,0,0.000417638438562855
1624,Hwy 9,Davis Drive West,9,1716,4720577,8534000,0.0064341833104124
1625,Regional Road 5,Hwy 5,5,492,144406,487000,0.0042092225933445
1626,Dundas St W,Regional Road 5,5,0,0,0,0.0164406504947186
1627,Highway 15, ,15,330,256569,255000,0.0156258691643568
1628,Highway 17, ,17,419,4684114,33101000,0.0098401917731359
1629,Highway 17, ,17,281,3074144,21023000,0.00506830920861517
1630,Highway 7, ,7,235,1044689,1625000,0.017228277688834
1631,Bluewater Hwy,King's Highway 21,21,245,422294,1903000,0.0148911457280019
1632,Thorold Rd W,Hwy 58,58,0,0,0,0.00697004549712497
1633,Highway 6, ,6,1870,11337233,28868000,0.0146399921407077
1634,Highway 21,Bluewater Hwy,21,296,422968,1906000,0.0185770467611768
1635,Highway 6, ,6,1870,11337233,28868000,0.0105573987589753
1636,Highway 21,Bluewater Hwy,21,296,422968,1906000,0.0185130776932121
1637,Highway 6,King's Highway 6,6,1870,11337233,28868000,0.00475465102466092
1638,Highway 21,Bluewater Hwy,21,296,422968,1906000,0.0185750477734712
1639,Dundas St E,Regional Road 5,5,0,0,0,0.0172756925722513
1640,Highway 21,Bluewater Hwy,21,296,422968,1906000,0.0186291285111862
1641,Hwy 33, ,33,162,81993,130000,0.000432949188689986
1642,Highway 21,Bluewater Hwy,21,296,422968,1906000,0.0186200244955537
1643,Highway 15, ,15,293,266103,472000,0.022575084576124
1644,Victoria St N,King's Highway 21,21,0,0,0,0.00248505714138524
1645,Highway 15, ,15,217,380807,479000,0.0064944876481964
1646,Hwy 3,King's Highway 3,3,164,927757,1289000,0.00990712826487096
1647,Highway 15, ,15,126,194137,410000,0.00326087475911424
1648,Main St W,King's Highway 3,3,0,0,0,0.000306589301859271
1649,Highway 7, ,7,325,1644426,4871000,0.0136630713822187
1650,Yonge St,County Road 1,11,0,0,0,0.00499003736918679
1651,Highway 7, ,7,325,1644426,4871000,0.00164923532154344
1652,Highway 3, ,3,271,929916,1281000,0.00157418217179513
1653,Highway 101, ,101,84,289532,334000,0.198367276514105
1654,Highway 58a, ,58,365,803365,1462000,0.00968304247308898
1655,Highway 3, ,3,295,929916,1281000,0.0037613254044288
1656,Highway 7, ,7,737,766993,1350000,0.00179440937356534
1657,Atherley Road, ,12,505,733683,1633000,0.00154154531752834
1658,Highway 2, ,2,0,0,0,0.00614929963355241
1659,King St E, ,2,0,0,0,0.00894680201829087
1660,Hwy 9,Highway 9,9,1192,3892242,9992000,0.00375322355956868
1661,King St E, ,2,0,0,0,0.0052989669812639
1662,King St E, ,2,0,0,0,0.00678642614267823
1663,Hwy 9, ,9,76,0,0,0.0561602789779426
1664,2nd Line West, ,550,0,0,0,0.0156504981620423
1665,Great Northern Road, ,17,0,0,0,0.0141523099106142
1666,County Road 2,Highway 49,49,546,318517,1456000,0.0191781320173552
1667,Bloor St E,Hwy 5,5,0,0,0,0.00267953167553418
1668,Yonge St, ,11,0,0,0,0.000210646623511327
1669,County Road 2, ,2,0,0,0,0.0366527362281623
1670,County Road 2, ,2,0,0,0,0.0163925271456939
1671,Regional Road 7, ,7,0,0,0,0.0124225113924816
1672,Hurontario St,Hwy 10,10,1145,10324095,6884000,0.0129502052389036
1673,Hurontario St,Highway 10,10,0,0,0,0.00584356001700666
1674,10th St W,King's Highway 6,6,0,0,0,0.0127796423911252
1675,Bovaird Dr W,King's Highway 7,7,0,0,0,0.00744464868465754
1676,Bovaird Dr W,King's Highway 7,7,0,0,0,0.00332043983800539
1677,Main St N,Highway 10,10,0,0,0,0.00980955650339197
1678,Dundas St W,Hwy 5,5,960,3309685,2272000,0.0122727310452059
1679,Huron Rd,King's Highway 8,8,236,234355,371000,0.0237630018784401
1680,Huron Rd,King's Highway 8,8,233,234355,371000,0.0237388306416532
1681,Loudon Rd,King's Highway 4,4,425,459177,644000,0.0185996865825645
1682,Loudon Rd,King's Highway 4,4,425,459177,644000,0.0186086153857835
1683,Huron Rd,King's Highway 8,8,233,234355,371000,0.0194292189382335
1684,Huron Rd,King's Highway 8,8,233,234355,371000,0.00861576316074367
1685,Highway 40,Communication Rd,40,362,1364452,4723000,0.00861751975759623
1686,Highway 40,Communication Rd,40,334,925136,3649000,0.00197622367157764
1687,Highway 40,Communication Rd,40,334,925136,3649000,0.00166500790630691
1688,Highway 21,Bluewater Hwy,21,140,153613,1702000,0.0152386538048614
1689,Highway 21,Bluewater Hwy,21,90,65740,378000,0.0236538377464351
1690,Highway 21,Bluewater Hwy,21,90,65740,378000,0.00643518169348504
1691,Highway 21,Bluewater Hwy,21,103,122350,475000,0.0063311040792377
1692,Highway 21,Bluewater Hwy,21,103,122350,475000,0.0242215087405318
1693,Highway 21,Bluewater Hwy,21,103,122350,475000,0.00606596641099747
1694,Highway 3 E,S Talbot Rd,3,876,518953,1551000,0.0299073700228183
1695,Hwy 62,King's Highway 62,62,424,476626,965000,0.00535799200934314
1696,Hwy 62,King's Highway 62,62,192,125139,587000,0.00703958379340947
1697,Hwy 62, ,62,252,192779,631000,0.00429989242711569
1698,Highway 7,Highway 12,7,944,117335,163000,0.0061015244387865
1699,North Front St N,King's Highway 62,62,0,0,0,0.00164668151144099
1700,James Rider Road, ,7182,0,0,0,0.000180235057622699
1701,Highway 7, ,7,313,313302,543000,0.0137959557485601
1702,Highway 127, ,127,61,65413,23000,0.0257064772370577
1703,Highway 28, ,28,218,546618,183000,0.000876421747806998
1704,Regional Road 7, ,7,0,0,0,0.0101820127840134
1705,Guelph St,King's Highway 7,7,239,5867,220000,0.000623852546688872
1706,Guelph St,King's Highway 7,7,239,5867,220000,0.0196343536784756
1707,164 Road,Hwy 23,23,246,209441,992000,0.0171760143512433
1708,Hwy 132, ,132,161,138502,175000,0.0109423623707886
1709,Brant Rd,King's Highway 24,24,484,547901,866000,0.0158104778152684
1710,2nd Concession Line,County Road 3,3,0,0,0,0.0193650862260477
1711,County Road 109,Hwy 9,9,0,0,0,0.00786514067401563
1712,County Road 109,Hwy 9,9,0,0,0,0.00870805984625852
1713,Highway 77, ,77,220,1286498,2647000,0.0121380074692114
1714,James St,King's Highway 3,3,264,929916,1281000,0.000972116104167992
1715,Hwy 59,King's Highway 3,3,216,1052468,1427000,0.00942812102651398
1716,Highway 40, ,40,232,2171797,2361000,0.0122934177744619
1717,Highway 11, ,11,544,5224664,19896000,0.0778468891474615
1718,Main St S,Highway 10,10,0,0,0,0.00943893863249574
1719,Highway 15, ,15,293,266103,472000,0.0123895345381218
1720,County Road 2, ,2,3582,41540087,165251000,0.0370774762308786
1721,Hurontario St,Hwy 10,10,935,3799078,6990000,0.00301232750544849
1722,Highway 48,King's Highway 48,48,621,397941,2212000,0.00151990657608618
1723,Highway 7, ,7,261,1623019,1708000,0.0107536006154594
1724,Huron St,King's Highway 8,8,0,0,0,0.000729390156246623
1725,Highway 6,King's Highway 6,6,592,287211,1448000,0.0386244894635585
1726,Highway 20 E,Regional Road 20,20,0,0,0,0.00341106879614559
1727,Atherley Road, ,12,782,777970,1790000,0.0123735555887602
1728,County Road 2, ,2,0,0,0,0.0284506875928048
1729,County Road 2,Highway 2,2,0,0,0,0.0103236134181604
1730,Bayfield St,Hwy 26,11,0,0,0,0.000478657497633993
1731,Yonge St, ,11,0,0,0,0.00101539457528337
1732,St David St N,King's Highway 6,6,339,1187173,1737000,0.00459948486334952
1733,County Road 52,King's Highway 8,8,358,2583665,2103000,0.00135599315040958
1734,Highway 6, ,6,748,2599373,8000000,0.00899407390711977
1735,Princess St, ,2,0,0,0,0.0234551933310673
1736,Bath Rd, ,33,276,236266,342000,0.017543581082458
1737,Bath Rd, ,33,0,0,0,0.00609118021619471
1738,Highway 6,King's Highway 6,6,229,226069,1435000,0.000895054953633355
1739,Hwy 8,Queenston Rd,8,0,0,0,0.00971093685325524
1740,County Road 2, ,2,104,233074,1167000,0.000604213538462501
1741,Hwy 26, ,26,203,82321,474000,0.0172280683637856
1742,Highway 7, ,7,406,2596278,7474000,0.0145403567189789
1743,Highway 6, ,6,826,4185338,15323000,0.00304580449143582
1744,Hwy 9, ,9,1001,2142756,5283000,0.0140142198945594
1745,Hwy 9,County Road 4,9,79,43760,175000,0.016228798638529
1746,Hwy 9,Highway 9,9,1212,3892242,9992000,0.0156972725006218
1747,Centre St N,County Road 41,41,0,0,0,0.00469481761312686
1748,King St W, ,2,0,0,0,0.0049593672342159
1749,Kingston Rd,Regional Highway 2,2,0,0,0,0.00814050080458819
1750,Highway 7, ,7,239,5867,220000,0.00149332484341877
1751,Main St,County Road 6,6,0,0,0,0.00194703582092129
1752,Forks Rd,King's Highway 3,3,238,1547217,1643000,0.0085702387569364
1753,County Road 2, ,2,0,0,0,0.00412711978016245
1754,Highway 62,Front St N,62,290,259924,882000,0.00209263643427525
1755,Highway 17, ,17,835,7930709,53193000,0.179005946903609
1756,27th Sideroad,King's Highway 7,7,542,727333,2309000,0.0144923899470023
1757,County Road 21,Hwy 21,21,0,0,0,0.0128343009602655
1758,County Road 52,King's Highway 8,8,0,0,0,0.00043401348366803
1759,Dundas St W,Regional Road 5,5,0,0,0,0.00486208887825972
1760,Hurontario St,Hwy 10,10,935,3799078,6990000,0.0334638770026579
1761,Highway 6,King's Highway 6,6,250,663454,1453000,0.00197810654110396
1762,Yonge St,Simcoe County Road 4,11,0,0,0,0.013302448430459
1763,Atherley Road, ,12,782,777970,1790000,0.000469243007408801
1764,Dundas St E,Hwy 5,5,0,0,0,0.00293602123733015
1765,Yonge St, ,11,0,0,0,0.00103208662528072
1766,Bayfield St,Hwy 26,11,0,0,0,0.00395312317742198
1767,Highway 6, ,6,828,4189825,15532000,0.00939808506405922
1768,Highway 12, ,12,297,338294,1460000,0.0193871210592698
1769,Burton Ave, ,11,0,0,0,0.0152419633996163
1770,King St E, ,2,0,0,0,0.0189059804836295
1771,Highway 15, ,15,312,256569,255000,0.0200664799536661
1772,Highway 15, ,15,312,256569,255000,0.00539922397427307
1773,Highway 15, ,15,313,257023,258000,0.00602679441661999
1774,Vincent Massey Dr, ,2,0,0,0,0.0217416451249164
1775,Tc Hwy,King's Highway 12,12,339,966165,3279000,0.00144573372379869
1776,Highway 10, ,10,197,690715,1522000,0.0201281324816651
1777,Highway 130, ,130,44,106904,180000,0.0175394714156699
1778,Dawson Road, ,102,0,0,0,0.00137876661841156
1779,Highway 15, ,15,337,279397,371000,0.000923743925527323
1780,Highway 24, ,24,564,547901,866000,0.0212488367012927
1781,Front Street, ,17,0,0,0,0.00665459319281603
1782,County Road 2, ,2,0,0,0,0.00366495238054851
1783,Regional Road 8,Hwy 8,8,0,0,0,0.00129489519268414
1784,Hwy 26, ,26,253,91332,339000,0.0542385836590405
1785,Highway 10, ,10,386,1172025,2495000,0.0248124334526315
1786,Highway 7,Tc Highway,7,280,457944,601000,0.0372587316067711
1787,Highway 6,King's Highway 6,6,468,1195489,3177000,0.0207787555927188
1788,Highway 40, ,40,303,2789865,2483000,0.0122996176309173
1789,Hwy 3,King's Highway 3,3,0,0,0,0.00125142114790201
1790,Richmond St,King's Highway 4,4,0,0,0,0.00693065480801076
1791,Hwy 26, ,26,240,320729,894000,0.023009486266121
1792,Highway 40,Mcnaughton Ave,40,0,0,0,0.000616809657853264
1793,County Road 3,Talbot Trail,3,0,0,0,0.033126008756569
1794,Hwy 37, ,37,187,1504856,4025000,0.00522521565789017
1795,Elginfield Rd,King's Highway 7,7,296,386706,1000000,0.0102452021401026
1796,Highway 40, ,40,232,2171797,2361000,0.0124195714868553
1797,Highway 40, ,40,306,1746861,2669000,0.0179895278820797
1798,Wharncliffe Rd S,King's Highway 4,4,0,0,0,0.00249745051241888
1799,Richmond St,King's Highway 4,4,0,0,0,0.0013890571507129
1800,Talbot Line,King's Highway 3,3,271,1360535,2722000,0.0110843256578136
1801,Elginfield Rd,King's Highway 7,7,295,446550,1013000,0.00105757428109151
1802,Elginfield Rd,King's Highway 7,7,295,446550,1013000,0.00169947315892817
1803,Fountain St S,King's Highway 8,8,3408,1753219,6838000,0.000199123705250147
1804,King St W,King's Highway 8,8,3595,1718021,3332000,0.000496999999995751
1805,Fountain St S,King's Highway 8,8,3408,1753219,6838000,0.00192666520046966
1806,Fountain St S,King's Highway 8,8,3408,1753219,6838000,0.000193072525228185
1807,Elginfield Rd,King's Highway 7,7,333,1071243,5691000,0.00722011005287514
1808,Elginfield Rd,King's Highway 7,7,333,1071243,5691000,0.0154932460656811
1809,Elginfield Rd,King's Highway 7,7,333,1071243,5691000,0.00984243295823345
1810,County Road 119,King's Highway 7,7,357,593426,2044000,0.00173387886831273
1811,Highway 12, ,12,412,402373,1317000,0.00152971435238168
1812,Woodward Avenue, ,557,0,0,0,0.00345846308632649
1813,Highway 8, ,8,327,1330154,1661000,0.0236427354459742
1814,164 Road,Hwy 23,23,256,271393,1098000,0.0208266816066136
1815,County Road 119,King's Highway 7,7,461,788012,2844000,0.0205330933458028
1816,St Clair Rd,King's Highway 40,40,255,721285,1418000,0.0148726172804905
1817,St Clair Rd,King's Highway 40,40,255,721285,1418000,0.0147339405005279
1818,St Clair Rd,King's Highway 40,40,255,721285,1418000,0.000112294256309501
1819,Forks Rd,King's Highway 3,3,259,2047828,2866000,0.000433093502594249
1820,164 Road,Hwy 23,23,251,196650,813000,0.0203577432827061
1821,Erie St,King's Highway 7,7,0,0,0,0.0100429436291236
1822,Plank Line,King's Highway 19,19,518,2693157,11307000,0.0014479342123917
1823,St Clair Rd,King's Highway 40,40,330,703735,1384000,0.0147291783281617
1824,Highway 40,St Clair Rd,40,330,703735,1384000,0.00101919351055922
1825,Highway 6,Hwy 10,6,278,750644,2711000,0.0186782306925327
1826,9th Ave E,King's Highway 6,6,0,0,0,0.00348149815420961
1827,9th Ave E,King's Highway 6,6,0,0,0,0.0002738795355187
1828,Highway 6,King's Highway 6,6,148,501680,886000,0.0168804617871497
1829,Highway 10, ,10,290,820459,2422000,0.0237268613542582
1830,County Road 2, ,2,0,0,0,0.00970838649540203
1831,Highway 3,Talbot Rd E,3,138,318720,817000,0.0279860403597508
1832,Hwy 37, ,37,307,1556145,4159000,0.0304779711171534
1833,Hwy 48,King's Highway 48,48,511,433378,2244000,0.0159456331816492
1834,Ontario St,King's Highway 7,7,556,1890690,4339000,0.0105131583422523
1835,Norfolk St N,Regional Road 24,24,0,0,0,0.00432835082453911
1836,Norfolk St S,Regional Road 24,24,0,0,0,0.00124424803401756
1837,Highway 24, ,24,370,771450,2481000,0.0125496479547978
1838,Highway 8,King's Highway 7,7,354,3728752,7413000,0.0251554303190539
1839,Huron Rd E,King's Highway 7,7,354,3728752,7413000,0.0251921843796295
1840,Loyalist Pky,Highway 33,33,157,105477,594000,0.0286963064001245
1841,Highway 69 S, ,69,0,0,0,0.000196000000016738
1842,164 Road,Hwy 23,23,307,207024,835000,0.0203231978524401
1843,164 Road,Hwy 23,23,251,196650,813000,0.0202128512067128
1844,164 Road,Hwy 23,23,246,209441,992000,0.0208300125068666
1845,Highway 6,Spencer St,6,229,226069,1435000,0.00494174705241391
1846,10th St E,King's Highway 6,6,0,0,0,0.0128823927122595
1847,10th St W,King's Highway 6,6,0,0,0,0.00330393840743653
1848,Ramp, ,537,68,34042,200000,0.0209266156346471
1849,Tower St S,King's Highway 6,6,431,2108958,6012000,0.017632895017128
1850,Highway 48,King's Highway 48,48,597,274628,802000,0.00069040922067542
1851,Highway 7,Victoria St N,7,0,0,0,0.000360806042085398
1852,Highway 6, ,6,186,792228,2676000,0.0224944973606638
1853,Lakeshore Rd,King's Highway 21,21,328,747107,2361000,0.0266948117340711
1854,County Road 2, ,2,0,0,0,0.0301846939246604
1855,Hwy 89, ,89,333,1135845,2248000,0.0339093898278419
1856,Hwy 140, ,140,575,734485,1727000,0.012730900785608
1857,Highway 10, ,10,414,908882,2546000,0.0232318315792539
1858,County Road 109,Hwy 9,9,0,0,0,0.00275317791104077
1859,Dunnville Rd,King's Highway 3,3,140,538523,1066000,0.0227139218703539
1860,Forks Rd,King's Highway 3,3,168,436464,976000,0.013001879299249
1861,St Clair Rd,King's Highway 40,40,255,728887,1501000,0.0149295849287713
1862,County Road 109,Hwy 9,9,0,0,0,0.0194452837650139
1863,Highway 10, ,10,386,1172025,2495000,0.0233053147232264
1864,Highway 10, ,10,197,690715,1522000,0.0226945749493051
1865,Highway 6,King's Highway 6,6,592,287211,1448000,0.0152454093090089
1866,County Road 109,Hwy 9,9,0,0,0,0.0168780538258958
1867,County Road 109,Hwy 9,9,0,0,0,0.00566015127874566
1868,County Road 109,Hwy 9,9,0,0,0,0.0122768078848228
1869,County Road 109,Hwy 9,9,0,0,0,0.0103883399885687
1870,County Road 109,Hwy 9,9,0,0,0,0.0154285634120682
1871,County Road 109,Hwy 9,9,0,0,0,0.00707182823043271
1872,County Road 109,Hwy 9,9,0,0,0,0.00342745182314547
1873,Hwy 89, ,89,309,1190720,3359000,0.0329064558910123
1874,Main St,Hwy 8,8,0,0,0,0.000997619667013473
1875,Main St W,Hwy 8,8,0,0,0,0.000304197912537112
1876,Highway 6, ,6,509,2684350,6648000,0.00142060845203971
1877,Vienna Rd,Hwy 19,19,0,0,0,0.0112083134957128
1878,County Road 31,Hwy 93,93,0,0,0,0.017608316905964
1879,County Road 31,Hwy 93,93,0,0,0,0.0252025723477657
1880,Division St,County Road 33,33,0,0,0,0.00526107984192258
1881,Station St,Highway 37,37,0,0,0,0.00973218841468259
1882,Highway 10, ,10,314,1069471,2610000,0.0229135924519469
1883,Hwy 89, ,89,322,1434572,4237000,0.00721334831194385
1884,Hwy 26, ,26,236,24523,43000,0.00109374363810171
1885,Sykes St S,Hwy 26,26,253,91332,339000,0.00710174564822293
1886,Regional Road 5,Hwy 5,5,492,144406,487000,0.00114912488441665
1887,County Road 33,Highway 33,33,0,0,0,0.000941435202270687
1888,Main St S,Highway 10,10,0,0,0,0.00114580844816388
1889,Hwy 26, ,26,226,24523,43000,0.0349124612134005
1890,Queen St E,Regional Road 107,7,0,0,0,0.00214260332308672
1891,Highway 10,Hwy 24,10,612,3066848,4103000,0.0278433328857166
1892,Hwy 89, ,89,308,1177353,3344000,0.0207431809669921
1893,Bayfield St,Hwy 26,26,0,0,0,0.00619987963734697
1894,County Road 109,Hwy 9,9,0,0,0,0.0139925225283595
1895,Brock St N,Regional Road 12,12,0,0,0,0.00646163348370422
1896,Highway 10,Hwy 24,10,780,3675423,8291000,0.0165311081519838
1897,Hwy 89, ,89,683,1731712,5002000,0.0162435488234759
1898,Highway 10,Hwy 24,10,612,3066848,4103000,0.00938276648708962
1899,Hwy 9, ,9,76,0,0,0.0240446486860224
1900,Hwy 93,Penetanguishene Rd,93,209,1478987,3401000,0.000946659917800763
1901,Talbot Trail,County Road 3,3,0,0,0,0.0233903741727081
1902,Highway 21, ,21,191,134619,1435000,0.0011542641968039
1903,Hwy 89, ,89,681,1731712,5002000,0.0140072433125595
1904,Hwy 89, ,89,681,1731712,5002000,0.00242521838437464
1905,Highway 10, ,10,395,1364201,2610000,0.0230655662072807
1906,Hwy 62,King's Highway 62,62,200,163673,652000,0.00566186974292798
1907,Hwy 62,King's Highway 62,62,200,163673,652000,0.0130449126764515
1908,Hwy 62,King's Highway 62,62,215,163673,652000,0.00641389364734387
1909,Hwy 62,King's Highway 62,62,349,163694,652000,0.000209245740713297
1910,Albert St N,King's Highway 21,21,0,0,0,0.00379487105575768
1911,Albert St N,King's Highway 21,21,0,0,0,0.000467363359736362
1912,Highway 12, ,12,309,642680,2155000,0.0279973324065229
1913,Highway 141, ,141,109,492499,481000,0.00132168826328778
1914,Oil Heritage Rd,County Road 21,21,0,0,0,0.0175955313089733
1915,County Road 3,Talbot Trail,3,0,0,0,0.0643311468651814
1916,Highway 62, ,62,500,872198,2250000,0.00039912529364659
1917,Highway 3,Essex Bypass,3,368,791594,960000,0.00871470011327199
1918,Hwy 9,County Road 4,9,172,133577,383000,0.0362338429458141
1919,Hwy 9,County Road 4,9,231,268259,540000,0.00151241581520379
1920,Hwy 9, ,9,362,70679,285000,0.0187143335441127
1921,Hwy 12,Tc Hwy,12,339,966165,3279000,0.0108928041552389
1922,Highway 21, ,21,232,240593,2276000,0.0175186924143865
1923,Highway 6,Garafraxa St S,6,272,495233,1912000,0.011037750987147
1924,Highway 6,King's Highway 6,6,109,85717,29000,0.0155287225010809
1925,Hwy 89, ,89,683,1731712,5002000,0.000771975388244685
1926,Hwy 7a, ,7,370,203029,256000,0.00386398227933304
1927,Hwy 89, ,89,383,1623947,10686000,0.0181172932652885
1928,Highway 7, ,7,239,5867,220000,0.0121495876326699
1929,Huron Church Rd,King's Highway 3 E,3,0,0,0,0.00133756668816357
1930,Loyalist Pky,County Road 33,33,0,0,0,0.0189032282400148
1931,Hwy 26,Highway 26,26,272,1131093,4257000,0.022464309881374
1932,Mcnaughton Ave,King's Highway 40,40,0,0,0,0.00940277368313574
1933,Dufferin Ave,King's Highway 40,40,0,0,0,0.000216815589812621
1934,Hwy 89,Hwy 10,10,780,3675423,8291000,0.00719846469186071
1935,Hwy 89, ,89,383,1623947,10686000,0.0117186163563518
1936,Hwy 89, ,89,935,1567476,4102000,0.015130144389407
1937,164 Road,Hwy 23,23,307,207024,835000,0.0101053813457783
1938,Hwy 26, ,26,763,5896891,7643000,0.0158114798924593
1939,County Road 2,Highway 2,2,0,0,0,0.000403510842455298
1940,Hwy 26,Hwy 27,26,0,0,0,0.00106079150444034
1941,Yonge St, ,11,0,0,0,0.000614312623974792
1942,Yonge St, ,11,0,0,0,0.000751616944998926
1943,Yonge St, ,11,0,0,0,0.00117350458030922
1944,Hwy 62, ,62,208,132510,604000,0.0140448008408643
1945,Highway 12, ,12,317,233704,1317000,0.00559736589462462
1946,Highway 35, ,35,349,878618,1478000,0.0075708308183622
1947,Highway 69, ,69,749,5531287,19925000,0.162529700536686
1948,Hwy 62, ,62,74,128623,313000,0.0237484272574353
1949,Hwy 93,Highway 93,93,339,1232979,3275000,0.0176788860378304
1950,Highway 17 E, ,17,652,1829969,9447000,0.00103146839990964
1951,Highway 17 E, ,17,652,1829969,9447000,0.00641085315326508
1952,Hwy 26,Highway 26,26,287,972284,3557000,0.0224221051052422
1953,Highway 9, ,9,1111,6805127,8458000,0.0054250224622793
1954,Hwy 9,Highway 9,9,1096,7334958,9365000,0.0020698248998449
1955,Glenora - Adolphustown, ,33,26,81993,130000,0.0104305330833764
1956,County Road 41,Highway 41,41,0,0,0,0.0257773594413234
1957,Canboro Rd,Regional Road 20,20,0,0,0,0.00154023572999748
1958,Regional Road 7, ,7,0,0,0,0.00277722284233248
1959,Bath Rd, ,33,0,0,0,0.00421377410881737
1960,St Clair Rd,King's Highway 40,40,261,728887,1501000,0.0149532256363266
1961,Grand Ave E,County Road 2,40,0,0,0,0.00378306119435815
1962,County Road 3,Talbot Trail,3,0,0,0,0.0198693671525272
1963,Highway 7,Highway 12,7,952,999635,1590000,0.00157741968733964
1964,Highway 7,Highway 12,7,799,372284,651000,0.0121310127171975
1965,Highway 69, ,69,648,5374172,19658000,0.0128708982460204
1966,Hwy 26,Balsam St,26,0,0,0,0.00090758197206006
1967,County Road 3,Talbot Trail,3,0,0,0,0.0304926664344038
1968,Highway 6,King's Highway 6,6,265,750288,2710000,0.0167332166659327
1969,Hwy 41, ,41,98,76370,325000,0.00700619777096916
1970,Highway 141, ,141,97,235845,71000,0.00289975708502668
1971,Hwy 132, ,132,161,138502,175000,0.00638442170397186
1972,Hwy 9, ,9,507,760719,1200000,0.0185769816941445
1973,Yonge St, ,11,0,0,0,0.000269824016767998
1974,Hwy 9, ,9,507,760719,1200000,0.00978989000718178
1975,Highway 7,Highway 12,7,580,557029,1119000,0.000678916784292801
1976,Garrison Rd,King's Highway 3,3,0,0,0,0.00720598005286844
1977,164 Road,Hwy 23,23,307,207024,835000,0.0201184623882915
1978,Highway 28, ,28,218,546618,183000,0.0196129310014719
1979,Highway 3,Talbot Rd,3,209,658518,724000,0.0149045636000105
1980,Hwy 26, ,26,253,91332,339000,0.0102682235633793
1981,King St W, ,2,0,0,0,0.0292625961837605
1982,Highway 23,Hwy 89,23,265,187600,624000,0.0187557309615007
1983,Highway 66, ,66,65,323724,2266000,0.161170308261358
1984,Highway 101, ,101,296,1049683,834000,0.506450390744362
1985,County Road 109,Hwy 9,9,0,0,0,0.0228709194365122
1986,County Road 109,Hwy 9,9,0,0,0,0.000945139214073293
1987,Highway 11,Government Road,11,0,0,0,0.0345535993285988
1988,Regional Road 24, ,24,0,0,0,0.0425302520320901
1989,County Road 3,Talbot Trail,3,0,0,0,0.0356935612664426
1990,Highway 3,King's Highway 3,3,272,1339422,1736000,0.0140337163914023
1991,Highway 3,King's Highway 3,3,272,1339422,1736000,0.00762412029026694
1992,Main St,King's Highway 3,3,216,1052468,1427000,0.0102855497551816
1993,Main St,King's Highway 3,3,216,1052468,1427000,0.00413276090116193
1994,Highway 3,Talbot Rd,3,90,226271,977000,0.00151571377867086
1995,Regional Road 7, ,7,0,0,0,0.0108389672921166
1996,County Road 3,Talbot Trail,3,0,0,0,0.0133758534022095
1997,Broadway St,King's Highway 19,19,0,0,0,0.00867162173240874
1998,County Road 3,Talbot Trail,3,0,0,0,0.0132425402044388
1999,Highway 35,Highway 7b,35,265,315629,282000,0.000862841490679102
2000,Hwy 89, ,89,623,1538065,3976000,0.0157504761479195
2001,County Road 3,Talbot St,3,0,0,0,0.0129366787782168
2002,County Road 3,Talbot Trail,3,0,0,0,0.00304032383141218
2003,County Road 3,Marlborough St S,3,0,0,0,0.00538387188445011
2004,Chatham St S,County Road 3,3,0,0,0,0.00700562247181277
2005,Dundas St W,Hwy 5,5,0,0,0,0.000155438090584791
2006,James St,King's Highway 3,3,264,929916,1281000,0.0131725869304976
2007,James St,King's Highway 3,3,0,0,0,0.000328892079523058
2008,Yonge St,County Road 1,11,0,0,0,0.00955093834474884
2009,Talbot Line,County Road 3,3,0,0,0,0.000649439290973677
2010,Wellington St W,King's Highway 7,7,0,0,0,0.00912191438234489
2011,10th Avenue, ,571,55,144083,23000,0.0100772207392173
2012,Highway 24, ,24,370,771450,2481000,0.00039667204845076
2013,Ramp, ,537,0,0,0,0.001539871149938
2014,Ramp, ,537,0,0,0,0.00149687734043841
2015,County Road 3,Talbot Trail,3,0,0,0,0.0222939031628895
2016,County Road 3,Talbot Trail,3,0,0,0,0.0223850864757133
2017,County Road 3,Talbot Trail,3,0,0,0,0.0266568391686071
2018,County Road 17,Hwy 21,21,0,0,0,0.00501602740079948
2019,County Road 17,Hwy 21,21,0,0,0,0.0147220150152048
2020,Hill Rd,County Road 17,21,0,0,0,0.0146860031927164
2021,County Road 17,Hwy 21,21,0,0,0,0.0120902702562879
2022,Highway 6,King's Highway 6,6,285,946100,2020000,0.0227619124124264
2023,County Road 3,Talbot Trail,3,0,0,0,0.0224131525208376
2024,Main St S,Highway 10,10,0,0,0,0.00674401922739284
2025,Queen St E,Regional Road 107,7,0,0,0,0.0035228590729838
2026,Yonge St, ,11,0,0,0,0.00478280082797311
2027,Hwy 6,King's Highway 6,6,113,306067,336000,0.0132640181604043
2028,Hwy 6,King's Highway 6,6,113,306067,336000,0.0134906947281508
2029,Highway 3,Talbot Rd,3,182,549014,680000,0.0586904017714436
2030,Highway 7,Tc Highway,7,291,527823,968000,0.015539069827502
2031,County Road 21,Hwy 21,21,0,0,0,0.0143884002421106
2032,Plank Line,King's Highway 19,19,518,2693157,11307000,0.00463850493155889
2033,Danforth Ave,Hwy 5,5,0,0,0,0.00370247616304974
2034,Dundas St E,Regional Road 5,5,0,0,0,0.0176361679316376
2035,Regional Hwy 2,Highway 2,2,0,0,0,0.000656246904802402
2036,Highway 6,Garafraxa St,6,0,0,0,0.00614938613377134
2037,Highway 6,King's Highway 6,6,148,501680,886000,0.00556441725445768
2038,Highway 6,King's Highway 6,6,148,501680,886000,0.0168572048724183
2039,Bayfield Rd,King's Highway 21,21,131,102940,538000,0.0059163134675473
2040,Highway 7, ,7,262,1650699,1709000,0.0169811598560664
2041,Yonge St,County Road 1,11,0,0,0,0.00367604283272143
2042,Main St S,Regional Road 68,48,0,0,0,0.00774394256448257
2043,Trout Lake Road, ,63,0,0,0,0.0108820151582384
2044,County Road 119,King's Highway 7,7,379,828087,2923000,0.00517921944665158
2045,St Clair Rd,King's Highway 40,40,261,728887,1501000,0.0151944779176978
2046,St Clair Rd,King's Highway 40,40,255,728887,1501000,0.0146737829879383
2047,County Road 109,Hwy 9,9,0,0,0,0.0140770596226325
2048,10th St W,King's Highway 6,6,0,0,0,0.002892315483178
2049,Highway 48,King's Highway 48,48,771,397941,2212000,0.0220594163383082
2050,Hwy 41, ,41,130,260852,948000,0.0161933517877093
2051,Bruham Ave,County Road 58,148,0,0,0,0.0156457152594744
2052,County Road 58,Highway 62,62,0,0,0,0.00979381765444449
2053,County Road 58,Hwy 148,148,0,0,0,0.0159253873327989
2054,Tc Hwy,King's Highway 17,17,546,3012572,15178000,0.00154820709919323
2055,County Road 2, ,2,0,0,0,0.0217201441722957
2056,County Road 2, ,2,0,0,0,0.0179608436795202
2057,Danforth Ave,Hwy 5,5,0,0,0,0.00898013931430269
2058,Pembroke St W, ,148,0,0,0,0.00629902132890637
2059,Tc Hwy,King's Highway 17,17,292,2781927,15009000,0.0183590035553056
2060,Tc Hwy,King's Highway 17,17,400,2889499,15106000,0.000715186894410757
2061,Tc Hwy,King's Highway 17,17,292,2781927,15009000,0.000915758155875401
2062,Tc Hwy,King's Highway 17,17,292,2781927,15009000,0.000327825142402248
2063,Garrison Rd,King's Highway 3,3,0,0,0,0.00455932614361669
2064,Hurontario St,Highway 10,10,0,0,0,0.00235609189125907
2065,Talbot Line,County Road 3,3,0,0,0,0.0394454507711287
2066,Talbot Line,County Road 3,3,0,0,0,0.0394710847705813
2067,Regional Road 5,Hwy 5,5,0,0,0,0.00564111418976967
2068,Talbot Line,County Road 3,3,0,0,0,0.0215087920527611
2069,Regional Road 7, ,7,0,0,0,0.00513327550827956
2070,Hwy 3,Talbot Rd,3,272,1339422,1736000,0.0101207227060598
2071,Talbot Line,County Road 3,3,0,0,0,0.0215024253728885
2072,Talbot Line,County Road 3,3,0,0,0,0.0136730661429175
2073,Talbot Line,County Road 3,3,0,0,0,0.0111424128784582
2074,Colonel Talbot Rd,King's Highway 4,4,792,3995470,5619000,0.00574229573722001
2075,Colonel Talbot Rd,King's Highway 4,4,762,864808,1815000,7.90757485367575e-05
2076,Colonel Talbot Rd,King's Highway 4,4,792,3995470,5619000,0.012527011146817
2077,Government Road, ,66,59,106241,474000,0.00548336162131074
2078,Dundas St W,Hwy 5,5,1147,2464507,1805000,0.0267946733987016
2079,Colonel Talbot Rd,King's Highway 4,4,0,0,0,0.0156089297122969
2080,Colonel Talbot Rd,King's Highway 4,4,0,0,0,0.00186077537603113
2081,Colonel Talbot Rd,King's Highway 4,4,0,0,0,0.00113459948880253
2082,Colonel Talbot Rd,King's Highway 4,4,0,0,0,0.000912509547309508
2083,Colonel Talbot Rd,King's Highway 4,4,0,0,0,0.000142862654332853
2084,Colonel Talbot Rd,King's Highway 4,4,0,0,0,0.00593036207698022
2085,Wharncliffe Rd S,King's Highway 4,4,0,0,0,0.0128828714764791
2086,Hwy 62,King's Highway 62,62,272,127015,594000,0.0014852511787286
2087,Hwy 62,King's Highway 62,62,252,192779,631000,0.0118369652273366
2088,North Front St N,King's Highway 62,62,0,0,0,0.012825899195071
2089,Hwy 37, ,37,363,3549302,8515000,0.00157839512902846
2090,Wharncliffe Rd S,King's Highway 4,4,0,0,0,0.000652754811546901
2091,Hwy 12,Tc Hwy,12,339,966165,3279000,0.0124977781966662
2092,Regional Road 24, ,24,0,0,0,0.00192326733660097
2093,Highway 24, ,24,370,771450,2481000,0.0108114010734656
2094,Dundas St E,Hwy 5,5,0,0,0,0.0255015827464724
2095,Kingston Rd,Highway 2,2,0,0,0,0.00991068951008995
2096,Hwy 6,King's Highway 6,6,113,306067,336000,0.0162969472778168
2097,Hwy 6,King's Highway 6,6,269,490764,2335000,0.00498747222386622
2098,Grand Ave E,County Road 2,40,0,0,0,0.0332678074839814
2099,Mill St E,King's Highway 7,7,0,0,0,0.00710197310298989
2100,Hwy 26, ,26,253,91332,339000,0.00963189515596448
2101,County Road 109,Hwy 9,9,0,0,0,0.015683301905916
2102,Highway 621, ,621,18,2633,3000,0.0136486942036957
2103,None, ,621,0,0,0,0.000226503863115086
2104,County Road 2, ,2,0,0,0,0.0346222920718198
2105,County Road 109,Hwy 9,9,0,0,0,0.0188734463078427
2106,County Road 109,Hwy 9,9,0,0,0,0.00213649427990137
2107,Highway 6,King's Highway 6,6,228,433897,721000,0.0169081042826864
2108,Sunset Rd,County Road 4,4,0,0,0,0.0145493949170592
2109,Hwy 8,Queenston Rd,8,0,0,0,0.0101536031984292
2110,Plank Rd,County Road 19,19,0,0,0,0.0338687837387417
2111,Lundy's Lane,Regional Road 20,20,0,0,0,0.0113358327438348
2112,Ferry St, ,20,0,0,0,0.00781922058814536
2113,Highway 48,King's Highway 48,48,597,274628,802000,0.00057795588065913
2114,County Road 119,King's Highway 7,7,488,1204637,3438000,0.0194934654181664
2115,Dundas St S,King's Highway 8,8,524,876329,1647000,0.0225734346195305
2116,Vincent Massey Dr, ,2,0,0,0,0.00102556378053285
2117,Sunset Rd,County Road 4,4,0,0,0,0.00432859334918655
2118,Dundas St S,King's Highway 8,8,468,2282664,2764000,0.011791276711793
2119,Broadway,Hwy 9,9,0,0,0,0.00400110487442146
2120,Broadway,Hwy 9,9,0,0,0,0.00539401401184252
2121,Highway 28, ,28,286,396246,744000,0.0188891319014669
2122,Kingston Rd,Regional Highway 2,2,0,0,0,0.00137426998804449
2123,Highway 77, ,77,579,3313233,10455000,0.0027129741981592
2124,Atherley Road, ,12,505,733683,1633000,0.00557017839696949
2125,Highway 118, ,118,139,12618,349000,0.00551183893378225
2126,Sunset Rd,County Road 4,4,0,0,0,0.0139644303501819
2127,Sunset Rd,County Road 4,4,0,0,0,0.00090214189570934
2128,Sunset Rd,County Road 4,4,0,0,0,0.0141907819672078
2129,Kent St W,King's Highway 35,35,265,315629,282000,0.00620641615521549
2130,Yonge St, ,11,0,0,0,0.00191131159310245
2131,Hwy 89,Church St,89,564,4274467,9764000,0.037978329517412
2132,Hwy 9,Highway 9,9,1031,5890766,7219000,0.0183206037953011
2133,Highway 8,Hwy 8,8,0,0,0,0.01007680176864
2134,Highway 7, ,7,536,1385227,6872000,0.0116142599704815
2135,Highway 7, ,7,397,1189807,6822000,0.0156481363146752
2136,Highway 7, ,7,397,1189807,6822000,0.00447044642069047
2137,Highway 7, ,7,527,1189807,6822000,0.00347620207406584
2138,Highway 7, ,7,406,2596278,7474000,0.0157005775574544
2139,Hwy 9, ,9,1000,2145307,5292000,0.0147713335432764
2140,Highway 10,Hwy 9,10,946,5245432,9508000,0.00161157801732972
2141,Hwy 9, ,9,1001,2142756,5283000,0.00613801311439869
2142,Hwy 37, ,37,223,1444398,4928000,0.00828511252743958
2143,Tc Hwy,King's Highway 17,17,407,2891184,15114000,0.0217150285012247
2144,Mackay St,Highway 41,41,0,0,0,0.00392264867094539
2145,Hwy 9, ,9,76,0,0,0.00444313905187172
2146,Hwy 9, ,9,76,0,0,0.0240349994499869
2147,Hwy 20, ,20,0,0,0,0.00976513099480314
2148,Highway 7, ,7,261,1694699,1753000,0.00839240589484327
2149,Hwy 26, ,26,686,2096568,4958000,0.020238692922895
2150,Queen St E,Regional Road 107,7,0,0,0,0.00195821844285191
2151,Queen St E,Regional Road 107,7,0,0,0,0.00717866086010068
2152,Highway 15, ,15,431,124937,371000,0.00788578173001292
2153,Highway 118 W, ,118,0,0,0,0.000111400179505922
2154,Highway 118 W, ,118,139,12618,349000,0.000496614466175317
2155,Highway 10, ,10,314,1069471,2610000,0.0226115730409829
2156,Highway 7,Victoria St N,7,411,662300,3175000,0.0190002911702228
2157,Dundas St W,Hwy 5,5,1147,2464507,1805000,0.0232859993481738
2158,Dundas St,King's Highway 8,8,3217,1141633,2705000,0.00701413103470994
2159,Hwy 9,Highway 9,9,1192,3892242,9992000,0.0033418570214325
2160,Dundas St,King's Highway 8,8,0,0,0,0.00896537528586185
2161,Highway 599, ,599,16,88008,416000,0.0198695813701351
2162,Highway 7a,Scugog St,7,562,701768,1090000,0.0106076581305352
2163,Hwy 35,King's Highway 35,35,239,628026,2407000,0.0141593526668866
2164,Highway 21, ,21,232,240593,2276000,0.0314677976528457
2165,Hwy 9,Highway 9,9,1192,3892242,9992000,0.00538046064736153
2166,Dundas St S,King's Highway 8,8,468,2282664,2764000,0.00782303511228451
2167,King St E,King's Highway 8,8,2695,515960,947000,0.00566673481837768
2168,Coronation Blvd,King's Highway 8,8,2775,534504,987000,0.000370094582487536
2169,Hwy 89, ,89,935,1567476,4102000,0.00152208179801377
2170,Muskoka 10 Road, ,141,0,0,0,0.000213285169712323
2171,Highway 7,Tc Highway,7,1036,5901589,2911000,0.0172388099611513
2172,Yonge St, ,11,0,0,0,0.00116478269215908
2173,Highway 7,Tc Highway,7,693,5188846,2524000,0.00535457165200218
2174,Highway 3, ,3,911,487184,1518000,0.00552446923605261
2175,St Clair Rd,King's Highway 40,40,330,703735,1384000,0.0140904986519835
2176,Wellington Main St,County Road 33,33,0,0,0,0.0236565572407878
2177,Loyalist Pky,County Road 33,33,0,0,0,0.00230306577852735
2178,Loyalist Pky,County Road 33,33,0,0,0,0.00409199836020038
2179,Loyalist Pky,County Road 33,33,0,0,0,0.00176873224878665
2180,Loyalist Pky,County Road 33,33,0,0,0,0.0447029940070527
2181,Bloomfield Main St,Highway 33,33,0,0,0,0.00603631807448182
2182,Bridge St,Highway 33,33,0,0,0,0.00409015300371305
2183,Hwy 33,Picton Main St,33,129,74207,708000,0.029472439971094
2184,Hwy 33,Picton Main St,33,0,0,0,0.012292124135738
2185,Tc Hwy, ,17,624,4630604,13925000,0.0521258152927216
2186,County Road 33, ,33,0,0,0,0.00988820583609975
2187,County Road 2,Highway 2,2,0,0,0,0.0266103556604938
2188,Broadway,Hwy 9,9,0,0,0,0.00865200076423565
2189,Broadway,Hwy 9,9,0,0,0,0.00258838732223929
2190,Hwy 62, ,62,208,132510,604000,0.00658704197706324
2191,Highway 7, ,7,235,1044689,1625000,0.00612211112219291
2192,County Road 2,Highway 2,2,0,0,0,0.00446610029524751
2193,County Road 2,Highway 2,2,0,0,0,0.0026384639470675
2194,Highway 8, ,8,306,1188208,1387000,0.0237466106308871
2195,Hwy 37, ,37,0,0,0,0.00647983746440536
2196,Hwy 37, ,37,165,1182252,3928000,0.00856418270703053
2197,County Road 2, ,2,0,0,0,0.0150671171003631
2198,Tc Hwy,King's Highway 17,17,588,4705660,21801000,0.0407332283585798
2199,Hwy 9, ,9,1000,2145307,5292000,0.0118824006156772
2200,Broadway,Hwy 9,9,0,0,0,0.00660282380105058
2201,O'brien Rd, ,60,0,0,0,0.007671154397329
2202,O'brien Rd, ,60,246,552799,1678000,0.00181780277750962
2203,County Road 3,Talbot Trail,3,0,0,0,0.0115948992129223
2204,Highway 35,Highway 35,35,383,1065127,5683000,0.0010269503930947
2205,County Road 2, ,2,0,0,0,0.000209059293066893
2206,County Road 2, ,2,0,0,0,0.000126909416476513
2207,Highway 7, ,7,335,3266713,8844000,0.0325908695964938
2208,Highway 15, ,15,126,194137,410000,0.0191429246816725
2209,Highway 15, ,15,270,280233,535000,0.000466181295200853
2210,Highway 7, ,7,527,1189807,6822000,0.0191047148276086
2211,First St,Hwy 26,26,0,0,0,0.00121565219287627
2212,Richmond St,King's Highway 4,4,0,0,0,0.00605400655368122
2213,Elginfield Rd,King's Highway 7,7,296,386706,1000000,0.0159127570656921
2214,County Road 4,Hwy 4,4,0,0,0,0.0046254326820136
2215,Highway 518, ,518,62,1914,18000,0.154348669246931
2216,Elginfield Rd,King's Highway 7,7,296,386706,1000000,0.0129942992491676
2217,Elginfield Rd,King's Highway 7,7,296,386706,1000000,0.00324857555182258
2218,Elginfield Rd,King's Highway 7,7,334,446550,1013000,0.00804638249438611
2219,Dufferin Ave,King's Highway 40,40,292,3122067,2642000,0.0222453845664367
2220,Murray St,King's Highway 40,40,0,0,0,0.00589494148602055
2221,Dufferin Ave,King's Highway 40,40,280,647784,1057000,0.00106022727752766
2222,Highway 40, ,40,253,589362,995000,0.000704139190827438
2223,Elginfield Rd,King's Highway 7,7,333,1071243,5691000,0.0145924826005583
2224,Highway 8, ,8,429,1876235,2588000,0.0236030389764186
2225,164 Road,Hwy 23,23,268,330892,1166000,0.0207122264808542
2226,Murray St,King's Highway 40,40,0,0,0,0.000658366678985266
2227,Regional Road 54,Hwy 58,58,0,0,0,0.000697121223319502
2228,Sunset Rd,King's Highway 4,4,540,1819272,5540000,0.0193452799286952
2229,Sunset Dr,County Road 4,4,0,0,0,0.00128410520750916
2230,Talbot Branch Rd N, ,4,0,0,0,0.00139382451551112
2231,164 Road,Hwy 23,23,268,330892,1166000,0.018747628764619
2232,Murray St,King's Highway 40,40,0,0,0,0.0127615280688341
2233,Murray St,King's Highway 40,40,0,0,0,0.00166811470409666
2234,Highway 40,Mcnaughton Ave,40,0,0,0,0.00181345528097046
2235,Ontario Rd,King's Highway 8,8,0,0,0,0.0021179370004346
2236,Highway 8, ,8,429,1876235,2588000,0.0236339133478863
2237,Highway 8, ,8,327,1330154,1661000,0.0236594715675077
2238,Highway 8, ,8,327,1330154,1661000,0.0214922596574645
2239,Ontario Rd,King's Highway 8,8,429,1876235,2588000,0.0236977860045926
2240,164 Road,Hwy 23,23,256,271393,1098000,0.0207144603794667
2241,County Road 119,King's Highway 7,7,488,1204637,3438000,0.00115400158143554
2242,Huron Rd,King's Highway 8,8,374,1867464,2622000,0.00939196899596123
2243,County Road 119,King's Highway 7,7,379,828087,2923000,0.0208272647534987
2244,Highway 8, ,8,429,1876235,2588000,0.0236458128097202
2245,Huron Rd,King's Highway 8,8,363,1867492,2622000,0.0235386082280341
2246,Bovaird Dr W,King's Highway 7,7,0,0,0,0.000540378805994961
2247,Hurontario St,Highway 10,10,1173,1342135,659000,0.00613850514731605
2248,Sunset Rd,King's Highway 4,4,540,1819272,5540000,0.000352464789703435
2249,St Clair Rd,King's Highway 40,40,330,703735,1384000,0.0147619728844061
2250,Plank Line,King's Highway 19,19,524,2693157,11307000,0.011595987962827
2251,Plank Line,King's Highway 19,19,518,2693157,11307000,0.00329127539313657
2252,Highway 17, ,17,450,4744948,25002000,0.504273848452034
2253,Highway 40, ,40,303,2789865,2483000,0.0123261152306399
2254,County Road 4,Hwy 4,4,0,0,0,0.00393706147323904
2255,Highway 3, ,3,223,643134,2520000,0.0327831236329307
2256,Highway 40, ,40,253,589362,995000,0.0122681667723025
2257,Highway 40, ,40,253,589362,995000,0.0123224542846232
2258,Highway 40, ,40,269,2788430,2481000,0.0123456071795032
2259,Regional Road 20,Hwy 20,20,0,0,0,0.0103545909491896
2260,Highway 8,King's Highway 7,7,524,3390200,6622000,0.0251900881984971
2261,Erie St,King's Highway 7,7,0,0,0,0.0106082477878219
2262,Ontario St,King's Highway 7,7,0,0,0,0.00271718742486652
2263,Highway 40, ,40,303,2492881,2482000,0.0123086350656935
2264,Highway 8,King's Highway 7,7,353,3728752,7413000,0.0251780123364929
2265,Highway 3,St Thomas Expy,3,273,1070771,5803000,0.00270015123203322
2266,Hwy 9, ,9,116,137073,413000,0.0206229274718548
2267,Highway 3,Concession 1 Rd,3,366,356034,726000,0.0024150607696035
2268,Hwy 6,Main St S,6,326,524828,2350000,0.00812212398284399
2269,County Road 109,Hwy 9,9,0,0,0,0.0226481846889515
2270,Highway 40, ,40,303,1691293,2561000,0.0245170726393951
2271,Hwy 26, ,26,0,0,0,0.000375740375771147
2272,Highway 7, ,7,452,1217340,6971000,0.000146986393966196
2273,Highway 7a, ,7,294,340603,179000,0.0342301224598202
2274,Regional Road 20,Hwy 20,20,0,0,0,0.00389340616184699
2275,Highway 60, ,60,441,1609051,839000,0.0506089378861052
2276,Highway 3,St Thomas Expy,3,282,1004384,4564000,0.0029261342635886
2277,Highway 3,St Thomas Expy,3,273,1070771,5803000,0.00117529002868134
2278,Highway 3,St Thomas Expy,3,273,1070771,5803000,0.0174549053529918
2279,Opeongo Line, ,60,0,0,0,0.00131293640361337
2280,Loyalist Pky,County Road 33,33,0,0,0,0.0196747550485531
2281,Dundas St W,Hwy 5,5,0,0,0,0.00935275937662978
2282,Highway 24, ,24,578,2989267,5111000,0.0135777300629908
2283,Highway 6,King's Highway 6,6,212,1187165,3235000,0.0167892578319581
2284,County Road 2, ,2,0,0,0,0.000535615662611498
2285,Huron Rd,King's Highway 8,8,194,322238,690000,0.0237621205922279
2286,County Road 2, ,2,0,0,0,0.0117755052395517
2287,Talbot Line,King's Highway 3,3,476,1458100,3890000,0.00614850021933266
2288,Talbot Line,King's Highway 3,3,476,1458100,3890000,0.0010120000000029
2289,Hwy 3,King's Highway 3,3,147,975013,1293000,0.00945296398349942
2290,Highway 6, ,6,2282,10554683,27858000,0.0220612703446671
2291,King St E,Regional Highway 2,2,0,0,0,0.0122243016099534
2292,Hwy 3,King's Highway 3,3,164,927757,1289000,0.00766228991616402
2293,Regional Hwy 2,Highway 2,2,0,0,0,0.0182494075294335
2294,Hwy 140, ,140,374,549232,1546000,0.00106248631614555
2295,County Road 3,Talbot Trail,3,0,0,0,0.0255306491952796
2296,Hurontario St,Hwy 10,10,1009,9953491,6754000,0.0352112693788758
2297,Highway 11, ,11,362,4853982,19066000,0.003449034404588
2298,Talbot Trail,County Road 3,3,0,0,0,0.0152048522084861
2299,Talbot Trail,County Road 3,3,0,0,0,0.0255875193532754
2300,Hwy 140, ,140,374,549232,1546000,0.00630658982433141
2301,Hurontario St,Hwy 10,10,921,2960572,5739000,0.00496883106656477
2302,Highway 7,Highway 12,7,615,577748,1120000,0.0134958351968758
2303,Highway 542, ,542,60,87006,165000,0.0261600658624155
2304,Hwy 9, ,9,1001,2142756,5283000,0.0123209419858341
2305,Hwy 60, ,60,226,246358,765000,0.0203017203943031
2306,Highway 6,King's Highway 6,6,251,663955,1455000,0.0172905735373095
2307,Highway 3,Concession 1 Rd,3,356,212245,647000,0.00668199799997637
2308,Wharncliffe Rd S,King's Highway 4,4,0,0,0,0.0096743625451648
2309,Highway 3,Concession 1 Rd,3,366,356034,726000,0.00113701483107744
2310,Hurontario St,Highway 10,10,1527,10109607,6909000,0.0149654126683617
2311,Guelph St,King's Highway 7,7,0,0,0,0.0035771019328816
2312,Wharncliffe Rd S,King's Highway 4,4,0,0,0,0.00209009569158254
2313,Wharncliffe Rd S,King's Highway 4,4,0,0,0,0.000930203384212494
2314,Highway 3,Concession 1 Rd,3,356,212245,647000,0.00141700317572334
2315,Tc Hwy, ,17,522,5178313,21789000,0.00546231433350581
2316,Wharncliffe Rd S,King's Highway 4,4,0,0,0,0.0121278925374422
2317,Richmond St,King's Highway 4,4,0,0,0,0.00261622207968513
2318,Wharncliffe Rd S,King's Highway 4,4,0,0,0,0.00478827934084047
2319,Horton St E,King's Highway 4,4,0,0,0,0.00446436365523322
2320,Davis Rd,King's Highway 58,58,305,1158575,703000,0.000841833503703634
2321,Wellington Main St,County Road 33,33,0,0,0,0.0151956002511575
2322,Horton St E,King's Highway 4,4,0,0,0,0.00737986705185346
2323,Highway 10,Hurontario St,10,0,0,0,0.000128406401699606
2324,Maddison Ave W,Hwy 23,23,371,1348142,2545000,0.0102128067831609
2325,Winstanley St,Hwy 23,23,352,1140810,2372000,0.0078036486338277
2326,164 Road,Hwy 23,23,251,196650,813000,0.0200849950609386
2327,164 Road,Hwy 23,23,251,196650,813000,0.0203191058335403
2328,Bloomfield Main St,Highway 33,33,0,0,0,0.00509886441942553
2329,Richmond St,King's Highway 4,4,0,0,0,0.00132644683122755
2330,Hwy 93,Penetanguishene Rd,93,228,1180930,3297000,0.0213233103597122
2331,Plank Line,King's Highway 19,19,397,2281746,5031000,0.0148702246812973
2332,Plank Line,King's Highway 19,19,399,2281746,5031000,0.0166415259331697
2333,Hwy 89, ,89,395,1674845,10727000,0.0111760504196778
2334,Hwy 89, ,89,393,1653354,10711000,0.000822192191664159
2335,Horton St E,King's Highway 4,4,0,0,0,0.00265605054811221
2336,Highway 17, ,17,408,3970137,25024000,0.025067179833961
2337,Main St N,King's Highway 19,19,524,2680116,11227000,0.0168989618929585
2338,Richmond St,King's Highway 4,4,0,0,0,0.00938014988983792
2339,Highway 8, ,8,306,1188208,1387000,0.0236451340019987
2340,Richmond St,King's Highway 4,4,199,183693,352000,0.0186283377993794
2341,Hwy 37, ,37,174,1325835,3873000,0.0129597422047596
2342,County Road 2,Highway 2,2,0,0,0,0.0247735586986337
2343,Highway 10,Sydenham St,10,413,908882,2546000,0.0207876907542406
2344,Highway 12, ,12,412,698585,808000,0.0123679101709386
2345,Highway 41, ,41,174,359751,532000,0.0985449406613726
2346,Highway 518, ,518,62,1914,18000,0.00118589249090884
2347,Highway 518, ,518,62,1914,18000,0.00263069458508104
2348,Horton St E,King's Highway 4,4,0,0,0,0.000714608284279127
2349,Oil Heritage Rd,County Road 21,21,0,0,0,0.0243826564175632
2350,Kingston Rd,Highway 2,2,0,0,0,0.00781601120916576
2351,Highway 108, ,108,163,351522,2054000,0.00591199255095845
2352,Wortley Rd,King's Highway 4,4,0,0,0,0.00112079916754589
2353,Bloor St W,Hwy 5,5,0,0,0,0.00607375215727004
2354,County Road 2, ,2,0,0,0,0.0546891945591714
2355,County Road 2, ,2,0,0,0,0.0318863054264842
2356,Highway 522, ,522,19,0,0,0.152054470201259
2357,Regional Road 20,Hwy 20,20,0,0,0,0.0261416367773776
2358,Hwy 62, ,62,74,128623,313000,0.0028787214179178
2359,Richmond St,King's Highway 4,4,0,0,0,0.00134704965608563
2360,Richmond St,King's Highway 4,4,0,0,0,0.000265120696999765
2361,Highway 7,Highway 12,7,580,557029,1119000,0.0121455069689226
2362,Vincent Massey Dr, ,2,0,0,0,0.0341127714778254
2363,164 Road,Hwy 23,23,367,385389,1255000,0.0269685279860119
2364,164 Road,Hwy 23,23,367,385389,1255000,0.0268125346671705
2365,County Road 21,Oil Heritage Rd,21,0,0,0,0.00123523419560764
2366,Highway 3,Talbot Rd,3,138,318720,817000,0.0589306127566967
2367,Highway 23,Hwy 89,23,265,187600,624000,0.0174752786938002
2368,164 Road,Hwy 23,23,314,315108,1235000,0.0269280162391664
2369,Hwy 9, ,9,199,292922,732000,0.0231652431114447
2370,Highway 40,Communication Rd,40,362,1364452,4723000,0.0278032473550585
2371,Highway 11, ,11,359,4620412,18469000,0.140433709709831
2372,Hwy 12,Tc Hwy,12,343,1331452,3145000,0.01286711721483
2373,Hwy 9,Elora St N,9,565,996498,1397000,0.0235258237607489
2374,County Road 109,Hwy 9,9,0,0,0,0.0231088008126469
2375,County Road 109,Hwy 9,9,0,0,0,0.000671941217657831
2376,County Road 109,Hwy 9,9,0,0,0,0.0231441395816386
2377,Hwy 89, ,89,369,1025685,2124000,0.02647852066855
2378,Communication Rd,King's Highway 40,40,356,2334270,5041000,0.00239848723158937
2379,Communication Rd,King's Highway 40,40,0,0,0,0.000172235304185883
2380,Broadway St,King's Highway 19,19,0,0,0,0.00430548240753564
2381,Simcoe St,King's Highway 19,19,0,0,0,0.00347653077208087
2382,Vienna Rd,King's Highway 19,19,0,0,0,0.000199000000009164
2383,Hwy 3,King's Highway 3,3,212,652924,1077000,0.0149801288967535
2384,Highway 3,King's Highway 3,3,272,1339422,1736000,0.0027758981919668
2385,Deer Lake Rd,Hwy 518,518,0,0,0,0.00504400500452245
2386,Chatham St S,County Road 3,3,0,0,0,0.00173098497968184
2387,Talbot Rd,King's Highway 3,3,216,1048985,1419000,0.0260098463248137
2388,James St,King's Highway 3,3,264,929916,1281000,0.0117490767829918
2389,Niagara St,Regional Road 50,58,0,0,0,0.007608456147849
2390,The Parkway, ,115,0,0,0,0.00864684192546857
2391,Highway 3, ,3,272,929916,1281000,0.015657949899635
2392,Regional Road 24, ,24,0,0,0,0.0137654070482093
2393,Lansdowne St W, ,115,0,0,0,0.00735400716807885
2394,Bovaird Dr W,King's Highway 7,7,0,0,0,0.00380261302316247
2395,Bovaird Dr W,King's Highway 7,7,0,0,0,0.00475966096984488
2396,Highway 10,Highway 10,10,0,0,0,0.000875363353137753
2397,Bovaird Dr E,King's Highway 7,7,0,0,0,0.000172817823119866
2398,Main St N,Hwy 10,10,0,0,0,0.000128405607348737
2399,Dundas St W,Regional Road 5,5,0,0,0,0.00135146704885868
2400,Highway 24, ,24,404,837274,2518000,0.0127981085203833
2401,Highway 24, ,24,398,765303,1495000,0.0109486519788672
2402,Highway 24, ,24,398,765303,1495000,0.00192042078717839
2403,Highway 3, ,3,283,643134,2520000,0.0223631821922508
2404,County Road 6, ,6,0,0,0,0.0533415558992815
2405,Regional Road 24, ,24,0,0,0,0.00130432149488827
2406,Regional Road 24, ,24,0,0,0,0.00215153549820067
2407,County Road 6, ,6,0,0,0,0.00155061489609026
2408,Regional Road 24, ,24,0,0,0,0.000733619364528821
2409,County Road 6, ,6,0,0,0,0.000136499084257856
2410,Norfolk St S,Regional Road 24,24,0,0,0,0.00552583125911467
2411,Queensway E,King's Highway 3,3,283,643134,2520000,0.021838389407819
2412,Regional Road 24, ,24,0,0,0,0.00273399869974023
2413,Highway 3, ,3,289,643134,2520000,0.0437148510738966
2414,The Parkway, ,115,1211,1306100,3022000,0.00679521671927313
2415,Hill Rd,County Road 17,21,0,0,0,0.0218133175521808
2416,County Road 3,Talbot Trail,3,0,0,0,0.0406592881578611
2417,Highway 3,Essex Bypass,3,483,1355113,1715000,0.0236143751294489
2418,Erie St N, ,77,0,0,0,0.00642171965971733
2419,Highway 11, ,11,390,4012227,18545000,0.407248523528487
2420,Hwy 6,King's Highway 6,6,159,4099,27000,0.0343945051243386
2421,Highway 600, ,600,10,0,0,0.044434967402431
2422,Highway 3,Talbot Rd,3,159,504830,699000,0.0213715764923289
2423,Highway 17, ,17,440,8175161,38148000,0.02637646906269
2424,Highway 15, ,15,313,257023,258000,0.0259449774500728
2425,King St E, ,2,0,0,0,0.00219091555659703
2426,Oil Heritage Rd,County Road 21,21,0,0,0,0.0247823793037993
2427,Highway 3,Talbot Rd,3,154,220123,653000,0.0338708212698771
2428,Duke Street, ,594,0,0,0,0.00740399806769554
2429,Highway 11,Scott Street,11,175,453082,1023000,0.0226970175608507
2430,Highway 3,Talbot Rd,3,209,658518,724000,0.0132269657398703
2431,Lakeshore Rd,King's Highway 21,21,272,796538,2409000,0.0634427871064884
2432,Highway 21,Bluewater Hwy,21,160,153613,1702000,0.0267728662939847
2433,Highway 17, ,17,419,4684114,33101000,0.00121706605574299
2434,Danforth Ave,Hwy 5,5,0,0,0,0.00503477154019613
2435,2nd Line West, ,550,0,0,0,0.0209750020826567
2436,2nd Line West, ,550,67,197534,52000,0.0209984331833643
2437,Queen St E,Regional Road 7,7,0,0,0,0.0143026295196304
2438,Dundas St W,Regional Road 5,5,0,0,0,0.0143262330309018
2439,Trunk Road, ,17,0,0,0,0.0138426211978581
2440,Great Northern Road, ,17,0,0,0,0.0145983840999819
2441,County Road 2, ,2,0,0,0,0.00905513244672305
2442,Highway 101, ,101,89,68558,177000,0.115378413467887
2443,Sunset Dr,County Road 4,4,0,0,0,0.0118072590575726
2444,Highway 6,King's Highway 6,6,159,510413,890000,0.00150484963830681
2445,Main St E,King's Highway 3,3,265,394278,627000,0.0102467531081744
2446,Highway 69, ,69,585,5541802,20076000,0.0252840633857752
2447,Highway 48,King's Highway 48,48,484,2024600,3048000,0.00211439258371328
2448,Highway 6,King's Highway 6,6,210,1160923,2804000,0.0335451609104725
2449,Regional Road 7, ,7,693,95580,289000,0.00588971417664348
2450,Highway 6,King's Highway 6,6,218,1178742,3235000,0.00184146426081087
2451,Highway 10, ,10,303,929129,2512000,0.0265807753541965
2452,Highway 10, ,10,197,690715,1522000,0.0234454324011399
2453,Highway 7,Highway 12,7,799,372284,651000,0.0102406712750189
2454,Highway 6,King's Highway 6,6,209,291707,817000,0.0220806953831712
2455,Highway 6,King's Highway 6,6,209,291707,817000,0.01854322739778
2456,Highway 6,King's Highway 6,6,209,291707,817000,0.022306961729358
2457,Richmond St,King's Highway 4,4,67,62092,302000,0.0135243455890547
2458,Highway 21,Bluewater Hwy,21,103,122350,475000,0.0236554778284931
2459,Guelph St,King's Highway 7,7,0,0,0,0.000584670847574324
2460,County Road 109,Hwy 9,9,0,0,0,0.00822054306465379
2461,County Road 2,Highway 2,2,0,0,0,0.0410815091801897
2462,Yonge St,County Road 1,11,0,0,0,0.000538339307466718
2463,County Road 41, ,41,0,0,0,0.0296963732160928
2464,Hwy 62, ,62,252,192779,631000,0.0110179693128943
2465,Broadway,Hwy 9,9,0,0,0,0.00360245720775195
2466,Highway 48,King's Highway 48,48,335,516658,2218000,0.00551710345252734
2467,Highway 7,Highway 12,7,580,557029,1119000,0.0139462053378845
2468,Highway 8, ,8,363,1867492,2622000,0.0235407863083327
2469,Highway 21,Bluewater Hwy,21,148,153613,1702000,0.0284022015744241
2470,Highway 48,King's Highway 48,48,771,397941,2212000,0.0169568071034508
2471,Highway 6,King's Highway 6,6,468,1195489,3177000,0.0132468580267604
2472,Talbot Line,King's Highway 3,3,237,1323700,2630000,0.025928818114958
2473,Highway 15, ,15,337,279397,371000,0.000495040192313868
2474,Highway 15, ,15,339,279397,371000,0.00127282049009469
2475,Highway 8,King's Highway 7,7,1123,5568052,14084000,0.0159547633383186
2476,Highway 6,King's Highway 6,6,232,127210,55000,0.0205576308347359
2477,Highway 6,King's Highway 6,6,208,412753,130000,0.0468820259046713
2478,Highway 6,Sir John Cres,6,179,412753,130000,0.0482352384692925
2479,9th Ave E,King's Highway 6,6,0,0,0,0.00388556087274066
2480,Hwy 26, ,26,230,27162,92000,0.0345805149679912
2481,Hwy 26, ,26,230,27162,92000,0.0170913084630165
2482,Ontario St,King's Highway 7,7,0,0,0,0.000393127205849639
2483,County Road 33,Highway 33,33,0,0,0,0.00487010857495091
2484,Yonge St,County Road 1,11,0,0,0,0.00507760975834606
2485,Beckwith St N, ,15,0,0,0,0.00418174709150933
2486,Hwy 9,Highway 9,9,1096,7334958,9365000,0.0147952118287467
2487,Yonge St, ,11,0,0,0,0.0031817871959383
2488,Highway 48,King's Highway 48,48,616,397695,2211000,0.0144392114496081
2489,Hwy 9, ,9,199,292922,732000,0.0184081135641428
2490,County Road 109,Hwy 9,9,0,0,0,0.0233412160992747
2491,Hwy 59,King's Highway 3,3,216,1052468,1427000,0.016637145860745
2492,Loyalist Pky,County Road 33,33,0,0,0,0.013303915097213
2493,Danforth Ave,Hwy 5,5,0,0,0,0.00516120575800903
2494,Highway 7, ,7,265,1044689,1625000,0.0173544016112234
2495,Hwy 33, ,33,61,81993,130000,0.0878848195830392
2496,Hwy 9,Highway 9,9,1014,5890766,7219000,0.00660269218942031
2497,Hwy 9,Highway 9,9,1031,5890766,7219000,0.00377033654044004
2498,Highway 17, ,17,417,1858537,9156000,0.107346774300545
2499,Hwy 9, ,9,76,0,0,0.0240583107629722
2500,Hwy 9, ,9,76,0,0,0.0240336137321364
2501,Highway 11,Highway 17,17,899,9326847,58441000,0.37939139111195
2502,Highway 8,King's Highway 7,7,525,3389495,6620000,0.0250220253915809
2503,Highway 11,Highway 17,17,791,9288195,58207000,0.18218983777835
2504,Highway 584, ,584,17,0,0,0.18553881843929
2505,Highway 17, ,17,221,3074144,21023000,0.246421531802026
2506,Highway 584, ,584,0,0,0,0.0405659448529386
2507,2nd Line East, ,550,0,0,0,0.0105941359714757
2508,Highway 17, ,17,265,3074144,21023000,0.219632750501444
2509,Highway 101, ,101,89,68558,177000,0.0493143123993231
2510,Highway 547, ,547,16,0,0,0.036215132786779
2511,Highway 24, ,24,452,1037509,4238000,0.00566135476788311
2512,Highway 28, ,28,301,445652,128000,0.0107891331686486
2513,Highway 7,Victoria St N,7,790,697954,3216000,0.00624254118579255
2514,County Road 2, ,2,0,0,0,0.0332961658649438
2515,Lakeview Drive, ,17,0,0,0,0.0268282095463303
2516,Stewart St, ,60,0,0,0,0.0113611774644647
2517,Regional Road 20,Hwy 20,20,0,0,0,0.00419995710196757
2518,Hwy 35,King's Highway 35,35,405,1230260,5652000,0.0125459522738067
2519,Highway 118, ,118,0,0,0,0.0631706023245469
2520,Alma St,King's Highway 7,7,213,368137,492000,0.0155921514293687
2521,Lakeview Drive, ,17,0,0,0,0.00567953138370288
2522,Highway 130, ,130,20,32330,157000,0.0276255530543538
2523,County Rd 2, ,2,0,0,0,0.0623657809469549
2524,Loyalist Pky,County Road 33,33,0,0,0,0.0201967103222373
2525,Highway 64, ,64,74,125131,454000,0.17052372094302
2526,West St,Regional Road 20,20,0,0,0,0.0101140825585741
2527,Richmond St,King's Highway 4,4,0,0,0,0.00148877188630383
2528,Central Ave, ,3,0,0,0,0.00119617541669768
2529,County Rd 2, ,2,0,0,0,0.0618492617433406
2530,Hwy 9, ,9,76,0,0,0.024326106528476
2531,Highway 4,Main St,4,235,165046,237000,0.0511301422957846
2532,Highway  631, ,631,32,309975,260000,0.0535351526854647
2533,Highway  631, ,631,35,295833,248000,0.0320874534181377
2534,Highway  631, ,631,32,309975,260000,0.047603395912306
2535,Highway 663, ,663,32,83661,112000,0.0498454162228446
2536,Kingston Rd,Highway 2,2,0,0,0,0.0026595585332486
2537,Sykes St N,Hwy 26,26,259,167215,844000,0.0194486492467004
2538,Highway 108, ,108,0,0,0,0.00700558526544967
2539,Highway 529, ,529,20,57949,236000,0.0225757148397284
2540,Highway 69, ,69,608,5541802,20076000,0.0650211658270154
2541,None, ,69,585,5541802,20076000,0.0661595757319329
2542,Highway 409 W, ,409,0,0,0,0.00379939386128207
2543,Hwy 7a, ,7,370,203029,256000,0.0367105998589356
2544,Hwy 35,King's Highway 35,35,310,751766,6202000,0.00693732128777843
2545,Kingston Rd,Highway 2,2,0,0,0,0.00996851798969065
2546,Ferry St, ,20,0,0,0,0.00933140230911948
2547,Hwy 33,Bridge St,33,26,81993,130000,0.0225398170639963
2548,Highway 28, ,28,218,546618,183000,0.009356171006588
2549,Highway 118 W, ,118,162,30804,35000,0.116326446150729
2550,Union St, ,15,340,207607,9020000,0.0519143142539668
2551,Highway 518, ,518,140,0,0,0.513543419281932
2552,Hwy 33, ,33,61,81993,130000,0.055440152685189
2553,Hwy 62, ,62,192,125139,587000,0.0254614078197833
2554,County Road 2, ,2,0,0,0,0.0151731913369365
2555,Highway 6,King's Highway 6,6,285,946100,2020000,0.029727486737606
2556,Highway 522, ,522,19,0,0,0.0525521351600646
2557,Highway 6, ,6,186,792228,2676000,0.0228047265127082
2558,Highway 35, ,35,76,122679,185000,0.00863981706903353
2559,Highway 141, ,141,109,492499,481000,0.00212525571766854
2560,Hwy 17, ,17,90,38191,6000,0.0339945602946444
2561,Highway 144, ,144,271,617689,543000,0.0359278592018666
2562,None, ,656,9,0,0,0.00573067338902945
2563,Highway 607, ,607,33,120127,415000,0.0386543087665049
2564,Highway 522, ,522,19,0,0,0.0238689541367699
2565,Highway 108, ,108,163,351522,2054000,0.0226701340994386
2566,Imperial Street North, ,553,2,0,0,0.0171898832981295
2567,Rimi Lake Road,Hwy 581,581,97,0,0,0.0333441228339552
2568,Regional Road 54,Hwy 58,58,0,0,0,0.00605265314875837
2569,Clifton Hill, ,20,0,0,0,0.00342990620777954
2570,Hwy 60, ,60,142,327922,848000,0.0361993506662682
2571,Prince Charles Dr,Regional Road 54,58,0,0,0,0.0023073629516884
2572,Highway 547, ,547,16,0,0,0.00344720503989832
2573,Highway 11, ,11,251,326076,860000,0.13328921941974
2574,Highway 611, ,611,27,0,0,0.12876828188915
2575,Highway 11, ,11,0,0,0,0.0264643449206611
2576,Talbot Line,King's Highway 3,3,339,921862,4531000,0.0182304550467599
2577,Plank Rd,County Road 19,19,0,0,0,0.0248425305310723
2578,Plank Line,King's Highway 19,19,397,2281746,5031000,0.0054780955615444
2579,Regional Hwy 19,Hwy 19,19,0,0,0,0.0298833403677488
2580,Highway 21,Bluewater Hwy,21,243,165416,1719000,0.01200339285725
2581,Essa Rd,Hwy 27,11,0,0,0,0.00311032656844137
2582,Highway 401 E,Macdonald-Cartier Fwy E,401,0,0,0,0.000125208633930595
2583,Highway 7,Tc Highway,7,468,5200147,2507000,0.0168830740206783
2584,Loyalist Pky,County Road 33,33,0,0,0,0.00415069055070324
2585,Hwy 60, ,60,226,246358,765000,0.0338831947164681
2586,Highway 6,King's Highway 6,6,182,540416,2318000,0.0176800300646518
2587,County Road 19,Hwy 19,19,0,0,0,0.00735713372752393
2588,Essa Rd,Hwy 27,11,0,0,0,0.0138749164207113
2589,Highway 579, ,579,18,0,0,0.196947629351042
2590,County Road 2,Highway 2,2,0,0,0,0.00524806674253636
2591,Highway 40, ,40,303,2492881,2482000,0.0123985261030013
2592,Highway 35, ,35,189,78659,127000,0.00432645916410268
2593,Norman Drive, ,596,0,0,0,0.0190035470310472
2594,Highway 584, ,584,0,0,0,0.0409865565384608
2595,McIrvine Road, ,602,2,0,0,0.13526080462295
2596,Highway 105, ,105,160,28596,114000,0.130530618609181
2597,County Road 2, ,2,0,0,0,0.0113339767007874
2598,Highway 17, ,17,283,3225956,21136000,0.126751738029846
2599,Hwy 6,King's Highway 6,6,429,724954,3024000,0.0412479010150709
2600,Highway 101, ,101,11,15977,82000,0.256166080610517
2601,Loyalist Pky,County Road 33,33,0,0,0,0.0238148344485644
2602,Hwy 587, ,587,0,0,0,0.0122993532265359
2603,Highway 584, ,584,28,0,0,0.077507384081397
2604,Highway 602, ,602,2,0,0,0.163698520810232
2605,Highway 519, ,519,49,0,0,0.138350539979817
2606,Highway 17a, ,17,851,7840600,52768000,0.0814742137665651
2607,Highway 596, ,596,21,0,0,0.118211434107266
2608,None, ,613,26,0,0,0.272876373705969
2609,Highway 621, ,621,18,0,0,0.132893868805493
2610,Highway 17, ,17,624,6732524,37594000,0.283756520479649
2611,Airport Road, ,601,15,0,0,0.182118551425535
2612,Highway 599, ,599,16,77587,301000,0.0325975755890451
2613,Highway 77, ,77,220,1286498,2647000,0.0131002972925285
2614,County Road 3,Talbot Rd,3,0,0,0,0.028413570499522
2615,Talbot Trail,County Road 3,3,0,0,0,0.0266871096061749
2616,Highway 599, ,599,16,88008,416000,0.246294139712811
2617,Highway 588, ,588,31,103565,76000,0.173861598893007
2618,Highway 599, ,599,18,88008,416000,0.0409866515431484
2619,Highway 11, ,11,161,468476,1887000,0.269825833885906
2620,Peter Drive, ,580,12,0,0,0.157455316694218
2621,Highway 643, ,643,19,0,0,0.242141157734248
2622,Highway 556, ,556,138,290876,157000,0.0491768283087049
2623,Highway 17, ,17,110,0,0,0.0355900021742022
2624,Highway 17, ,17,265,3074144,21023000,0.0873405405526027
2625,Highway 552 E, ,552,22,0,0,0.118450755426321
2626,Highway 17, ,17,284,3175236,21112000,0.184103295012445
2627,Loudon Rd,King's Highway 4,4,425,459177,644000,0.0335395205514557
2628,Bayfield Main St S,King's Highway 21,21,133,102940,538000,0.0258591395579955
2629,Highway 519, ,519,49,0,0,0.0257379877198851
2630,Highway 542a, ,542001,9,0,0,0.0306237200442442
2631,Highway 542, ,542,62,0,0,0.0149279819920294
2632,Lakeshore Rd,King's Highway 21,21,272,796538,2409000,0.0153798545493839
2633,Highway 8,King's Highway 7,7,353,3728752,7413000,0.0254775679718694
2634,Talbot Line,County Road 3,3,0,0,0,0.0205984333396232
2635,Highway  631, ,631,35,295833,248000,0.110232097581969
2636,Highway  631, ,631,32,309975,260000,0.0542087475310722
2637,Modeland Rd,King's Highway 40,40,854,1889895,2209000,0.0245473155255803
2638,Highway  631, ,631,32,309975,260000,0.154673876839115
2639,Highway 804, ,804,3,0,0,0.261152201398639
2640,Highway 125, ,125,25,0,0,0.161920592711568
2641,Highway 569, ,569,30,0,0,0.298601922261932
2642,Highway 66, ,66,51,287209,521000,0.211236314819512
2643,Highway 542, ,542,31,0,0,0.351358221593474
2644,Hwy 62,King's Highway 62,62,135,107591,604000,0.0203189599038672
2645,Kingston Rd,Highway 2,2,0,0,0,0.00238650371883467
2646,Highway 21, ,21,243,134619,1435000,0.0207481124322888
2647,Hwy 9, ,9,76,0,0,0.0124078840940891
2648,County Road 49,Highway 49,49,0,0,0,0.0367420374196781
2649,County Road 49,Highway 49,49,0,0,0,0.015486124432944
2650,Highway 10, ,10,197,690715,1522000,0.0029721081972416
2651,Highway 10, ,10,197,690715,1522000,0.00440365274242496
2652,Yonge St, ,11,0,0,0,0.00428886992059814
2653,Highway 7, ,7,261,1694699,1753000,0.0183149439137724
2654,Highway 7a, ,7,521,701768,1090000,0.00290246890044525
2655,Highway 12 & 48, ,12,348,1331452,3145000,0.0239938081287967
2656,Highway 10, ,10,386,1175878,2503000,0.0254767565839889
2657,Highway 10, ,10,314,1069471,2610000,0.0229379803011577
2658,Hwy 89, ,89,322,1434572,4237000,0.00949491107759877
2659,Highway 10, ,10,314,1069471,2610000,0.0160172895104058
2660,Highway 10, ,10,314,1069471,2610000,0.00693208086389787
2661,County Road 21,Hwy 21,21,0,0,0,0.00214623430315312
2662,Base Line,County Road 21,21,0,0,0,0.0089560449549227
2663,Base Line,County Road 21,21,0,0,0,0.00493784378611552
2664,County Road 2, ,2,0,0,0,0.000899633814413439
2665,Highway 7,Tc Highway,7,985,5893383,2875000,0.000135793961577061
2666,Highway 21,Bluewater Hwy,21,140,153613,1702000,0.0112148928957691
2667,Ottawa St E, ,7,274,3465569,2047000,0.0201581202946779
2668,Hwy 89, ,89,639,2121479,9551000,0.00237334272958576
2669,Dundas St E,County Road 2,2,0,0,0,0.00172462314722525
2670,Talbot Rd,King's Highway 3,3,741,487184,1518000,0.0303155675539932
2671,Dundas St W,King's Highway 62,62,0,0,0,0.00185231891581727
2672,County Road 2, ,2,0,0,0,0.0311916365553251
2673,Forks Rd,King's Highway 3,3,259,2047828,2866000,0.000271046121534218
2674,Hwy 62, ,62,90,76696,234000,0.0175449327692129
2675,Norfolk St N,King's Highway 24,24,0,0,0,0.00339610908304621
2676,Norfolk St N,Regional Road 24,24,0,0,0,0.00209025572307347
2677,Hwy 9,Highway 9,9,1094,3351391,5157000,0.00860272954658479
2678,Bath Rd, ,33,134,241623,355000,0.00528282465550211
2679,Highway 21, ,21,245,260763,2122000,0.0202385726898553
2680,Hwy 132, ,132,161,138502,175000,0.0106667972189949
2681,Highway 21, ,21,236,134619,1435000,0.0207605193109022
2682,Highway 21, ,21,236,134619,1435000,0.0201694105016658
2683,Highway 21, ,21,236,134619,1435000,0.020635411013692
2684,First St,Hwy 26,26,375,667736,1691000,0.0159112382773097
2685,Highway 11,Highway 17,17,774,2835226,11585000,0.0142701267799036
2686,Highway 6,King's Highway 6,6,228,433897,721000,0.0131703103466658
2687,Hwy 26, ,26,236,24523,43000,0.0146446662971111
2688,Hwy 89, ,89,681,1731712,5002000,0.014727143930562
2689,Highway 10,Hwy 24,10,780,3675423,8291000,0.0158680053358178
2690,Lambton Line,County Road 21,21,0,0,0,0.016993476673661
2691,Oil Heritage Rd,County Road 21,21,0,0,0,0.0278100160569475
2692,Hwy 35,King's Highway 35,35,225,696393,2502000,0.0140763464522496
2693,Hwy 35,King's Highway 35,35,409,1065127,5683000,0.00107890502637353
2694,Highway 35, ,35,189,78659,127000,0.0132365302786803
2695,Danforth Ave,Hwy 5,5,0,0,0,0.0013536437308398
2696,Highway 10,Hwy 24,10,612,3066848,4103000,0.000823408768449356
2697,Highway 10,Hwy 24,10,780,3675423,8291000,0.000907428906289059
2698,Highway 10,Hwy 24,10,612,3066848,4103000,0.0278240811098556
2699,Hwy 89, ,89,683,1731712,5002000,0.0157445528138015
2700,County Road 17,Hwy 21,21,0,0,0,0.0144035040493633
2701,County Road 21,Hwy 21,21,0,0,0,0.00462988212873258
2702,Hwy 89, ,89,681,1731712,5002000,0.00409870883308464
2703,Hwy 89,Concession Road 2,89,633,2042667,9524000,0.001983714697239
2704,Hwy 89,Concession Road 3,89,633,2042667,9524000,0.00362231520964779
2705,Hwy 9,Highway 9,9,1093,7334958,9365000,0.00180531118424656
2706,Hwy 89, ,89,351,1025685,2124000,0.0160923425873057
2707,Highway 6,King's Highway 6,6,247,663955,1455000,0.0165496256973813
2708,Queen St W,Hwy 89,89,165,985031,980000,0.00919128518618306
2709,Hwy 26, ,26,0,0,0,0.00450146638391865
2710,Hwy 26, ,26,469,1053036,971000,0.016782390904172
2711,Highway 11, ,11,193,468918,442000,0.0909454729313667
2712,Hwy 89, ,89,967,1574919,4126000,0.0143512022396399
2713,Hwy 26, ,26,375,667736,1691000,0.0169271311568537
2714,Hwy 37, ,37,167,1325835,3873000,0.00249221756154972
2715,Norfolk St N,King's Highway 24,24,349,660969,740000,0.0128817215425267
2716,Hwy 26,Highway 26,26,287,972284,3557000,0.0289091059174625
2717,Hwy 6,Hamilton Plank Rd,6,262,11506,25000,0.00577471726908568
2718,Hwy 26, ,26,298,974374,3559000,0.00289157385414079
2719,Hwy 26,Highway 26,26,272,1131093,4257000,0.020261140590112
2720,Young St,Hwy 89,89,487,3707685,17007000,0.00866065456047444
2721,Hwy 89,Young St,89,487,3707685,17007000,0.0019010274343189
2722,Hwy 89, ,89,652,2299992,6818000,0.00169460045728578
2723,Highway 7,Tc Highway,7,310,759949,1056000,0.031105940550171
2724,Highway 7,Tc Highway,7,310,759949,1056000,0.0297307641476002
2725,Victoria St E,Hwy 89,89,0,0,0,0.0183609248764714
2726,Victoria St W,Hwy 89,89,0,0,0,0.00974546831637687
2727,Victoria St E,Hwy 89,89,0,0,0,0.00745188393109142
2728,Young St,Hwy 89,89,0,0,0,0.00437894770852999
2729,Victoria St E,Hwy 89,89,395,1674845,10727000,0.0124684542483488
2730,Highway 17, ,17,666,3294726,14719000,0.0199072365746569
2731,Victoria St E,Hwy 89,89,0,0,0,0.00251707867459622
2732,Highway 7,Tc Highway,7,321,759949,1056000,0.0105222730795586
2733,Highway 7,Tc Highway,7,321,759949,1056000,0.00102593860050053
2734,Highway 7,Tc Highway,7,321,759949,1056000,0.00932473223348195
2735,Highway 35,Highway 35,35,444,563130,1543000,0.00151305023046637
2736,Hwy 89, ,89,383,1623947,10686000,0.0168302227074629
2737,Hwy 93,Penetanguishene Rd,93,209,1478987,3401000,0.000163049072399943
2738,County Road 49,Highway 49,49,0,0,0,0.000169955017619321
2739,Hwy 26, ,26,763,5896891,7643000,0.01470824304219
2740,Highway 35, ,35,197,111452,127000,0.000744699939602662
2741,Hwy 26, ,26,763,5896891,7643000,0.0142579477312887
2742,Hwy 26, ,26,686,2096568,4958000,0.00746093621192855
2743,Hwy 26, ,26,695,3461007,5632000,0.00139145997285915
2744,Bayfield St,Hwy 26,11,0,0,0,0.00396444634368258
2745,Hwy 26,Hwy 27,26,0,0,0,0.000193876249182565
2746,Hwy 26,Hwy 27,11,0,0,0,0.000983563419386014
2747,Bayfield St,Hwy 26,11,0,0,0,0.00202460916723823
2748,Bayfield St,Hwy 26,26,368,1237366,3763000,0.0244571688207096
2749,Bayfield St,Hwy 26,26,0,0,0,0.00685772678461049
2750,Talbot Rd E,County Road 34,3,0,0,0,0.0164747243654296
2751,Hwy 26, ,26,686,2096568,4958000,0.0116543611356253
2752,Hwy 26, ,26,686,2096568,4958000,0.0138890577291468
2753,Hwy 93,Penetanguishene Rd,93,0,0,0,0.000757429805314012
2754,Hwy 93,Penetanguishene Rd,93,209,1478987,3401000,0.00246234238075671
2755,Hwy 93,Penetanguishene Rd,93,209,1478987,3401000,0.00643039444423005
2756,Highway 12, ,12,571,4315789,1846000,0.00392471288194535
2757,Hwy 93,Penetanguishene Rd,93,209,1478987,3401000,0.00167146503164652
2758,Hwy 93,Penetanguishene Rd,93,209,1478987,3401000,0.00103217422562494
2759,Hwy 93,Penetanguishene Rd,93,209,1478987,3401000,0.000256601200333831
2760,Highway 118, ,118,0,0,0,0.0650768679715717
2761,Highway 35,King's Highway 35,35,444,563130,1543000,0.0050666525634722
2762,Kent St W,King's Highway 35,35,265,315629,282000,0.000943685957315902
2763,Hwy 93, ,93,339,1232979,3275000,0.000848908475676857
2764,Highway 12, ,12,508,884293,2760000,0.00254428457526687
2765,Highway 12, ,12,363,811443,998000,0.00257724096815512
2766,Highway 12, ,12,367,789587,771000,0.000552611979572519
2767,Hwy 93,Penetanguishene Rd,93,228,1180930,3297000,0.0181827358676395
2768,Hwy 93,Penetanguishene Rd,93,228,1180930,3297000,0.00894003653010294
2769,Highway 12, ,12,425,694045,804000,0.017823499722978
2770,Shebeshekong Road, ,7182,6,45934,301000,0.0771331815003285
2771,Highway 77, ,77,220,1286498,2647000,0.00934849262360717
2772,Highway 144, ,144,570,807782,766000,0.00138352095537596
2773,Highway 144, ,144,570,807782,766000,0.00508912533901475
2774,Northwest Bypass, ,144,304,758282,825000,0.000895198302076269
2775,Highway 40,Mcnaughton Ave,40,0,0,0,0.000787052096138311
2776,Highway 40, ,40,269,2788430,2481000,0.0124054432965402
2777,Highway 40, ,40,303,2789865,2483000,0.0123075973195488
2778,Highway 40, ,40,232,2171797,2361000,0.0123246603435184
2779,Talbot Line,King's Highway 3,3,243,1324384,2631000,0.0192340349546119
2780,Talbot Line,King's Highway 3,3,243,1324384,2631000,0.0101773532869063
2781,Hwy 35,King's Highway 35,35,390,1065127,5683000,0.0278218118993686
2782,Highway 7,Tc Highway,7,286,505121,865000,0.00786973864557403
2783,Highway 7,Tc Highway,7,276,527823,968000,0.017288265835974
2784,Talbot Line,King's Highway 3,3,243,1324384,2631000,0.00186200403651885
2785,Highway 17 E, ,17,705,2099691,10033000,0.00179823385576728
2786,Highway 17, ,17,1023,1765024,8205000,0.0010805785850743
2787,Highway 17 E, ,17,678,2003710,9722000,0.00406026490255022
2788,Highway 17 E, ,17,1042,2780500,13497000,0.00404074965397257
2789,Hwy 9,Highway 9,9,1021,5405428,6972000,0.0144844305305991
2790,Highway 21, ,21,232,240593,2276000,0.026835402440954
2791,Highway 21, ,21,235,134619,1435000,0.0201944920974653
2792,Highway 21, ,21,221,260763,2122000,0.0182105438745597
2793,Highway 21, ,21,147,134366,1434000,0.0203237334461893
2794,Hwy 27, ,27,0,0,0,0.00468911601007539
2795,Bloor St W,Hwy 5,5,0,0,0,0.00386682265145995
2796,Highway 6,King's Highway 6,6,210,564635,1744000,0.0338128881877577
2797,Highway 6,King's Highway 6,6,159,510413,890000,0.0168794174431553
2798,10th St W,King's Highway 6,6,417,160343,841000,0.0012895304509762
2799,Highway 6,Berford St,6,209,291707,817000,0.00457569833120957
2800,Elm St,King's Highway 6,6,209,291707,817000,0.0183863841637082
2801,Highway 10,Hwy 89,89,322,1434572,4237000,0.0166747774695473
2802,Highway 10, ,10,197,690715,1522000,0.0230688718177642
2803,County Road 33,Highway 33,33,0,0,0,0.0166979820709484
2804,Pinnacle St,King's Highway 62,62,0,0,0,0.0023324852051232
2805,Highway 21, ,21,147,134366,1434000,0.0203375681132017
2806,Highway 21, ,21,147,134366,1434000,0.00137867944058842
2807,Highway 21, ,21,147,134366,1434000,0.00349255640011423
2808,Talbot Line,King's Highway 3,3,196,1377428,3323000,0.0126382887292631
2809,Highway 21, ,21,191,134619,1435000,0.0120960116208678
2810,Highway 21, ,21,191,134619,1435000,0.0200987451530835
2811,Highway 21, ,21,191,134619,1435000,0.0205300661573249
2812,5th Street, ,579,0,0,0,0.0147441908853668
2813,Base Line,County Road 21,21,0,0,0,0.00642811008773233
2814,Hwy 9, ,9,76,0,0,0.0178624602386356
2815,Hwy 62,King's Highway 62,62,135,107591,604000,0.00272549321261549
2816,Hwy 9, ,9,76,0,0,0.00121457976270561
2817,Hwy 9, ,9,76,0,0,0.0354745970940594
2818,County Road 2,Highway 2,2,0,0,0,0.00296233762998515
2819,Hwy 9,County Road 4,9,172,133577,383000,0.0240516795514647
2820,Hwy 9,County Road 4,9,172,133577,383000,0.0020158938464192
2821,Goderich St,King's Highway 21,21,236,134619,1435000,0.0183183343218813
2822,Highway 21, ,21,235,134619,1435000,0.0203561304663139
2823,Highway 21, ,21,243,134619,1435000,0.0202314521900981
2824,Highway 21, ,21,326,260368,2416000,0.017630677871908
2825,Goderich St,King's Highway 21,21,326,260368,2416000,0.0218627614490292
2826,Highway 20, ,20,0,0,0,0.000914554536351632
2827,Colonel Talbot Rd,King's Highway 4,4,792,3995470,5619000,0.000387769261277121
2828,Colonel Talbot Rd,King's Highway 4,4,762,864808,1815000,0.000335411609841799
2829,Bath Rd, ,33,134,241623,355000,0.0184533528852003
2830,Plank Rd,County Road 19,19,0,0,0,0.023784728350869
2831,Broadway,Hwy 9,9,0,0,0,0.0125095832241063
2832,Highway 3,St Thomas Expy,3,282,1004384,4564000,0.00512821587417076
2833,Tc Hwy,King's Highway 17,17,588,4710180,21253000,0.0614363128115004
2834,Elginfield Rd,King's Highway 7,7,453,591619,1048000,0.00838429726999733
2835,Elginfield Rd,King's Highway 7,7,453,591619,1048000,0.00102131777620826
2836,Highway 10, ,10,386,1175878,2503000,0.0229737416549249
2837,Hwy 89, ,89,321,1433370,4233000,0.0133906431389384
2838,Richmond St,King's Highway 4,4,67,62092,302000,0.0132440167290043
2839,Highway 132, ,132,116,31857,117000,0.0362843859934835
2840,Talbot Line,King's Highway 3,3,333,920128,2910000,0.0254509344143001
2841,Tc Hwy,King's Highway 17,17,588,4710180,21253000,0.00191597129414372
2842,Yonge St, ,11,0,0,0,0.000631323614284962
2843,Yonge St, ,11,0,0,0,0.000857462535624304
2844,Yonge St, ,11,0,0,0,0.000221381123868897
2845,Yonge St, ,11,0,0,0,0.00100149053813539
2846,Yonge St, ,11,0,0,0,0.000818616828520643
2847,Yonge St, ,11,0,0,0,0.000691550573742695
2848,Secord Road, ,7042,11,12779,300000,0.00168154110746964
2849,Greenwood Bridge Road, ,562,24,210488,174000,0.085757973209613
2850,Highway 11, ,11,539,5342453,19776000,0.00448599330589147
2851,Highway 8,King's Highway 7,7,1017,5504008,13507000,0.00914692574912835
2852,Highway 8,King's Highway 7,7,762,5684197,13508000,0.000570789053869284
2853,Highway 8,King's Highway 7,7,1389,6366074,14799000,0.00927096915191182
2854,Highway 24, ,24,452,2107031,3454000,0.0128001089381121
2855,Brant Rd,King's Highway 24,24,581,729127,1458000,0.0199908134154209
2856,Bloor St W,Hwy 5,5,0,0,0,0.00648594504219953
2857,Bloor St W,Hwy 5,5,0,0,0,0.00600594932513245
2858,Forks Rd,King's Highway 3,3,259,2047828,2866000,0.000445495230009764
2859,Hwy 89,Highway 89,89,662,2314982,6896000,0.0127467129819155
2860,King St S,Hwy 89,89,0,0,0,0.00285179662671428
2861,Hwy 93,Penetanguishene Rd,93,0,0,0,0.00229718480141923
2862,Dundas St W,Hwy 5,5,0,0,0,0.00405911739177312
2863,Highway 15, ,15,204,260530,405000,0.00270350484518677
2864,County Road 31,Hwy 93,93,0,0,0,0.0246515901189199
2865,Highway 12, ,12,412,402373,1317000,0.0014618341499856
2866,Highway 69, ,69,589,9212803,41070000,0.010166386339096
2867,Highway 69, ,69,585,5541802,20076000,0.00176009232713578
2868,Highway 108, ,108,0,0,0,0.0107400594034359
2869,Yonge St, ,11,0,0,0,0.000416203543951936
2870,Highway 17, ,17,359,1646664,8697000,0.010455200302323
2871,Highway 11, ,11,460,5804672,20156000,0.0997480475329687
2872,10th Avenue, ,571,22,8693,21000,0.0406005226630693
2873,Highway 101, ,101,0,0,0,0.00185638911921861
2874,Algonquin Boulevard East, ,101,0,0,0,0.00594561704965624
2875,Highway 11, ,11,430,4288277,19019000,0.025779113775695
2876,1st Street, ,11,619,5974167,27553000,0.0160699934981017
2877,King St W,Tc Hwy,7,0,0,0,0.0098581200915193
2878,Dawson Road, ,102,0,0,0,0.00485046167434492
2879,Bloor St W,Hwy 5,5,0,0,0,0.00414576072634674
2880,Tc Hwy,King's Highway 7,7,493,318840,816000,0.00104336091546656
2881,Tc Hwy,King's Highway 7,7,493,318840,816000,0.00129053864723587
2882,Highway 7,Tc Highway,7,493,318840,816000,0.00338853276032887
2883,Highway 7,Tc Highway,7,493,318840,816000,0.000322063658304456
2884,Highway 7,Tc Highway,7,280,411201,653000,0.0214766843137077
2885,Bloor St W,Hwy 5,5,0,0,0,0.00642964955432797
2886,Bloor St W,Hwy 5,5,0,0,0,0.00482941312584118
2887,Regional Road 20,Hwy 20,58,0,0,0,0.00229131512452592
2888,Regional Road 20,Hwy 20,58,0,0,0,0.00134118207267698
2889,Davis Rd,King's Highway 58,58,546,800137,1137000,0.00752069617526878
2890,Highway 11,Colonization Road East,11,0,0,0,0.00549325233512036
2891,Davis Rd,King's Highway 58,58,484,1710894,702000,0.000116155068759363
2892,County Road 2, ,2,0,0,0,0.019692603441566
2893,Main Street, ,67,0,0,0,0.00726601561631529
2894,The Parkway, ,115,1211,1306100,3022000,0.000699086546878238
2895,Yonge St, ,11,0,0,0,0.00533828990369613
2896,Elginfield Rd,King's Highway 7,7,334,1071470,5694000,0.0017390209889559
2897,Queen St E,Regional Road 7,7,0,0,0,0.000119854077962813
2898,Queen St E,Regional Road 7,7,0,0,0,0.00695364209261881
2899,Highway 7,Tc Highway,7,614,5181572,2507000,0.016078141312407
2900,Highway 7,Tc Highway,7,425,4745592,2742000,0.0175737225488023
2901,Plank Line,King's Highway 19,19,518,2693157,11307000,0.0151694809914469
2902,Plank Line,King's Highway 19,19,524,2693157,11307000,0.00507527220813117
2903,King St,Regional Highway 2,2,0,0,0,0.00926686663250616
2904,Highway 24, ,24,398,765303,1495000,0.0128165545536986
2905,Highway 24, ,24,382,713857,1150000,0.00184277736203077
2906,Highway 24, ,24,432,1217528,2672000,0.0136993001930326
2907,Highway 24, ,24,425,1448774,2808000,0.0144982144497466
2908,Highway 7,Tc Highway,7,421,4973036,2695000,0.00498921653434601
2909,Highway 7,Tc Highway,7,476,5046035,2629000,0.00168786380549916
2910,Highway 7,Tc Highway,7,425,4745592,2742000,0.00770240055412959
2911,Highway 7,Tc Highway,7,425,4745592,2742000,0.00503608797658998
2912,Highway 7,Tc Highway,7,425,4745592,2742000,0.00376532795168398
2913,King St,Regional Highway 2,2,0,0,0,0.0105598498894734
2914,Ottawa St W, ,7,416,4445135,2741000,0.0335953282096611
2915,County Road 2,Highway 2,2,0,0,0,0.0201245122464089
2916,County Road 2,Highway 2,2,0,0,0,0.00482362535855794
2917,County Road 2,Highway 2,2,0,0,0,0.00496023090530765
2918,County Road 2,Highway 2,2,0,0,0,0.00677922984101326
2919,164 Road,Hwy 23,23,379,845045,1243000,0.0195899832587621
2920,County Road 2,Highway 2,2,0,0,0,0.00578486412973241
2921,County Road 2,Highway 2,2,0,0,0,0.000942978062282788
2922,County Road 33,Highway 33,33,0,0,0,0.000946316707003612
2923,Highway 11, ,11,32,7026,14000,0.000641171583885301
2924,Edna St,King's Highway 7,7,0,0,0,0.00147000776664424
2925,Hwy 37, ,37,307,1556145,4159000,0.00288596386944411
2926,Rest Acres Rd,King's Highway 24,24,616,3495922,5412000,0.00154191058167083
2927,Rest Acres Rd,King's Highway 24,24,616,3495922,5412000,0.000765524322598977
2928,Rest Acres Rd,King's Highway 24,24,616,3495922,5412000,0.00136300230149995
2929,Rest Acres Rd,King's Highway 24,24,616,3495922,5412000,0.0013435972927387
2930,King George Rd,King's Highway 24,24,685,1046873,4725000,0.0143779330118369
2931,Broadway St,King's Highway 19,19,0,0,0,0.00387094059061915
2932,Brant Rd,King's Highway 24,24,581,729127,1458000,0.0150750199684755
2933,Brant Rd,King's Highway 24,24,484,547901,866000,0.0150142693806587
2934,King George Rd,King's Highway 24,24,0,0,0,0.00224800017927357
2935,Highway 3, ,3,295,929916,1281000,0.00489119245337285
2936,Highway 28, ,28,289,590805,152000,0.00167679664181129
2937,Highway 7,Tc Highway,7,693,5188846,2524000,0.0173091532410998
2938,Highway 24, ,24,370,771450,2481000,0.00220716255580814
2939,Highway 3, ,3,271,929916,1281000,0.0232824636960736
2940,Highway 3, ,3,218,643134,2520000,0.0100880118818686
2941,Hwy 89, ,89,309,1190720,3359000,0.00856206484678572
2942,Hwy 26, ,26,230,27162,92000,0.0170737085543301
2943,Highway 3,Talbot Rd,3,196,364236,682000,0.00113919489113167
2944,County Road 2, ,2,0,0,0,0.00233435386059851
2945,County Road 109,Hwy 9,9,0,0,0,0.00589841898105805
2946,County Road 109,Hwy 9,9,0,0,0,0.00370258351966982
2947,County Road 109,Hwy 9,9,0,0,0,0.0208460459208776
2948,County Road 109,Hwy 9,9,0,0,0,0.0173567192847307
2949,County Road 109,Hwy 9,9,0,0,0,0.0095660372040907
2950,Highway 6,Main St S,6,285,946100,2020000,0.0135409943778064
2951,Hwy 89, ,89,348,1135511,2251000,0.0338698811116289
2952,Queen St E,Hwy 89,89,348,1135511,2251000,0.0283761432680769
2953,Hwy 89, ,89,348,1135511,2251000,0.00222158987890705
2954,Hwy 89, ,89,333,1135845,2248000,0.0190499900117077
2955,County Road 109,Hwy 9,9,0,0,0,0.024930584160184
2956,County Road 109,Hwy 9,9,0,0,0,0.0435531964358104
2957,Highway 6,King's Highway 6,6,261,1019396,2354000,0.0260587864324485
2958,Highway 6,George St,6,426,1434267,4883000,0.00782065480147876
2959,County Road 109,Hwy 9,9,0,0,0,0.000393604151410903
2960,Highway 6, ,6,182,540416,2318000,0.0218034565878686
2961,Hwy 89, ,89,299,1348315,3627000,0.0224785573343185
2962,Hwy 89, ,89,299,1348315,3627000,0.0217181957973109
2963,Hwy 89, ,89,309,1190720,3359000,0.0186515164766514
2964,Highway 7,Tc Highway,7,1030,5901589,2911000,0.016103821432513
2965,Highway 7,Tc Highway,7,1030,5901589,2911000,0.0158350764723174
2966,Highway 28, ,28,286,396246,744000,0.00817960717024635
2967,Highway 28, ,28,288,538739,150000,0.0264474843168702
2968,Highway 7,Tc Highway,7,693,5188846,2524000,0.0107377347689457
2969,Victoria St N,King's Highway 7,7,0,0,0,0.00614416983277208
2970,Victoria St N,King's Highway 7,7,0,0,0,0.00534172898038645
2971,Bruce St,King's Highway 7,7,0,0,0,0.00124169239349327
2972,Bruce St,King's Highway 7,7,0,0,0,9.87927122372357e-05
2973,Dundas St S,King's Highway 8,8,0,0,0,0.0054157532914669
2974,Ranger Lake Road, ,556,32,217723,151000,0.00749201974852712
2975,Highway 6,King's Highway 6,6,261,1019396,2354000,0.0269194860856797
2976,Highway 6,King's Highway 6,6,285,946100,2020000,0.0268754151695089
2977,Highway 6,King's Highway 6,6,285,946100,2020000,0.018536382711768
2978,Hwy 89, ,89,333,1135845,2248000,0.0318335517156005
2979,County Road 109,Hwy 9,9,0,0,0,0.0130816693014407
2980,County Road 109,Hwy 9,9,0,0,0,0.00522763690090097
2981,Highway 7,Victoria St N,7,0,0,0,0.00345588266584575
2982,Victoria St N,King's Highway 7,7,0,0,0,0.0258425492215319
2983,Highway 6, ,6,439,2128756,6049000,0.021277763097943
2984,County Road 3,Talbot Trail,3,0,0,0,0.0225334587391388
2985,Woodlawn Rd W,King's Highway 7,7,720,888515,5377000,0.013024384533266
2986,Woodlawn Rd W,King's Highway 6,6,0,0,0,0.00870913487768835
2987,York Rd,King's Highway 7,7,0,0,0,0.00571650592582003
2988,Highway 6, ,6,186,792228,2676000,0.022105416718289
2989,Forest Rd,King's Highway 21,21,211,550332,1045000,0.000994128764286505
2990,Highway  631, ,631,35,299858,249000,0.0152074776738454
2991,Hwy 89, ,89,309,1190720,3359000,0.0171744014702016
2992,County Road 109,Hwy 9,9,0,0,0,0.00942528430734639
2993,County Road 109,Hwy 9,9,0,0,0,0.0120329655894033
2994,Highway 6,King's Highway 6,6,429,724954,3024000,0.0210106277006801
2995,Forest Rd,King's Highway 21,21,211,550332,1045000,0.00113021413899121
2996,Highway 6,King's Highway 6,6,538,1104908,3160000,0.00210126917645088
2997,Highway 6,King's Highway 6,6,538,1104908,3160000,0.00184163975848752
2998,Highway 6, ,6,828,4189825,15532000,0.00811846431857713
2999,Tower St S,King's Highway 6,6,0,0,0,0.00509080840426995
3000,St David St S,King's Highway 6,6,0,0,0,0.00175405940427425
3001,St David St N,King's Highway 6,6,0,0,0,0.00101838169867963
3002,Highway 6,Queen St,6,786,4218844,15414000,9.92018145332856e-05
3003,Highway 77,Main St,77,285,2242838,10512000,0.0104810831587209
3004,Highway 77, ,77,0,0,0,0.000157999999998992
3005,Highway 6, ,6,721,2393668,7507000,0.00898894775116049
3006,Woodlawn Rd W,King's Highway 7,7,0,0,0,0.00934883498804023
3007,Regional Road 8,Hwy 8,8,0,0,0,0.00404784498442858
3008,County Road 109,Hwy 9,9,0,0,0,0.0254296420352471
3009,Bloor St W,Hwy 5,5,0,0,0,0.0051676277695295
3010,Bloor St W,Hwy 5,5,0,0,0,0.00471133078421568
3011,Highway 6, ,6,1533,10845265,28596000,0.0160143254775145
3012,Highway 6, ,6,2519,10559170,28093000,0.0102603035924441
3013,Highway 6, ,6,796,2564159,3963000,0.0125982577383021
3014,Talbot Line,King's Highway 3,3,196,1377428,3323000,0.0192975505361584
3015,Talbot Line,King's Highway 3,3,238,1324384,2631000,0.0141503482695063
3016,Talbot St W,King's Highway 3,3,0,0,0,0.00715146812869964
3017,Talbot St W,King's Highway 3,3,0,0,0,0.00533011261291995
3018,Talbot St E,King's Highway 3,3,0,0,0,0.00726112530508135
3019,County Road 2,Highway 2,2,0,0,0,0.000715102287753483
3020,Highway 11,Highway 17,17,796,7034849,27246000,0.00117165727498701
3021,Elgin Ave E,King's Highway 8,8,0,0,0,0.00321903876368038
3022,Bayfield Rd,King's Highway 21,21,0,0,0,0.00314117234768917
3023,Huron Rd,King's Highway 8,8,288,337889,443000,0.0131587084767121
3024,Highway 48,King's Highway 48,48,246,116344,59000,0.0165828812576122
3025,Highway 48,King's Highway 48,48,89,86414,852000,0.00229648863441636
3026,Highway 48,King's Highway 48,48,89,86414,852000,0.00236461434486366
3027,Yonge St,County Road 1,11,0,0,0,0.00691767958973157
3028,Bloor St W,Hwy 5,5,0,0,0,0.00247490706893496
3029,2nd Street South, ,17,0,0,0,0.00905300053388286
3030,King St W,Regional Highway 2,2,0,0,0,0.00650901590302028
3031,King St W,Regional Highway 2,2,0,0,0,0.00998735313084362
3032,County Road 41,Highway 41,41,0,0,0,0.000157435701172776
3033,County Road 41,Highway 41,41,0,0,0,0.000149817001707089
3034,Toronto Rd,County Road 2,2,0,0,0,0.00814008598600658
3035,Highway 35, ,35,350,453425,1375000,0.000476265682168817
3036,Highway 118, ,118,0,0,0,0.000297571840087142
3037,Highway 118, ,118,0,0,0,0.000851968309279493
3038,Regional Road 20,Hwy 20,20,0,0,0,0.0100260168629585
3039,Plank Rd,County Road 19,19,0,0,0,0.00105020236143772
3040,Queen St E,Regional Road 7,7,0,0,0,0.00282703732342946
3041,Guelph St,King's Highway 7,7,0,0,0,0.00909930802138284
3042,Highway 805, ,805,12,0,0,0.00346637926889322
3043,Algonquin Boulevard East, ,101,0,0,0,0.00729300787250189
3044,Hwy 9,County Road 4,9,79,43760,175000,0.0255960208914454
3045,Hwy 9,County Road 4,9,231,268259,540000,0.00208168895462214
3046,Hwy 9, ,9,362,70679,285000,0.020468785006154
3047,Elora St,Hwy 9,9,0,0,0,0.00423340866756534
3048,Highway 61, ,61,152,520641,572000,0.0242337214448798
3049,Norfolk St S,Regional Road 24,24,0,0,0,0.00302891101886615
3050,Highway 21, ,21,211,240593,2276000,0.0269997967217432
3051,County Road 2, ,2,0,0,0,0.013254569162757
3052,County Road 31,Hwy 93,93,0,0,0,0.0185488538551702
3053,Regional Road 7, ,7,0,0,0,0.0156668914141286
3054,Dufferin Ave,King's Highway 40,40,280,647784,1057000,0.000586103233225631
3055,Highway 7a, ,7,294,340603,179000,0.00705168167772015
3056,Industrial Rd,County Road 21,21,0,0,0,0.00333573254954957
3057,Base Line,County Road 21,21,0,0,0,0.0119163480277622
3058,West   River Road, ,594,94,79692,144000,0.0828962401008936
3059,Highway 17, ,17,779,5073453,22285000,0.0117982526258211
3060,Highway 15, ,15,353,124937,371000,0.0361564201841636
3061,County Road 2,Highway 2,2,0,0,0,0.00990568358225744
3062,Highway 40, ,40,240,1977954,2746000,0.0245403859836188
3063,Highway 11,Government Road,11,371,3866391,18569000,1.24189299262732
3064,Highway 8,Hwy 8,8,0,0,0,0.0104805970630612
3065,Yonge St,County Road 1,11,0,0,0,0.00397807499125894
3066,Hwy 9,Davis Drive West,9,0,0,0,0.00524533856867808
3067,Yonge St,County Road 1,11,0,0,0,0.00364269958051586
3068,Talbot Line,County Road 3,3,0,0,0,0.0514375952726706
3069,County Road 2,Highway 2,2,0,0,0,0.0198679925363769
3070,Garrison Rd,King's Highway 3,3,0,0,0,0.0029166797476239
3071,Yonge St,County Road 1,11,0,0,0,0.00766044508462048
3072,Yonge St,County Road 1,11,0,0,0,0.00299258366631849
3073,Talbot St W,King's Highway 3,3,264,908267,2812000,0.0125688521709574
3074,Hwy 35,Highway 7A,35,311,1105697,2591000,0.00500545255113154
3075,Regional Road 20,Hwy 20,20,0,0,0,0.00681509753416191
3076,Talbot Line,King's Highway 3,3,293,992933,2994000,0.0182182734929765
3077,Talbot Line,King's Highway 3,3,264,908267,2812000,0.000782051788581358
3078,County Road 2, ,2,0,0,0,0.0474919047655226
3079,Plank Rd,County Road 19,19,0,0,0,0.0146174028756241
3080,164 Road,Hwy 23,23,256,271393,1098000,0.0207007938564774
3081,Elginfield Rd,King's Highway 7,7,295,446550,1013000,0.00572717932927235
3082,Highway 11, ,11,159,742637,650000,0.0831449775859224
3083,Highway 3,Talbot Rd,3,88,226271,977000,0.0894152928135921
3084,Loudon Rd,King's Highway 4,4,91,126246,222000,0.018675065160566
3085,Loudon Rd,King's Highway 4,4,238,546828,795000,0.0185927755102311
3086,Hwy 23,164 Road,23,263,159488,885000,0.00337138482108971
3087,164 Road,Hwy 23,23,269,196900,998000,0.0205093466002543
3088,Huron Church Rd,King's Highway 3,3,0,0,0,0.00822313788528138
3089,Talbot Trail,County Road 3,3,0,0,0,0.038830662439229
3090,Huron Rd,King's Highway 8,8,269,195914,339000,0.0225186700789727
3091,Highway 21,Bluewater Hwy,21,296,422968,1906000,0.018540081579761
3092,Huron St,King's Highway 8,8,279,521957,216000,0.0229371645790698
3093,Highway 21,Bluewater Hwy,21,148,153613,1702000,0.0183779992047176
3094,Ontario St,King's Highway 7,7,0,0,0,0.000225079985782792
3095,Highway 6, ,6,1525,10617354,28677000,0.00855626643708037
3096,County Road 52,King's Highway 8,8,653,2291662,2772000,0.0365086470071342
3097,Regional Road 8,Hwy 8,8,0,0,0,0.0224028145969625
3098,Dundas St W,Hwy 5,5,1029,3116875,2265000,0.00326914263440068
3099,Dundas St W,Hwy 5,5,1147,2464507,1805000,0.00197696437698844
3100,Hwy 20, ,20,0,0,0,0.000129243398277443
3101,Queenston Rd,Hwy 8,8,0,0,0,0.00894368938503854
3102,Dundas St W,Regional Road 5,5,0,0,0,0.0200322826670656
3103,Hwy 27, ,27,0,0,0,0.000649422050737627
3104,Hwy 9,Highway 9,9,1078,6124563,12172000,0.0190608908584951
3105,Erie St,King's Highway 7,7,0,0,0,0.00958543514314052
3106,Huron St,King's Highway 8,8,0,0,0,0.00278001006075955
3107,Huron St,King's Highway 8,8,0,0,0,0.0107392823580508
3108,Hwy 9,Highway 9,9,1094,3351391,5157000,0.00149625334487094
3109,Hwy 9,Highway 9,9,1192,3892242,9992000,0.00259083767533868
3110,Hwy 9,Highway 9,9,1192,3892242,9992000,0.00036577297056241
3111,Hwy 9,Highway 9,9,1192,3892242,9992000,0.000757449668300058
3112,Hwy 9,Highway 9,9,1008,5405428,6972000,0.0171991667676819
3113,Hwy 9,Highway 9,9,1021,5405428,6972000,0.0065052009650404
3114,Hwy 9,Highway 9,9,1075,6079607,12147000,0.0124498291877917
3115,9th Ave E,King's Highway 6,6,0,0,0,0.00390575963260127
3116,Hwy 9,County Road 4,9,172,133577,383000,0.0252629382604529
3117,Highway 6,King's Highway 6,6,228,433897,721000,0.00376548622092954
3118,Highway 141, ,141,114,419514,195000,0.010817882824499
3119,Main St,Hwy 23,23,457,1240339,2451000,0.0201505191139015
3120,Highway 17, ,17,578,6848971,40659000,0.0602597235530411
3121,Highway 60, ,60,154,299879,502000,0.11275430932835
3122,Highway 24, ,24,404,837274,2518000,0.0126625597559233
3123,Queensway W,King's Highway 3,3,295,929916,1281000,0.00718781635061417
3124,Regional Road 24, ,24,0,0,0,0.00742124353540223
3125,Winchester Rd W,King's Highway 7,7,976,95580,289000,0.00181829298130296
3126,Highway 7a,Scugog St,7,562,701768,1090000,0.000873795316965172
3127,Highway 7,Tc Highway,7,240,473465,600000,0.00121448114103403
3128,Bloor St W,Hwy 5,5,0,0,0,0.00907085293086599
3129,Dundas St,King's Highway 8,8,0,0,0,0.00634561467866112
3130,Bloor St W,Hwy 5,5,0,0,0,0.0053933254234875
3131,Regional Road 7, ,7,0,0,0,0.0159410822549485
3132,Yonge St,County Road 1,11,0,0,0,0.00210836355497127
3133,Hwy 9,Highway 9,9,1115,7321624,9276000,0.0194761672538958
3134,Hwy 9,Highway 9,9,1115,7321624,9276000,0.00283159141542845
3135,Hwy 9,Highway 9,9,1115,7321624,9276000,0.0215388200056996
3136,Hwy 9,Highway 9,9,1115,7321624,9276000,0.00220726980682306
3137,Hwy 9,Highway 9,9,1096,7334958,9365000,0.0116927122394474
3138,Yonge St,County Road 1,11,0,0,0,0.00569730806979035
3139,Yonge St,County Road 1,11,0,0,0,0.0179955180315653
3140,Yonge St,County Road 1,11,0,0,0,0.0045810977942122
3141,Bloor St W,Hwy 5,5,0,0,0,0.0024458914530315
3142,Danforth Ave,Hwy 5,5,0,0,0,0.00930742927084684
3143,St David St N,King's Highway 6,6,0,0,0,0.00452607555785638
3144,Danforth Ave,Hwy 5,5,0,0,0,0.00622512392101889
3145,King St W,County Road 2,2,0,0,0,0.00288333121132558
3146,Highway 555, ,557,0,0,0,0.0237974065771059
3147,Wellington St W,King's Highway 7,7,0,0,0,0.000765000000023974
3148,Highway 21, ,21,232,240593,2276000,0.0339063235600341
3149,Highway 572, ,572,16,130183,130000,0.0104343034314214
3150,Yonge St,County Road 1,11,0,0,0,0.00925748252679629
3151,Highway 6,King's Highway 6,6,159,510413,890000,0.0172774046617245
3152,Hwy 9, ,9,362,70679,285000,0.0201711911324783
3153,Hwy 89, ,89,308,1177353,3344000,0.00432897253905418
3154,Highway 6,King's Highway 6,6,228,433897,721000,0.033028095466348
3155,Highway 6,King's Highway 6,6,148,501680,886000,0.0112375265112302
3156,Highway  637, ,637,42,0,0,0.477774003854768
3157,Highway 7,Tc Highway,7,291,527823,968000,0.0273259002204428
3158,Hwy 26, ,26,240,320729,894000,0.0632146008262506
3159,Hwy 26, ,26,686,2096568,4958000,0.0192135575551055
3160,Hwy 93,Penetanguishene Rd,93,218,1191411,3260000,0.0247947766314901
3161,Highway 12, ,12,412,699069,812000,0.0136802885434302
3162,Highway 529, ,529,34,24360,25000,0.0364687014698595
3163,Highway 522, ,522,19,0,0,0.0974865296200307
3164,Highway 522, ,522,19,0,0,0.0388276002555388
3165,Highway 528, ,528,39,0,0,0.148779063297207
3166,Highway 559 West, ,559,30,0,0,0.150918311356955
3167,Highway 141, ,141,52,81890,107000,0.00799705187370885
3168,Highway 141, ,141,112,255781,138000,0.0725479427934257
3169,Highway 518, ,518,23,1914,18000,0.0365062681893795
3170,Highway 520, ,520,20,0,0,0.250557208018234
3171,Highway 522, ,522,19,0,0,0.101671209673505
3172,Highway 534, ,534,5,0,0,0.105169124986799
3173,Highway 560, ,560,21,68957,59000,0.400188738220906
3174,Highway 144, ,144,156,1176396,9306000,0.323836278277931
3175,Highway 11, ,11,432,5305681,19393000,0.260085634015562
3176,Highway 546, ,546,15,5407,29000,0.593904432583964
3177,Highway 144, ,144,145,594347,414000,0.827662948266808
3178,Highway 11, ,11,506,5837319,29792000,0.541940616240214
3179,Hwy 672, ,672,12,818,0,0.46046117093735
3180,None, ,129,90,300417,114000,0.0308871520939839
3181,Highway 129, ,129,32,12567,20000,0.33952712247699
3182,Highway 17, ,17,577,6533610,38188000,0.338520881756112
3183,Highway  638, ,638,25,11982,21000,0.197485816844273
3184,Highway 554, ,554,22,248978,118000,0.0817812854574236
3185,Highway 129, ,129,57,384239,281000,0.228934770902983
3186,Highway 17, ,17,403,4410707,25207000,0.299732729018751
3187,Highway 546, ,546,16,0,0,0.150828610038344
3188,Highway 810, ,810,3,0,0,0.254201076561016
3189,Highway 562, ,562,0,0,0,0.0933407166487185
3190,Highway 17, ,17,389,4769473,25050000,0.185583201422689
3191,Highway 108, ,108,163,358989,2072000,0.242195568973861
3192,Highway 639, ,639,37,0,0,0.19553207607685
3193,Highway 639, ,639,37,0,0,0.0512651530881682
3194,Loyalist Pky,Highway 33,33,7,5965,28000,0.0591636766703071
3195,Sultan Industrial Road, ,667,27,0,0,0.482355996585769
3196,Highway 544, ,7044,16,3637,66000,0.255453806861384
3197,West Highway  17, ,17,653,8760520,42483000,0.426551279645963
3198,Highway 144, ,144,576,807782,766000,0.0386012825812094
3199,Highway 17, ,17,814,5131614,22531000,0.0503106286748759
3200,Old Wanup Road, ,7042,11,5481,6000,0.0542665359061684
3201,Highway 539, ,539,14,4170,5000,0.247292728273324
3202,Hill Street, ,537,63,21744,158000,0.172055768474019
3203,Highway 560, ,560,85,0,0,0.236917269012374
3204,Highway 560, ,560,85,0,0,0.0722910240639693
3205,Highway 535, ,535,35,15129,166000,0.262415224354485
3206,Highway 558, ,558,10,0,0,0.259336282698275
3207,Highway 64, ,64,40,70872,81000,0.19632514845627
3208,Highway 17, ,17,383,1369632,8606000,0.151188307612517
3209,Dyouville Street, ,64,121,48908,211000,0.550228472026535
3210,Highway 66, ,66,38,0,0,0.481585514323522
3211,Highway 65, ,65,16,2137,12000,0.359373885924909
3212,Highway 66, ,566,30,0,0,0.302723773681687
3213,Highway 11, ,11,456,4588774,19050000,0.298262665034504
3214,Broadway Avenue, ,66,93,782060,810000,0.17657293270456
3215,Highway 11, ,11,547,6889059,20552000,0.786574065508793
3216,Highway 11, ,11,534,5337782,19275000,0.191237130251011
3217,Highway 560, ,560,112,548,1000,0.114794370911502
3218,Highway 564, ,564,4,0,0,0.0848734344499831
3219,None, ,560,26,7033,534000,0.377684663888828
3220,Highway 650, ,650,19,0,0,0.0968699768901597
3221,Thompson Boulevard, ,624,18,111791,423000,0.417487368479372
3222,Highway 101 W, ,101,84,545758,1062000,0.95138252060748
3223,Highway 655, ,655,166,1533186,4174000,0.642727374714686
3224,Highway  634, ,634,44,0,0,0.723518897608647
3225,Highway 28, ,28,192,315834,166000,0.307538150870152
3226,Hwy 140, ,140,374,549232,1546000,0.02207987940185
3227,Westside Rd,King's Highway 58,58,310,945125,1417000,0.046245073619107
3228,Hwy 140, ,140,515,549232,1546000,0.0206295883042941
3229,Regional Road 20,Hwy 20,20,0,0,0,0.0103428999778977
3230,Niagara St,Regional Road 50,58,0,0,0,0.0101030595778965
3231,Highway 6,King's Highway 6,6,527,1198627,3191000,0.0152630652387599
3232,Davis Rd,King's Highway 58,58,259,870729,345000,0.0236731416006909
3233,Highway 40, ,40,240,1977954,2746000,0.0244768648195053
3234,Highway 529, ,529,5,24360,25000,0.0694793152035542
3235,Highway 529, ,529,5,24360,25000,0.0388698322574159
3236,Kingston Rd,Highway 2,2,0,0,0,0.0113579238571055
3237,Highway 35, ,35,12,26860,150000,0.019936291758795
3238,Highway 6, ,6,2519,10559170,28093000,0.00460739515364108
3239,Highway 118, ,118,76,281026,506000,0.0861259373156223
3240,Highway 3, ,3,272,929916,1281000,0.0107365558843635
3241,Highway 118, ,118,0,0,0,0.0535446329608527
3242,Medora Street, ,118,0,0,0,0.0412097945668265
3243,Highway  638, ,638,89,11982,21000,0.0121928671533502
3244,Highway 7, ,7,294,1941599,5251000,0.173350980396319
3245,Brock St N,Regional Road 12,12,0,0,0,0.0131731226349185
3246,County Road 4,Hwy 4,4,0,0,0,0.0104286491061524
3247,Highway 7,Highway 12,7,865,98680,120000,0.00218007689438916
3248,Highway 7,Highway 12,7,717,386197,708000,0.0196458497144034
3249,Highway 7,Highway 12,7,799,372284,651000,0.00845022903508933
3250,Regional Hwy 2,Highway 2,2,0,0,0,0.00851005046560429
3251,Regional Hwy 2,Highway 2,2,0,0,0,0.0106837279275966
3252,Highway 144, ,144,458,881916,9381000,0.125380059025255
3253,Tc Hwy, ,17,447,5179460,21790000,0.0184942119827785
3254,County Road 2,Highway 2,2,0,0,0,0.00148071395299688
3255,Highway 118, ,118,113,289375,139000,0.140332111256918
3256,Highway 12, ,12,278,1302189,3068000,0.0648041306874837
3257,Highway 118 W, ,118,37,28854,33000,0.431553668234455
3258,Highway 35, ,35,31,5820,8000,0.139861345404804
3259,Yonge St, ,11,0,0,0,0.0208589471005913
3260,Highway 48,King's Highway 48,48,335,516658,2218000,0.0214984407207208
3261,Black Road, ,17,0,0,0,0.00385118185236198
3262,Black Road, ,17,0,0,0,0.00157894770262506
3263,Highway 12, ,12,390,506811,1577000,0.123601956577239
3264,Hill  Street Ramp, ,537,0,0,0,0.00108662652983415
3265,Highway 7,Highway 12,7,607,455137,1013000,0.0140401951867064
3266,Highway 12, ,12,309,1300649,3067000,0.00684562791109496
3267,Highway 65, ,65,113,688523,609000,0.471959822403851
3268,Highway 7a, ,7,294,340603,179000,0.0363768330782383
3269,Highway 35, ,35,48,26919,80000,0.149816554083839
3270,Highway 35, ,35,122,24361,298000,0.0784829491045137
3271,Highway 6,King's Highway 6,6,159,510413,890000,0.0157504845713496
3272,Highway 141, ,141,119,230545,51000,0.166486431150989
3273,Highway  632, ,632,38,21065,68000,0.0757150585682543
3274,Highway 592, ,592,61,73124,75000,0.0574775273129336
3275,Katrine Road,Highway 592,592,8,0,0,0.0254069721972188
3276,Highway 124, ,124,32,94933,98000,0.232884516550874
3277,Highway 522, ,522,75,61813,76000,0.321116556111192
3278,Highway 101, ,101,124,73663,179000,0.0278654687870598
3279,Highway 124, ,124,133,328547,290000,0.121833962694345
3280,North   Sparks Street, ,520,47,0,0,0.187669901367084
3281,Highway 524, ,524,16,0,0,0.0463146741537625
3282,Highway 534, ,534,60,0,0,0.170015946775953
3283,10th St W,King's Highway 6,6,417,160343,841000,0.0306852888978997
3284,Highway 35, ,35,30,26860,150000,0.156020143189543
3285,Highway 60, ,60,451,1609051,839000,0.0679423299359354
3286,Hwy 26,Pretty River Pky,26,425,4063301,2984000,0.0253125895918152
3287,Hwy 26, ,26,695,3461007,5632000,0.0271821294488086
3288,Highway 12, ,12,407,789587,771000,0.0237508458922209
3289,Highway 124, ,124,26,56495,75000,0.124849364928065
3290,607a, ,607001,12,76956,65000,0.028704926509892
3291,Highway 60, ,60,95,100118,275000,0.0523042285678966
3292,Highway 546, ,546,30,254385,147000,0.0959762096448765
3293,Highway 538, ,538,12,4851,88000,0.0667866122881967
3294,Highway 28, ,28,310,476220,773000,0.0378614289192674
3295,Highway 118, ,118,71,115334,476000,0.160337132692333
3296,Highway 6, ,6,374,2628494,2138000,0.0270827234525338
3297,Highway 62, ,62,174,537769,195000,0.0728525956008639
3298,Highway 64, ,64,89,125131,454000,0.0296949373667396
3299,Highway 60, ,60,168,704629,576000,0.231152587299441
3300,Mill Street, ,62,107,89868,245000,0.231924489276373
3301,Highway 127, ,127,53,65413,23000,0.353349883758827
3302,Queen St E,Regional Road 7,7,0,0,0,0.0178257619464843
3303,Highway 60, ,60,38,179104,124000,0.331251414376654
3304,Highway 523, ,523,33,0,0,0.203379862381601
3305,Loyalist Pky,County Road 33,33,0,0,0,0.0250947388790827
3306,Highway 7, ,7,307,3110936,8843000,0.111430504587643
3307,Highway 41, ,41,87,361407,542000,0.387553375074807
3308,Highway 15, ,15,288,264014,459000,0.0308824437019991
3309,Dunnville Rd,King's Highway 3,3,140,538523,1066000,0.0151683284328849
3310,Hwy 89, ,89,321,1433370,4233000,0.0122388659162985
3311,Highway 21,Bluewater Hwy,21,149,153613,1702000,0.00606162756161464
3312,County Road 41, ,41,0,0,0,0.150806429422853
3313,Durham St S, ,62,211,130918,596000,0.0486855858160286
3314,County Road 2,Highway 2,2,0,0,0,0.0759873961074288
3315,County Road 41, ,41,0,0,0,0.0162274711275632
3316,Hwy 33, ,33,162,81993,130000,0.0792399449379557
3317,Hwy 33, ,33,132,83093,133000,0.00404687638402208
3318,Bath Rd, ,33,276,236266,342000,0.0256309604825168
3319,Highway 60, ,60,142,327922,848000,0.0618730309642882
3320,Highway 15, ,15,210,263247,459000,0.0198018560753449
3321,Highway 41, ,41,150,379603,633000,0.243995421933702
3322,Highway 28, ,28,31,24595,104000,0.209761883967379
3323,Highway 7, ,7,290,528393,906000,0.0137851248901939
3324,Highway 60, ,60,147,687464,350000,0.215566301236631
3325,Highway 28, ,28,57,83776,115000,0.170604732313517
3326,Highway 60, ,60,116,299879,502000,0.0759591869846513
3327,Highway 60, ,60,139,224886,511000,0.123854656896075
3328,Highway 41, ,41,98,76370,325000,0.0251758299082528
3329,Guelph St,King's Highway 7,7,0,0,0,0.0129576760413575
3330,Hwy 60, ,60,190,383521,1093000,0.0410391751746553
3331,Tc Hwy, ,17,624,4630604,13925000,0.0455501650203724
3332,Tc Hwy,King's Highway 17,17,615,4886196,21679000,0.0440396080570524
3333,County Road 15, ,15,4506,39501497,166177000,0.0632608180685719
3334,King St W, ,2,0,0,0,0.0361023260233366
3335,Highway 15, ,15,303,257023,258000,0.0102111997824061
3336,Hwy 26, ,26,298,974374,3559000,0.0150071486028336
3337,Highway 7, ,7,527,1189807,6822000,0.0266715616417087
3338,Highway 15, ,15,185,195334,415000,0.0607612281127239
3339,Highway 15, ,15,358,124937,371000,0.0149096657758261
3340,Cannifton Rd,Highway 37,37,0,0,0,0.00421436183894986
3341,Britt Road, ,526,21,0,0,0.0333399168297501
3342,Hwy 62, ,62,252,192779,631000,0.00661445417343504
3343,Highway 17, ,17,0,0,0,0.00642347277741222
3344,County Road 29, ,15,0,0,0,0.0165650829120793
3345,Highway 11, ,11,554,5775788,20161000,0.0699148558095258
3346,Highway 69, ,69,582,5557332,20234000,0.0957803979481563
3347,Highway 810, ,810,3,0,0,0.0789522196419354
3348,Highway 69, ,69,582,5557332,20234000,0.104657145334536
3349,Highway 510, ,510,11,38437,24000,0.0110357784960001
3350,Highway 7, ,7,406,2596278,7474000,0.00539204710412998
3351,Highway 539, ,539,10,46374,6000,0.165243319600457
3352,Highway 560, ,560,62,0,0,0.0855468384537142
3353,Highway 17 & 64, ,17,378,1369632,8606000,0.0182609047020611
3354,Sherbourne Street North, ,28,0,0,0,0.00535226497040753
3355,Highway 17, ,17,285,2940689,15065000,0.224871987730102
3356,Highway  63, ,63,162,942612,1084000,0.258011805160907
3357,McConnell Street, ,17,435,3895148,20492000,0.227146305320073
3358,Highway 533, ,533,23,381964,765000,0.542365016314638
3359,Lakeview Avenue, ,567,23,0,0,0.39604026740396
3360,None, ,634,43,0,0,0.053664809586682
3361,Highway 7, ,7,452,1217340,6971000,0.0160798331771587
3362,Regional Road 54,Hwy 58,58,0,0,0,0.00961192745584493
3363,County Road 2, ,2,0,0,0,0.0668391885976378
3364,Fountain St S,King's Highway 8,8,3408,1753219,6838000,0.000443573464813475
3365,Callander Bay Drive, ,94,63,2254,5000,0.0145941464209458
3366,Highway 35, ,35,41,22892,141000,0.113723999060237
3367,Highway 7,Highway 12,7,652,577748,1120000,0.0111018917256148
3368,Highway 141, ,141,117,127293,164000,0.0878769557023703
3369,Highway 28, ,28,160,652406,254000,0.0487275373638697
3370,Highway 60, ,60,291,749873,635000,0.0396277326952204
3371,HIghway 137, ,137,559,5714449,16414000,0.0261164061165726
3372,Hwy 9, ,9,1003,2145998,5293000,0.0153626900999876
3373,Corbihre Street, ,551,14,451,2000,0.105463556624599
3374,Highway 15, ,15,204,260530,405000,0.00894728677825932
3375,Broadway,Hwy 9,9,0,0,0,0.00232895702125924
3376,Highway 118, ,118,0,0,0,0.122633491851684
3377,Highway 48,King's Highway 48,48,459,397941,2212000,0.0296948716181658
3378,Highway 11, ,11,427,5186349,19268000,0.163762928910559
3379,County Road 33,Highway 33,33,0,0,0,0.0176001560105614
3380,Highway 533, ,533,107,105746,243000,0.0525060915346887
3381,Hwy 62,King's Highway 62,62,359,437774,866000,0.0220083994496049
3382,Regional Road 24, ,24,0,0,0,0.019766051304922
3383,County Road 49,Highway 49,49,0,0,0,0.0688247360480041
3384,Highway 24, ,24,445,917843,1794000,0.00800154099318572
3385,Trout Lake Road, ,63,160,1021016,1247000,0.0347599427694543
3386,Lake  Nosbonsing Road, ,654,117,3550,24000,0.00270857055914014
3387,Pembroke St E,Highway 148,148,397,108763,366000,0.0299038336173524
3388,County Rd 2, ,2,0,0,0,0.0565650839667168
3389,County Road 2, ,2,0,0,0,0.0313825836668118
3390,Highway 15, ,15,295,393451,534000,0.0202867843259103
3391,Highway 64, ,64,99,0,0,0.0685374376148444
3392,Highway 7, ,7,282,1581877,4724000,0.126749569399649
3393,Highway 60, ,60,184,534294,484000,0.013379604792825
3394,Highway 17, ,17,292,3174543,21108000,0.0148052179291033
3395,Queen St,King's Highway 7,7,542,727333,2309000,0.00904741454915723
3396,Shebeshekong Road, ,7182,14,45934,301000,0.0616326419202158
3397,Lakeshore Rd,King's Highway 21,21,286,747107,2361000,0.0238672008887128
3398,None, ,671,17,0,0,0.424624916744282
3399,Highway 61, ,61,1180,3131970,1099000,0.0102938966850014
3400,Hwy 35,King's Highway 35,35,390,1065127,5683000,0.0302076145347863
3401,27th Sideroad,King's Highway 7,7,542,727333,2309000,0.0179330583200465
3402,Highway 10, ,10,290,820459,2422000,0.0236907100718994
3403,Highway 11, ,11,37,0,0,0.0720635759805249
3404,Highway 35, ,35,212,513678,1420000,0.100578533677733
3405,Highway 15, ,15,330,256569,255000,0.00534714214997342
3406,Highway 15, ,15,358,124937,371000,0.0308329382042991
3407,Highway 10, ,10,318,1070104,2616000,0.0232298403781523
3408,Bloor St W,Hwy 5,5,0,0,0,0.0137914305814209
3409,None, ,597,0,0,0,0.00118293793281771
3410,Highway 67, ,67,114,28068,137000,0.111803424377489
3411,Highway 71, ,71,127,1493613,786000,0.947885978801976
3412,Highway 101, ,101,255,983777,8306000,0.0103232847949146
3413,Hwy 9, ,9,362,70679,285000,0.00415216578076818
3414,None, ,583,47,0,0,0.106786728675041
3415,County Road 119,King's Highway 7,7,357,593426,2044000,0.0272112441380269
3416,Cannifton Pky,Highway 37,37,0,0,0,0.0042917411430251
3417,Hwy 35,King's Highway 35,35,693,8929778,6768000,0.0122982003353572
3418,Highway 141, ,141,115,255781,138000,0.0581551854973014
3419,Hwy 26, ,26,253,91332,339000,0.0291917391042713
3420,Highway 124, ,124,48,85377,151000,0.101988090659386
3421,Hwy 60, ,60,168,383086,1092000,0.0310073731251455
3422,Highway 520, ,520,36,0,0,0.0434523699500717
3423,Clarke Street, ,534,92,298,1000,0.00453032903095849
3424,County Road 2,Highway 2,2,0,0,0,0.0302997385198177
3425,Highway 40,Mcnaughton Ave,40,0,0,0,0.000519586429238325
3426,Highway 401 E,Macdonald-Cartier Fwy E,401,0,0,0,0.00115278236278198
3427,County Road 33,Highway 33,33,0,0,0,0.00839333220013253
3428,Highway 7, ,7,294,1941599,5251000,0.0592609823904246
3429,Hwy 37, ,37,307,1556145,4159000,0.0170257062595872
3430,Highway 28, ,28,301,445652,128000,0.00535648792896044
3431,Tc Hwy,King's Highway 17,17,544,3013283,15179000,0.0202934483134378
3432,Hwy 60, ,60,142,327922,848000,0.00141886823436145
3433,County Road 2, ,2,0,0,0,0.0211569656538241
3434,Secord Road, ,7042,11,0,0,0.0422830624255327
3435,Highway 11, ,11,672,6816961,21395000,0.00545824794815218
3436,Highway 64, ,64,90,175883,312000,0.368589349920318
3437,Highway 65, ,65,169,707028,670000,0.059712186135589
3438,Government Road West, ,66,87,379305,1535000,0.0333892634334158
3439,Leroux Street, ,634,0,0,0,0.0349672561388941
3440,Highway 11, ,11,381,4622053,18476000,0.0656152448420727
3441,Highway 11, ,11,521,5076975,19033000,0.0891773786451204
3442,Highway 101, ,101,83,280839,313000,0.471651834915744
3443,Highway 28, ,28,289,590805,152000,0.0279434544521182
3444,Garrison Rd,King's Highway 3,3,218,520189,1111000,0.0071652966469107
3445,Highway 10, ,10,386,1172025,2495000,0.0230395678934958
3446,Highway 69, ,69,547,5577221,20225000,0.0177864131035167
3447,Highway 529a, ,529001,4,21054,24000,0.0644374517012677
3448,Forks Rd,King's Highway 3,3,168,436464,976000,0.0104812674222415
3449,16th St E,Hwy 26,26,268,214661,785000,0.0318302675981074
3450,Highway 588, ,588,20,103565,76000,0.114872588217031
3451,Danforth Ave,Hwy 5,5,0,0,0,0.00744082320251715
3452,Highway 7, ,7,265,1089114,2999000,0.0323210211381885
3453,Hwy 89, ,89,681,1731712,5002000,0.0159672832347089
3454,Highway 21, ,21,302,243515,2279000,0.00562694196396588
3455,Hwy 37, ,37,308,1559127,4204000,0.0228021482284217
3456,Highway 35, ,35,57,86534,98000,0.0723420794759431
3457,9th Street North, ,658,0,0,0,0.00978877805164562
3458,Hwy 62,King's Highway 62,62,252,192779,631000,0.0154845067349646
3459,Hwy 37, ,37,384,3491293,8402000,0.0223351139847709
3460,Highway 62, ,62,89,228096,78000,0.159845703004184
3461,Loyalist Pky,County Road 33,33,0,0,0,0.0213246447406776
3462,Yonge St, ,11,0,0,0,0.0248383075986426
3463,Hwy 41, ,41,183,540785,1225000,0.0764533515414462
3464,Hwy 33, ,33,39,81993,130000,0.0739729579729735
3465,Shebeshekong Road, ,7182,14,45934,301000,0.0629196383014886
3466,Bath Rd, ,33,190,241623,355000,0.0158000065650843
3467,Highway 69, ,69,608,5541802,20076000,0.0377391873353057
3468,Highway 522B, ,522,16,67628,78000,0.00213828149327272
3469,Highway 41, ,41,86,456437,1201000,0.0559585549403342
3470,Highway 101, ,101,0,0,0,0.017774297404355
3471,Highway 579, ,579,118,0,0,0.0491186839837871
3472,Highway 522B`, ,522,16,67628,78000,0.00225434167034253
3473,Highway 518, ,518,10,1914,18000,0.00985046699306656
3474,Highway 101, ,101,143,370591,855000,1.1271222116347
3475,Highway 7, ,7,452,1217340,6971000,0.0175407317855278
3476,Highway 144, ,144,576,793351,734000,0.0100873318224715
3477,Hwy 89, ,89,369,1025685,2124000,0.0269918507147082
3478,Highway 11, ,11,521,5076975,19033000,0.0588438013572405
3479,County Road 17,Hwy 21,21,0,0,0,0.00729590785795143
3480,Highway 35, ,35,19,22892,141000,0.0693248417661782
3481,Merritt Road, ,58,0,0,0,0.00105212659537393
3482,Regional Road 7, ,7,0,0,0,0.0292723232048616
3483,Highway 6,King's Highway 6,6,145,502826,892000,0.020028286223808
3484,Hwy 62,King's Highway 62,62,192,107591,604000,0.0413337817077035
3485,9th Ave E,Hwy 26,26,0,0,0,0.00473362026011347
3486,Loyalist Pky,County Road 33,33,0,0,0,0.0201651244938416
3487,Highway 10, ,10,386,1172025,2495000,0.0229085781827161
3488,County Road 2, ,2,0,0,0,0.00063614798513156
3489,Highway 64, ,64,36,70872,81000,0.025625258530868
3490,Dawson Road, ,102,0,0,0,0.0412656365086908
3491,County Road 2, ,2,0,0,0,0.0422280286238501
3492,Highway 60, ,60,121,1308730,635000,0.977467011514566
3493,Hwy 26, ,26,234,320729,894000,0.0348909820683565
3494,Highway 7,Highway 12,7,865,98680,120000,0.0108411914388793
3495,Base Line,County Road 21,21,0,0,0,0.00413096764581946
3496,Hwy 12,Tc Hwy,12,339,966165,3279000,0.0159625214021858
3497,Old Highway 15, ,15,126,194137,410000,0.0140156366973937
3498,Highway 26, ,26,437,1053036,971000,0.00579547934656694
3499,Highway 522, ,522,16,67628,78000,0.0197458251684406
3500,Highway 7, ,7,433,1165332,6898000,0.0301371959267028
3501,Highway 35, ,35,197,111452,127000,0.0147315644456548
3502,Hwy 26, ,26,272,1131093,4257000,0.0124520230299338
3503,Highway 560, ,560,85,0,0,0.0122912879987069
3504,Highway 6,King's Highway 6,6,145,502826,892000,0.0174938861765918
3505,Bloor St E,Hwy 5,5,0,0,0,0.00512713713068142
3506,Highway 10, ,10,386,1175878,2503000,0.0237786413121585
3507,Hwy 93,Penetanguishene Rd,93,228,1180930,3297000,0.00668587325094766
3508,Ontario Street, ,520,118,26,0,0.00267107778149343
3509,Richmond St,King's Highway 4,4,0,0,0,0.00547800161844667
3510,Airport Road, ,565,67,197534,52000,0.0145149917688426
3511,Highway 112, ,112,68,112478,540000,0.0439415339377086
3512,Highway 409 W, ,409,0,0,0,0.00323208279766239
3513,Loyalist Pky,County Road 33,33,0,0,0,0.010553121412542
3514,Highway 6,King's Highway 6,6,51,4733,20000,0.271426429510943
3515,County Road 33,Highway 33,33,0,0,0,0.0127127908853747
3516,Highway 11, ,11,422,5229975,19236000,0.213071445486721
3517,Western Avenue, ,579,8,3038,3000,0.0151484796029662
3518,None, ,652,3,89285,188000,1.5043814967353
3519,Railway St,King's Highway 21,21,229,107577,779000,0.0197094739799785
3520,Highway 21, ,21,302,243515,2279000,0.00230047958345462
3521,Highway 28, ,28,288,529883,155000,0.0526409786301422
3522,County Road 2, ,2,0,0,0,0.0274410249562655
3523,Hwy 41, ,41,98,76370,325000,0.00523025554330555
3524,Highway 69, ,69,531,5581692,20259000,0.0410739488989788
3525,Highway 668, ,668,26,5253,5000,0.119636980262483
3526,Highway 11, ,11,436,4843218,19056000,0.161230403262163
3527,Sunset Rd,County Road 4,4,0,0,0,0.0039939386101681
3528,Highway 7,Highway 12,7,799,372284,651000,0.0145438133813395
3529,Hwy 62,King's Highway 62,62,215,163673,652000,0.0388547272833669
3530,Highway 15, ,15,270,280233,535000,0.009877341162383
3531,Highway 7, ,7,536,1385227,6872000,0.0217790462537477
3532,Riverside Drive, ,101,0,0,0,0.0113735646476093
3533,Highway 28, ,28,156,666273,254000,0.0759469290534988
3534,County Road 2,Highway 2,2,0,0,0,0.0208509253590752
3535,Highway 6,Main St S,6,0,0,0,0.00463052580475358
3536,Government Road West, ,66,121,867600,1131000,0.00794268799060797
3537,Highway 6,King's Highway 6,6,182,540416,2318000,0.0191952037942585
3538,St Clair Rd,King's Highway 40,40,0,0,0,0.00928931832688643
3539,Broad St E,King's Highway 3,3,163,414420,908000,0.0156618101356767
3540,Hwy 93,Penetanguishene Rd,93,208,1478987,3401000,0.0212551333895513
3541,Highway 7,Highway 12,7,615,577748,1120000,0.0138676399205756
3542,Highway 7,Highway 12,7,580,557029,1119000,0.0143985383928816
3543,Tc Hwy,King's Highway 12,12,246,532788,1411000,0.0121603506561839
3544,Concession  5 & 6 Newmarket, ,7036,2,0,0,0.0581079121902118
3545,Oil Heritage Rd,County Road 21,21,0,0,0,0.0133130999347433
3546,Oxford St,King's Highway 19,19,0,0,0,0.00433012735943849
3547,Vienna Rd,King's Highway 19,19,0,0,0,0.00805679181626896
3548,Highway 24, ,24,550,547901,866000,0.00308850219652554
3549,Highway 118, ,118,71,115334,476000,0.0469832898586968
3550,Highway 118, ,118,118,289296,540000,0.0471775911021734
3551,Highway 17a, ,17,704,464141,1225000,0.0103861160666598
3552,Highway 17, ,17,382,6147426,36822000,1.38868414790932
3553,County Road 4,Hwy 4,4,0,0,0,0.0201653791589158
3554,County Road 4,Hwy 4,4,0,0,0,0.000895566409334686
3555,Highway 3,Talbot Rd,3,154,220123,653000,0.0121272998914115
3556,County Road 2,Highway 2,2,0,0,0,0.0617626949295175
3557,Highway 7, ,7,262,1613516,4728000,0.0782433770647872
3558,Trout Lake Road, ,63,262,1311947,1256000,0.0812626773947298
3559,Highway 132, ,132,116,31857,117000,0.219436813113297
3560,County Road 19,Hwy 19,19,0,0,0,0.00647406808754412
3561,Plank Rd,County Road 19,19,0,0,0,0.00675268840582345
3562,Plank Rd,County Road 19,19,0,0,0,0.007259075296378
3563,Plank Rd,County Road 19,19,0,0,0,0.011892674436302
3564,Westside Rd,King's Highway 58,58,369,1033855,1746000,0.00633263185725302
3565,Highway 101, ,101,11,15977,82000,0.0457200647332385
3566,Highway 17, ,17,283,3225956,21136000,0.0564359939543046
3567,Highway  631, ,631,32,309975,260000,0.0112119961506566
3568,Highway 21,Bluewater Hwy,21,140,153613,1702000,0.0242454858453663
3569,Brant Rd,King's Highway 24,24,484,547901,866000,0.0151417690595588
3570,Highway 599, ,599,18,88008,416000,0.00733024083334367
3571,Highway 15, ,15,160,202254,479000,0.00331454811709387
3572,Highway 6, ,6,439,2128756,6049000,0.0214508482167677
3573,Highway 522B, ,522,16,67628,78000,0.00743738712224247
3574,County Road 2, ,2,0,0,0,0.025497202307783
3575,Highway 17, ,17,0,0,0,0.00566267581203497
3576,Highway 17, ,17,851,7992434,53291000,0.00687917288043693
3577,Highway 61, ,61,133,520641,572000,0.0844788634952033
3578,Highway 599, ,599,18,88008,416000,0.0216942933855542
3579,Highway 599, ,599,16,77587,301000,0.00635695045077
3580,Highway 599, ,599,18,88008,416000,0.00839281969176157
3581,Highway 130, ,130,24,32330,157000,0.0459708066466446
3582,Highway 61, ,61,617,2911498,560000,0.0223142034477034
3583,Dawson Road, ,102,1038,6080872,30051000,0.00671018273346311
3584,Hwy 26, ,26,686,2096568,4958000,0.0164053807749932
3585,2nd Line West, ,550,0,0,0,0.0025330290268687
3586,Airport Road, ,565,31,0,0,0.0591757109478676
3587,Highway 6,King's Highway 6,6,109,85717,29000,0.0919439051907673
3588,Highway 522B, ,522,0,0,0,0.00254977848623998
3589,Highway 127, ,127,61,65413,23000,0.0214133432295436
3590,Highway 28, ,28,310,476220,773000,0.00678645747430137
3591,Main St,Hwy 8,8,0,0,0,0.000223913500114214
3592,Highway 7, ,7,262,1613516,4728000,0.046478552847194
3593,Highway 6, ,6,436,2128756,6049000,0.0212945536100905
3594,Hwy 41, ,41,98,76370,325000,0.00980920156359217
3595,Regional Road 54,Hwy 58,58,0,0,0,0.00293511338334419
3596,Regional Hwy 2,Highway 2,2,0,0,0,0.0108388916336963
3597,Highway 7,Highway 35,35,301,483211,888000,0.0200294224719171
3598,Kingston Rd,Regional Highway 2,2,10230,56533599,214809000,0.00490960357615088
3599,Hwy 37, ,37,187,1523926,4049000,0.0266459453616142
3600,Highway 520, ,520,54,0,0,0.0287569115411861
3601,County Road 33,Highway 33,33,0,0,0,0.0308281371807854
3602,Callander Bay Drive, ,94,81,0,0,0.0143636113394794
3603,None, ,564,4,0,0,0.0046570725435738
3604,Ranger Lake Road, ,556,8,217723,151000,0.347600693939755
3605,Highway 599, ,599,18,88008,416000,0.0200354935779649
3606,Monck Street, ,28,172,1341418,713000,0.138834007595182
3607,Highway 599, ,599,16,77587,301000,1.10317657538646
3608,None, ,516,37,2129,9000,1.28738741548832
3609,Highway 105, ,105,107,28596,114000,0.8897036045684
3610,Hwy 37, ,37,167,1325835,3873000,0.00193093855854755
3611,Bridge St, ,15,0,0,0,0.00566840536586134
3612,Highway 17, ,17,442,4629520,33689000,0.0543954773557444
3613,Dundas St E,County Road 2,2,0,0,0,0.00570907692554315
3614,Victoria St S, ,2,0,0,0,0.0153454031340796
3615,Bluewater Hwy,King's Highway 21,21,112,102940,538000,0.0135302752180721
3616,Highway 17, ,17,112,0,0,0.0425279528844486
3617,Highway 17, ,17,527,4480247,32817000,0.0390306089570326
3618,Highway 101, ,101,124,73663,179000,0.0228919733545918
3619,Cameron Road, ,597,0,0,0,0.00167464421868173
3620,Front Street, ,547,0,0,0,0.00682855955288159
3621,County Road 33, ,3,181,521377,880000,0.0220886190809752
3622,Highway 11, ,11,442,5099745,19489000,0.0731693279673841
3623,County Road 3,Talbot Trail,3,0,0,0,0.0163871238615944
3624,Highway 11,Scott Street,11,301,381337,891000,0.0077192665285308
3625,Highway 17, ,17,281,3074144,21023000,0.015274137461617
3626,Hill Rd,County Road 17,21,0,0,0,0.0142135111171225
3627,Lakeshore Rd,King's Highway 21,21,328,747107,2361000,0.027982396892697
3628,Highway 7, ,7,452,1217340,6971000,0.0152253278686302
3629,Highway 7, ,7,452,1217340,6971000,0.0196593356707508
3630,Bridge St, ,15,0,0,0,0.00781025205374201
3631,Highway 7, ,7,433,1165332,6898000,0.00702871290025834
3632,Hurontario St,Highway 10,10,91,677765,1954000,0.00653679380523229
3633,Highway 35, ,35,350,453425,1375000,0.0183179040472068
3634,Hwy 9, ,9,1192,3890403,9991000,0.0167109728511071
3635,Highway 15, ,15,339,279397,371000,0.0399119895433144
3636,Highway 15, ,15,295,393451,534000,0.0144037724557634
3637,Highway 7, ,7,239,5867,220000,0.0124837557814514
3638,Tc Hwy, ,17,612,4886227,21679000,0.0307515557925474
3639,Highway 15, ,15,415,207607,9020000,0.0236352793507353
3640,Huron Rd,King's Highway 8,8,264,195914,339000,0.014316009616586
3641,Highway 11,Highway 17,17,777,2760548,11127000,0.0315055581624407
3642,Hwy 93,Highway 93,93,339,1232979,3275000,0.0192267400704183
3643,Highway 559 W, ,559,30,0,0,0.0388727291491263
3644,Davis Rd,King's Highway 58,58,305,1158575,703000,0.00757835090369165
3645,County Road 2, ,2,0,0,0,0.00774079260907634
3646,Highway 15, ,15,312,256569,255000,0.00893307377463436
3647,Highway 15, ,15,316,257023,258000,0.0252439484216502
3648,County Rd 2, ,2,0,0,0,0.0242704317325731
3649,Lakeshore Rd, ,3,0,0,0,0.00126312145755137
3650,Highway 7,Tc Highway,7,299,634227,930000,0.0373123285683862
3651,County Road 2,Highway 2,2,0,0,0,0.0179271884561897
3652,Hurontario St,Highway 10,10,0,0,0,0.000605330488263619
3653,Highway 17, ,17,173,464141,1225000,0.0644258929736956
3654,Lundy's Lane, ,20,0,0,0,0.00506719782741766
3655,Dundas St E,Regional Highway 2,2,0,0,0,0.00854309782633753
3656,Brock St N,Regional Road 12,12,0,0,0,0.0120605910141702
3657,Highway 7, ,7,261,1623019,1708000,0.0173369684326805
3658,Highway 17, ,17,827,7778858,52777000,0.929567839543281
3659,Regional Hwy 2,Highway 2,2,9057,56598624,213818000,0.0143913967241231
3660,Kingston Rd,Regional Highway 2,2,0,0,0,0.00915293164976682
3661,Kingston Rd,Regional Highway 2,2,9057,56598624,213818000,0.00669264302101909
3662,Regional Road 7, ,7,693,95580,289000,0.018504049695106
3663,Highway 7, ,7,693,95580,289000,0.00935064525962288
3664,Highway 7, ,7,693,95580,289000,0.0111151053536348
3665,Regional Road 7, ,7,693,95580,289000,0.00476760088756017
3666,Highway 11, ,11,70,218487,1106000,1.51929948251888
3667,Highway 7, ,7,693,95580,289000,0.0100559501354495
3668,Hwy 62,King's Highway 62,62,63,107591,604000,0.0285161635963744
3669,Dundas St E,Regional Highway 2,2,0,0,0,0.00963630703871036
3670,Brock St S,Regional Road 12,12,0,0,0,0.00449545034208072
3671,Brock St N,Regional Road 12,12,0,0,0,0.00554239860799194
3672,Highway 17, ,17,534,8097613,37703000,0.0217771474620361
3673,Regional Hwy 12,Hwy 12,12,0,0,0,0.00130047683560456
3674,Brock St S,Regional Road 12,12,0,0,0,0.000480839143550345
3675,Brock St S,Regional Road 12,12,0,0,0,6.80289938375694e-05
3676,Highway 17, ,17,794,8304740,53993000,0.423358339592661
3677,Dundas St E,Regional Highway 2,2,0,0,0,0.0100470120020649
3678,Winchester Rd W,King's Highway 7,7,548,315305,548000,0.0052966540617782
3679,Highway 6,King's Highway 6,6,1002,1390237,3823000,0.0191090380949809
3680,Winchester Rd W,King's Highway 7,7,557,315305,548000,0.0100448744004819
3681,Winchester Rd W,King's Highway 7,7,557,315305,548000,0.00981995426422961
3682,King St,Regional Highway 2,2,0,0,0,0.00980604779221627
3683,Highway 642, ,642,2,0,0,0.89804460266832
3684,Dundas St W,County Road 2,2,0,0,0,0.00928618495090424
3685,Regional Hwy 2,Highway 2,2,0,0,0,0.0116465542554662
3686,Regional Hwy 2,Highway 2,2,0,0,0,0.0112567004489466
3687,Regional Hwy 2,Highway 2,2,0,0,0,0.0159910648593451
3688,Regional Hwy 2,Highway 2,2,0,0,0,0.0239347682188815
3689,Regional Hwy 2,Highway 2,2,0,0,0,0.0503907411896715
3690,Regional Hwy 2,Highway 2,2,0,0,0,0.00100900049555049
3691,Highway 48,King's Highway 48,48,318,890770,2338000,0.0181039141351002
3692,Hwy 7a, ,7,370,205149,263000,0.00113621520848698
3693,Highway 48,King's Highway 48,48,484,2024600,3048000,0.0167543228923029
3694,Highway 48,King's Highway 48,48,755,86414,852000,0.0190793336220379
3695,Highway 48,King's Highway 48,48,318,890770,2338000,0.0361449147911338
3696,County Road 41, ,41,0,0,0,0.00697828266685252
3697,Highway 48,King's Highway 48,48,321,389258,2194000,0.0179107757302303
3698,Highway 48,King's Highway 48,48,335,516658,2218000,0.00552637794168116
3699,Highway 48,King's Highway 48,48,621,397941,2212000,0.0400269549580748
3700,Regional Road 7,Highway 7,7,0,0,0,0.00405273960425256
3701,Highway 7, ,7,735,559363,1349000,0.0254841814159311
3702,Highway 7, ,7,529,336951,946000,0.00190623687880439
3703,Highway 118 W, ,118,139,12618,349000,0.00114056950947741
3704,The Parkway, ,115,1211,1306100,3022000,0.00300737114522941
3705,Highway 7,Tc Highway,7,240,473465,600000,0.0284382621909612
3706,Highway 7,Tc Highway,7,299,634227,930000,0.037225691066703
3707,Highway 7,Tc Highway,7,240,473465,600000,0.040546180310338
3708,County Road 3,Hwy 89,89,0,0,0,0.0258976744638374
3709,Highway 7,Highway 12,7,952,999635,1590000,0.0132543471767668
3710,Highway 7,Highway 12,7,952,999635,1590000,0.0113946749897769
3711,Hwy 60, ,60,168,383086,1092000,0.0304148392583098
3712,Highway 7,Highway 12,7,607,455137,1013000,0.0134132441357171
3713,Highway 7,Highway 12,7,711,458983,1036000,0.0134286757257706
3714,Tc Hwy,King's Highway 12,12,246,532788,1411000,0.0134973968223522
3715,Highway 12 & 48, ,12,343,1331452,3145000,0.0130153736631362
3716,Hwy 12,Tc Hwy,12,343,1331452,3145000,0.0127880838007577
3717,Bovaird Dr W,King's Highway 7,7,0,0,0,0.0137033002852359
3718,Hwy 7a,Moore Dr,7,1235,5220548,6038000,0.000141003546039753
3719,Highway 7a, ,7,294,340603,179000,0.0213688273927574
3720,Highway 15, ,15,270,280233,535000,0.00750778799147189
3721,Hwy 7a, ,7,370,205149,263000,0.0370633963941362
3722,Hwy 7a,Moore Dr,7,376,357681,701000,0.00126891658354258
3723,Highway 7,Tc Highway,7,614,5181572,2507000,0.0164413871054225
3724,County Road 2,Highway 2,2,0,0,0,0.00497635093496881
3725,Highway 15, ,15,291,393451,534000,0.0197362407126648
3726,County Road 41,Highway 41,41,0,0,0,0.00212588640338616
3727,Tc Hwy,King's Highway 17,17,500,3293761,15422000,0.0186626136748812
3728,Hwy 41,Walford Rd,41,166,258567,930000,0.0188701114755759
3729,Hwy 41,Walford Rd,41,166,258567,930000,0.00598496737938013
3730,Hwy 41, ,41,166,258567,930000,0.000724240981998546
3731,Tc Hwy,King's Highway 17,17,500,3293761,15422000,0.00182177109595283
3732,Paul Martin Dr,Highway 41,41,199,85515,360000,0.00153718720066852
3733,Highway 15, ,15,262,372761,662000,0.0108441767839598
3734,Highway 15, ,15,291,393451,534000,0.0181278015670174
3735,County Road 2, ,2,104,233074,1167000,0.00208898625125674
3736,Highway 7, ,7,333,3205409,8844000,0.0352146882506371
3737,Highway 7, ,7,266,3297271,8851000,0.00913335756128479
3738,Highway 7, ,7,266,3297271,8851000,0.0648012385552226
3739,Highway 7, ,7,266,3297271,8851000,0.00417404324369841
3740,Dufferin St, ,7,634,3223593,8843000,0.00739399188279307
3741,Dufferin St, ,7,532,2623867,7490000,0.00357153204046531
3742,County Road 2, ,2,0,0,0,0.0150306275017314
3743,County Road 2, ,2,0,0,0,0.0318757524327739
3744,County Road 2, ,2,0,0,0,0.00464899996793292
3745,County Road 2, ,2,4954,43003945,181281000,0.0503153092807392
3746,Highway 118 W, ,118,139,12618,349000,0.00131320125651336
3747,Queen St E,Regional Road 7,7,0,0,0,0.000997687325790214
3748,Highway 17, ,17,0,0,0,0.000500847531723158
3749,Highway 7,Tc Highway,7,614,5181572,2507000,0.0170094628012839
3750,Highway 21, ,21,201,234738,1546000,0.0677669184901114
3751,Highway 28, ,28,301,445652,128000,0.0018982711065853
3752,Highway 7, ,7,335,3266713,8844000,0.00529206804944105
3753,Highway 6,King's Highway 6,6,159,510413,890000,0.0168859247205577
3754,Highway 6,King's Highway 6,6,159,510413,890000,0.0169556101346967
3755,Highway 6,King's Highway 6,6,145,502826,892000,0.0169058177978736
3756,Highway 6,King's Highway 6,6,145,502826,892000,0.0168413772807239
3757,Hwy 89, ,89,321,1433370,4233000,0.0149700715467344
3758,Highway 10, ,10,314,1069471,2610000,0.0225199949208946
3759,Hwy 26,Arthur St W,26,0,0,0,0.00501234483062613
3760,Hwy 26, ,26,230,27162,92000,0.000771078451248101
3761,Hwy 89,Hwy 10,10,780,3675423,8291000,0.00939218572070006
3762,County Road 2, ,2,0,0,0,0.00842101416151989
3763,Highway 35,King's Highway 35,35,426,563130,1543000,0.0161415326620599
3764,Forks Rd,King's Highway 3,3,256,1754686,2260000,0.010085363230723
3765,Hwy 89, ,89,395,1674845,10727000,0.0220679199739758
3766,County Road 58,Highway 62,62,0,0,0,0.0256159354128803
3767,Hwy 89,Concession Road 4,89,633,2042667,9524000,0.00175978593529371
3768,Hwy 89, ,89,633,2042667,9524000,0.0143617867712932
3769,Hwy 89, ,89,383,1623947,10686000,0.0155425232943633
3770,Hwy 26,Hwy 27,26,922,2249575,6049000,0.0072032278457409
3771,Highway 12, ,12,317,233704,1317000,0.00772029724400902
3772,Highway 58a, ,58,379,773338,1397000,0.0135620323007381
3773,Hwy 60, ,60,226,246358,765000,0.00987896003836091
3774,Highway 141, ,141,52,81890,107000,0.000662769837091715
3775,County Road 109,Hwy 9,9,0,0,0,0.0144626777577183
3776,County Road 109,Hwy 9,9,0,0,0,0.014916311936825
3777,Hurontario St,Hwy 10,10,935,3799078,6990000,0.0333583370076273
3778,Dundas St W,Hwy 5,5,0,0,0,0.000760543395206797
3779,Regional Road 54,Hwy 58,58,369,1033855,1746000,0.0106862393131426
3780,Highway 17 E, ,17,705,2099691,10033000,0.0354587852084874
3781,Garrison Rd,King's Highway 3,3,193,560895,1313000,0.00984909406555585
3782,Garrison Rd,King's Highway 3,3,0,0,0,0.00704215726037238
3783,Garrison Rd,Regional Road 3,3,0,0,0,0.000136003676418572
3784,Highway 17, ,17,385,1870766,9218000,0.179782171718427
3785,Regional Road 20,Hwy 20,20,0,0,0,0.0196009711814387
3786,Regional Road 20,Hwy 20,20,0,0,0,0.0100205138768106
3787,Regional Road 20,Hwy 20,20,0,0,0,0.0139310102766649
3788,Regional Road 20,Hwy 20,20,0,0,0,0.00310280904989518
3789,St Catharines St,Regional Road 20,20,0,0,0,0.00908181973614778
3790,Wharncliffe Rd S,King's Highway 4,4,0,0,0,0.00378247661565037
3791,Dunnville Rd,King's Highway 3,3,89,228179,951000,0.000571258673814556
3792,Regional Hwy 2,Highway 2,2,0,0,0,0.0104887666435465
3793,Forks Rd,King's Highway 3,3,175,439663,993000,0.0144156428793888
3794,Dunnville Rd,King's Highway 3,3,140,538523,1066000,0.00787210564729016
3795,Forks Rd,King's Highway 3,3,238,1547217,1643000,0.00217842775052413
3796,Forks Rd,King's Highway 3,3,259,2047828,2866000,0.00996448258304604
3797,Forks Rd,King's Highway 3,3,259,2047828,2866000,0.000229054578638837
3798,Hwy 3,King's Highway 3,3,147,975013,1293000,0.000934730044476492
3799,Hwy 3,King's Highway 3,3,147,975013,1293000,0.00781350298040136
3800,Hwy 3,King's Highway 3,3,147,975013,1293000,0.0102282425604261
3801,Garrison Rd,King's Highway 3,3,193,560895,1313000,0.00487600402315139
3802,Highway 17,Highway 11,17,154,1523239,8691000,0.000913912337138648
3803,Highway 8,Hwy 8,8,0,0,0,0.0154009184099858
3804,Regional Road 20,Hwy 20,20,0,0,0,0.00729948209839527
3805,Dundas St E,Hwy 5,5,0,0,0,0.000680260244332955
3806,Dundas St E,Hwy 5,5,0,0,0,0.000185540529235143
3807,Regional Road 7, ,7,0,0,0,0.000639133604169015
3808,Dundas St W,Hwy 5,5,0,0,0,0.000775424279985731
3809,Queen St E,Regional Road 107,7,0,0,0,0.00508649915441361
3810,Hwy 9,Highway 9,9,1192,3892242,9992000,0.0134188885680736
3811,Highway 6,King's Highway 6,6,101,4733,20000,0.0771338941739241
3812,Highway 522, ,522,27,30709,101000,0.0129639052603876
3813,Highway 518, ,518,62,1914,18000,0.00257018572867767
3814,Parry Sound Drive, ,124,76,106106,211000,0.000819654528964176
3815,Highway 144, ,144,588,798095,702000,0.00236996814322721
3816,County Road 33,Highway 33,33,0,0,0,0.00953887236949337
3817,Forks Rd,King's Highway 3,3,175,439663,993000,0.0300375133364945
3818,Hwy 3,King's Highway 3,3,164,927757,1289000,0.0109569804255025
3819,Main St E,Regional Road 3,3,232,618705,1429000,0.00796513205976928
3820,Main St E,King's Highway 3,3,265,394278,627000,0.00795913193594065
3821,Garrison Rd,King's Highway 3,3,218,520189,1111000,0.00580575515775586
3822,Garrison Rd,Regional Road 3,3,0,0,0,0.0122513027120871
3823,Regional Road 20,Hwy 20,20,0,0,0,0.00720884201935834
3824,Dundas St E,Hwy 5,5,0,0,0,0.000558378008165038
3825,Hwy 27, ,27,0,0,0,0.00200135263758417
3826,Hwy 27, ,27,0,0,0,0.000321160396066989
3827,Danforth Ave,Hwy 5,5,0,0,0,0.0048617254726775
3828,Regional Road 7, ,7,0,0,0,0.00303275782084434
3829,Regional Road 7, ,7,0,0,0,0.000769594367160435
3830,Hwy 9, ,9,1001,2142756,5283000,0.00976342438013745
3831,Hwy 9, ,9,1001,2142756,5283000,0.00386264229306194
3832,Highway 11, ,11,361,4527141,25108000,0.166134319516353
3833,Yonge St,County Road 1,11,0,0,0,0.00727790406462558
3834,Yonge St,County Road 1,11,0,0,0,0.00546681687824563
3835,Yonge St,County Road 1,11,0,0,0,0.00394168314302829
3836,County Road 109,Hwy 9,9,0,0,0,0.0176913065281112
3837,Highway 48,King's Highway 48,48,246,116344,59000,0.00377464386324263
3838,Kingston Rd,Highway 2,2,0,0,0,0.000155553849213532
3839,Regional Road 7, ,7,0,0,0,0.0101742363618293
3840,County Road 2,Highway 2,2,0,0,0,0.0423969866697659
3841,Kingston Rd,Highway 2,2,0,0,0,0.00342688455772503
3842,Kingston Rd W,Regional Highway 2,2,0,0,0,0.0125057216677858
3843,Dundas St W,Regional Highway 2,2,0,0,0,0.004840608444377
3844,Winchester Rd W,King's Highway 7,7,557,315305,548000,0.0104131846200014
3845,Highway 7,Highway 12,7,944,117335,163000,0.00483250112757192
3846,Regional Hwy 2,Highway 2,2,0,0,0,0.00197677886876407
3847,Regional Hwy 2,Highway 2,2,0,0,0,0.0101493139856815
3848,Regional Hwy 2,Highway 2,2,0,0,0,0.00737487367160506
3849,County Road 2,Highway 2,2,0,0,0,0.0125215474183401
3850,King St E,County Road 2,2,0,0,0,0.00198193491311909
3851,County Road 2,Highway 2,2,0,0,0,0.0204089703140619
3852,Hwy 35,King's Highway 35,35,225,696393,2502000,0.0129571721409068
3853,Simcoe County Road 4,Yonge St,11,0,0,0,0.0129096016706803
3854,Dundas St,Regional Road 5,5,0,0,0,0.021518448909904
3855,Garrison Rd,Regional Road 3,3,0,0,0,0.00947402545483299
3856,Canboro Rd,Regional Road 20,20,0,0,0,0.0003773848221408
3857,Highway 20, ,20,0,0,0,0.00352783653474285
3858,Canboro Rd,Regional Road 20,20,0,0,0,0.0216974914011596
3859,Highway 61, ,61,154,541170,573000,0.0126815119236419
3860,Yonge St,County Road 1,11,0,0,0,0.00372200604508857
3861,Highway 101, ,101,81,283530,325000,0.603823285711015
3862,Highway 600, ,600,6,0,0,0.0933149027752703
3863,Highway 11, ,11,125,607037,46000,0.251499389893169
3864,Highway 17, ,17,780,7930709,53193000,0.111674531004252
3865,Highway 10,Hwy 24,10,640,3131835,4107000,0.0277667682914697
3866,Highway 11, ,11,361,4527141,25108000,0.13317989969019
3867,None, ,627,30,0,0,0.0041345899467897
3868,Highway 11, ,17,358,6283862,8639000,0.0219220040411816
3869,Dundas St W,Regional Road 5,5,0,0,0,0.00701261184294285
3870,2nd Line West, ,550,0,0,0,0.00145009074060162
3871,None, ,527,0,0,0,0.000639762285553803
3872,Highway 11, ,11,271,3305709,18307000,0.044970073982414
3873,Bloor St W,Hwy 5,5,0,0,0,0.00246308386947666
3874,Yonge St, ,11,0,0,0,0.0024432143098622
3875,Bloor St E,Hwy 5,5,0,0,0,0.00136193762853626
3876,Highway  631, ,631,32,309975,260000,0.0223750146945693
3877,Highway 2 E, ,2,0,0,0,0.0177740993284217
3878,Yonge St, ,11,0,0,0,0.000226373585053291
3879,Yonge St, ,11,0,0,0,0.00195111246318538
3880,Dundas St W,Hwy 5,5,0,0,0,0.0171898131497966
3881,Dundas St W,Hwy 5,5,0,0,0,0.00828458584314034
3882,Yonge St, ,11,0,0,0,0.00178770830949734
3883,Dundas St W,Hwy 5,5,0,0,0,0.0049410549431551
3884,Dundas St W,Hwy 5,5,0,0,0,0.00111590142934493
3885,Bloor St W,Hwy 5,5,0,0,0,0.00479513343592628
3886,Yonge St,County Road 1,11,0,0,0,0.0151259321979156
3887,Regional Road 7, ,7,0,0,0,0.00706777038777144
3888,Hwy 9,Davis Drive West,9,0,0,0,0.00224805062486338
3889,Yonge St,County Road 1,11,0,0,0,0.0130513400490128
3890,Yonge St, ,11,0,0,0,0.00120333798994429
3891,Yonge St,County Road 1,11,0,0,0,0.0021572249817735
3892,Regional Road 7,Highway 7,7,0,0,0,0.00493978771572896
3893,Highway 6,King's Highway 6,6,109,85717,29000,0.0818275878528599
3894,Danforth Ave,Hwy 5,5,0,0,0,0.00866735936917097
3895,Danforth Ave,Hwy 5,5,0,0,0,0.00508488643573096
3896,Regional Hwy 2,Highway 2,2,0,0,0,0.00938289747506789
3897,Baldwin St,King's Highway 7,7,944,117335,163000,0.000464346853149452
3898,Highway 11,Highway 17,17,933,9510860,31769000,0.00459961622769813
3899,County Road 2,Highway 2,2,0,0,0,0.00766571793898245
3900,Yonge St,Simcoe County Road 4,11,0,0,0,0.0128901434694809
3901,Yonge St,Simcoe County Road 4,11,0,0,0,0.0128122261343195
3902,Simcoe County Road 4,Yonge St,11,0,0,0,0.0126526387532359
3903,Highway 7, ,7,265,1044689,1625000,0.0136827502502058
3904,Highway 48,King's Highway 48,48,321,389258,2194000,0.00724700613093871
3905,Highway 48,King's Highway 48,48,335,516658,2218000,0.00631952234047065
3906,Secord Road, ,7042,11,1452,6000,0.00312196260231215
3907,Hwy 48,King's Highway 48,48,388,433378,2244000,0.0312461279781604
3908,Ramp, ,537,137,54938,354000,0.00152107257795631
3909,Highway 69 S, ,69,0,0,0,0.000168999000038639
3910,Perry Road, ,518,60,45654,5000,0.0972130955139813
3911,Hwy 35,King's Highway 35,35,310,751766,6202000,0.0103762303857187
3912,Hwy 35,King's Highway 35,35,310,751766,6202000,0.00698904340722706
3913,Hwy 7a, ,7,370,205149,263000,0.00744317290926396
3914,Hwy 7a,Moore Dr,7,376,357681,701000,0.00248580159747183
3915,Highway 7,Tc Highway,7,983,5899203,2884000,0.0108282979080198
3916,Highway 7,Tc Highway,7,465,5200147,2507000,0.0168021776014866
3917,Highway 7,Tc Highway,7,614,5181572,2507000,0.0168863380902713
3918,County Road 2, ,2,0,0,0,0.00537591938500063
3919,Tc Hwy, ,17,519,5178313,21789000,0.0181296681081351
3920,Hwy 132, ,132,140,138502,175000,0.0243991489572754
3921,Highway 7, ,7,527,1189807,6822000,0.00755458271514706
3922,Beckwith St N, ,15,0,0,0,0.00332123836088419
3923,County Road 2, ,2,0,0,0,0.000239352739667291
3924,Markham Rd, ,48,0,0,0,0.00621475695424485
3925,Elginfield Rd,King's Highway 7,7,296,386706,1000000,0.00220033514538834
3926, , ,63,0,0,0,0.000992134414292109
3927,Wharncliffe Rd S,King's Highway 4,4,0,0,0,0.000649295772365926
3928,Wharncliffe Rd S,King's Highway 4,4,0,0,0,0.000343145741617674
3929,Highway 3, ,3,272,929916,1281000,0.0133874128380059
3930,Highway 3, ,3,295,929916,1281000,0.0349486402844979
3931,Regional Road 24, ,24,0,0,0,0.0098717443533446
3932,Hwy 33, ,33,39,81993,130000,0.029774807932942
3933,County Road 2,Highway 2,2,0,0,0,0.0122863947513457
3934,Highway 7a, ,7,297,340603,179000,0.0336627871385476
3935,Hwy 62,King's Highway 62,62,428,437774,866000,0.0033486635686525
3936,River Rd,Highway 41,41,0,0,0,0.00536971560065641
3937,Highway 7, ,7,262,1613516,4728000,0.0275832684562465
3938,Hwy 60, ,60,168,383086,1092000,0.00240023653919092
3939,Raglan St S, ,60,0,0,0,0.00822052200666753
3940,Raglan St S, ,60,0,0,0,0.000658751850081277
3941,Highway 15, ,15,316,257023,258000,0.0252663711231323
3942,Victoria St N,King's Highway 7,7,0,0,0,0.00670107420419607
3943,Edna St,King's Highway 7,7,0,0,0,0.000202356853074436
3944,St David St N,King's Highway 6,6,0,0,0,0.0107803055364217
3945,Highway 6, ,6,748,2599373,8000000,0.00168434467968993
3946,Dundas St W,Hwy 5,5,1029,3116875,2265000,0.027165288656503
3947,Highway 8, ,8,403,2266227,2696000,0.0320443710908668
3948,Highway 8, ,8,403,2266227,2696000,0.00714304965152015
3949,Highway 8, ,8,403,2266227,2696000,0.00160519242025018
3950,Highway 6,Queen St,6,2201,10547065,27851000,0.00732762565669334
3951,Dundas St W,Hwy 5,5,1147,2464507,1805000,0.00482952670787268
3952,Highway 6, ,6,2519,10559170,28093000,0.000691968207385385
3953,Highway 6, ,6,2504,10559170,28093000,0.00276375304831315
3954,Brock St N,Regional Road 12,12,0,0,0,0.000424084798136009
3955,Centennial Pky S,Hwy 20,20,0,0,0,0.00903965106851568
3956,Regional Road 20,Hwy 20,20,0,0,0,0.00940163880793225
3957,Hurontario St,Highway 10,10,1173,1342135,659000,0.00126052568398012
3958,Dundas St,Regional Road 5,5,227,79967,87000,0.0213926362076216
3959,Dundas St E,Regional Road 5,5,1060,5435091,16485000,0.0104887777104918
3960,Highway 6,King's Highway 6,6,1869,11337233,28868000,0.00717958921722814
3961,Highway 600, ,600,5,0,0,0.0220072053758254
3962,Main St,Hwy 8,8,0,0,0,0.00198123698731963
3963,Main St W,Hwy 8,8,0,0,0,0.0010520284255108
3964,Dundas St,Regional Road 5,5,492,144406,487000,0.0205981136176304
3965,Dundas St E,Regional Road 5,5,0,0,0,0.00490294940132622
3966,Regional Hwy 2,Highway 2,2,0,0,0,0.000309200860274475
3967,Highway 599, ,599,16,77587,301000,0.00196758651851526
3968,Regional Hwy 2,Highway 2,2,0,0,0,0.00414377912590175
3969,Regional Hwy 2,Highway 2,2,0,0,0,0.0120964751902263
3970,Regional Hwy 2,Highway 2,2,0,0,0,0.0170039858552683
3971,County Road 2,Highway 2,2,0,0,0,0.00143330481266723
3972,County Road 2,Highway 2,2,0,0,0,0.00123013251314077
3973,County Road 2,Highway 2,2,0,0,0,0.0204067104779037
3974,County Road 2,Highway 2,2,0,0,0,0.0287717377978996
3975,County Road 2,Highway 2,2,0,0,0,0.010488120211787
3976,Highway 12, ,12,254,1581870,3626000,0.0267405071139817
3977,Yonge St,Simcoe County Road 4,11,0,0,0,0.0124417078663697
3978,Hurontario St,Highway 10,10,1173,1342135,659000,0.013555003629292
3979,Hwy 9,Davis Drive West,9,0,0,0,0.00871710984926234
3980,Yonge St,County Road 1,11,0,0,0,0.0098535001839715
3981,Yonge St,County Road 1,11,0,0,0,0.00518572930086937
3982,Albert St S,King's Highway 21,21,0,0,0,0.00625405530342701
3983,Highway 21, ,21,232,240593,2276000,0.0254154644615685
3984,Highway 6,King's Highway 6,6,159,510413,890000,0.0169152447350847
3985,Highway 69 S, ,69,0,0,0,0.00327201008555283
3986,Highway 552 E, ,552,22,0,0,0.0140131182236575
3987,Highway 11 & 101, ,11,472,5501229,19675000,0.0859926100987858
3988,Forks Rd,King's Highway 3,3,259,2047828,2866000,0.00990752951661947
3989,Main St E,King's Highway 3,3,265,394278,627000,0.00234026073762518
3990,Queen St E,Regional Road 7,7,0,0,0,0.0040384910075287
3991,Regional Hwy 2,Highway 2,2,0,0,0,0.00567815091608555
3992,Bloor St W,Hwy 5,5,0,0,0,0.00753073916230323
3993,County Rd 2, ,2,0,0,0,0.00457322602901904
3994,County Road 2,Highway 2,2,0,0,0,0.00894350158069114
3995,County Road 2,Highway 2,2,0,0,0,0.00203919283101894
3996,County Road 2,Highway 2,2,0,0,0,0.0201451115458533
3997,Highway 7, ,7,239,5867,220000,0.00104812375128169
3998,Main St N,King's Highway 7,7,0,0,0,0.00550544316434762
3999,Highway 118 W, ,118,139,12618,349000,0.000913888009502172
4000,Highway 7,Tc Highway,7,1030,5901589,2911000,0.000990827835702257
4001,Portage Road, ,48,0,0,0,0.0667237609325096
4002,Highway 7a, ,7,672,581268,973000,0.029811277450103
4003,Highway 7a, ,7,294,340603,179000,0.0149925542295873
4004,Highway 7a, ,7,297,340603,179000,0.00733627884799631
4005,Highway 7,Tc Highway,7,321,759949,1056000,0.00878807078542342
4006,Highway 35, ,35,189,78659,127000,0.00649100283657074
4007,Highway 7,Highway 35,35,410,493248,941000,0.00105489712577056
4008,Highway 592, ,592,8,0,0,0.0197930973301558
4009,Highway 48,King's Highway 48,48,318,890770,2338000,0.00952858843460294
4010,Highway 7,Tc Highway,7,291,527823,968000,0.0217366475220856
4011,Highway 7,Tc Highway,7,493,318840,816000,0.00373847682891125
4012,Highway 7,Tc Highway,7,285,380059,612000,0.00983410305791092
4013,Highway 7,Tc Highway,7,1035,5901589,2911000,0.0160592929778174
4014,Highway 608, ,608,13,0,0,0.139528115407994
4015,County Road 49,Highway 49,49,0,0,0,0.000399400801249917
4016,Dundas St E,County Road 2,2,0,0,0,0.0213667140325638
4017,Dundas St E,County Road 2,2,0,0,0,0.000259401233606155
4018,Dundas St W,County Road 2,2,0,0,0,0.0147040442532117
4019,Highway 7,Tc Highway,7,276,527823,968000,0.0130767123150555
4020,Dundas St W,King's Highway 62,62,0,0,0,0.000507052263559874
4021,Pinnacle St,King's Highway 62,62,0,0,0,0.00297914570509897
4022,Pinnacle St,King's Highway 62,62,0,0,0,0.00124458092222879
4023,Hwy 37, ,37,449,1501155,5093000,0.00757944645210974
4024,Highway 11, ,11,84,422587,1320000,0.796920701966056
4025,County Road 2, ,2,0,0,0,0.0296297835307782
4026,County Road 2, ,2,0,0,0,0.000758022751680609
4027,County Road 41, ,41,0,0,0,0.0125200790649682
4028,County Road 41, ,41,0,0,0,0.00175497839816796
4029,County Road 2, ,2,0,0,0,0.017951132593911
4030,Tc Hwy,King's Highway 17,17,407,2891184,15114000,0.029004834791069
4031,Trafalgar Rd, ,148,0,0,0,0.00346921569409303
4032,Pembroke St E,Highway 148,148,0,0,0,0.0126435065405557
4033,Hwy 60, ,60,168,383086,1092000,0.0143210354973837
4034,County Road 2, ,2,3828,39681922,172700000,0.00225065466431403
4035,County Road 2, ,2,0,0,0,0.00851931769583324
4036,Highway 21, ,21,202,134366,1434000,0.00358747520826697
4037,Highway 17, ,17,283,3225956,21136000,0.0612710691531247
4038,Highway 10, ,10,197,690715,1522000,0.0185634684309222
4039,Hwy 26,Highway 26,26,287,972284,3557000,0.00107580439487781
4040,Causley Street, ,17,402,4408270,24649000,0.00192006173335242
4041,Secord Road, ,7042,11,1452,6000,0.00233518526076485
4042,Ramp, ,537,137,54938,354000,0.00150191373300792
4043,Southwest Bypass, ,69,0,0,0,0.0029010510922768
4044,Highway 17 E, ,17,705,2099691,10033000,0.00654827093314558
4045,Front Street, ,17,0,0,0,0.00467968185711043
4046,Highway 48,King's Highway 48,48,755,86414,852000,0.0191195250040757
4047,County Road 109,Hwy 9,9,0,0,0,0.00675874115793694
4048,Forks Rd,King's Highway 3,3,256,1754686,2260000,0.000189094182875792
4049,Main St E,King's Highway 3,3,262,394278,627000,0.0104510177566899
4050,Regional Road 20,Hwy 20,20,0,0,0,0.0300946406734613
4051,County Road 2, ,2,0,0,0,0.00923664052470469
4052,Highway 7, ,7,433,1165332,6898000,0.00852444930298135
4053,Highway 15, ,15,435,124937,371000,0.0291937249106724
4054,Regional Road 20,Hwy 20,20,0,0,0,0.0491127731818666
4055,Dawson Road, ,102,431,4815848,30013000,0.0247944411775327
4056,Highway 17, ,17,540,4429804,32887000,0.439455546255825
4057,Highway 101, ,101,97,73663,179000,0.0287353877097953
4058,Davis Rd,King's Highway 58,58,546,800137,1137000,0.000371841296823279
4059,Davis Rd,King's Highway 58,58,484,1710894,702000,0.00131780754434738
4060,Highway 7, ,7,265,1044689,1625000,0.0179051991458579
4061,Dundas St E,Hwy 5,5,0,0,0,0.00949104916131982
4062,Danforth Ave,Hwy 5,5,0,0,0,0.00109316414775488
4063,Hwy 37, ,37,0,0,0,0.0026729491862029
4064,Danforth Ave,Hwy 5,5,0,0,0,0.00288079491533589
4065,Yonge St,County Road 1,11,0,0,0,0.00377209557193798
4066,County Road 41, ,41,0,0,0,0.00987335534171391
4067,County Road 41, ,41,0,0,0,0.00480775609676351
4068,Regional Road 20,Hwy 20,20,0,0,0,0.00985985403475917
4069,Regional Road 7, ,7,0,0,0,0.0002572800031079
4070,Lundy's Lane, ,20,0,0,0,0.0127735461961526
4071,Highway 7, ,7,294,1941599,5251000,0.000781005761847251
4072,Kingston Rd,Highway 2,2,0,0,0,0.00895362659341215
4073,County Road 2,Highway 2,2,0,0,0,0.000393152944750132
4074,County Road 2,Highway 2,2,0,0,0,0.00238729142838449
4075,County Road 2,Highway 49,49,546,318517,1456000,0.0202516183089438
4076,Tc Hwy, ,17,447,5179460,21790000,0.00681189037653871
4077,Opeongo Line, ,60,40,179104,124000,0.00262661093422445
4078,Highway 600, ,600,10,0,0,0.000453186495848991
4079,2nd Line West, ,550,0,0,0,0.021561836519652
4080,Highway 582, ,582,1,0,0,0.0200809993750044
4081,Trunk Road, ,17,0,0,0,0.0215066213779434
4082,Highway 15, ,15,307,280233,535000,0.0418943495758319
4083,Highway 17, ,17,300,3074144,21023000,0.0228169019825066
4084,Highway 17, ,17,292,3174543,21108000,0.0115364899475887
4085,Highway 17, ,17,400,4413637,32799000,0.012699365552101
4086,Manitou Road, ,614,19,16167,88000,0.0327556257571966
4087,Huron Church Rd,King's Highway 3,3,0,0,0,0.00108902517047648
4088,County Road 21,Oil Heritage Rd,21,0,0,0,0.00863851816288823
4089,Lakeshore Rd,King's Highway 21,21,328,747107,2361000,0.00104586244601794
4090,Lakeshore Rd,King's Highway 21,21,272,796538,2409000,0.0223477341254783
4091,Highway 542, ,542,62,0,0,0.0503316169941732
4092,Highway 540, ,540,46,10886,0,0.0837723907062285
4093,Plank Rd,County Road 19,19,0,0,0,0.0211879763207628
4094,Queen St W,Hwy 89,89,0,0,0,0.0129730399909958
4095,Highway 6,Main St N,6,0,0,0,0.0117264683946037
4096,County Road 17,Hwy 21,21,0,0,0,0.0150415608307089
4097,Forest Rd,King's Highway 21,21,198,439547,1016000,0.0017673071226992
4098,Dundas St W,Hwy 5,5,1029,3116875,2265000,0.00242801470382109
4099,Highway 3,St Thomas Expy,3,273,1070771,5803000,0.00166600670643639
4100,Elginfield Rd,King's Highway 7,7,462,386706,1000000,0.030070425725324
4101,Highway 23,Hwy 89,23,265,187600,624000,0.0186759478103042
4102,Highway 23,Hwy 89,23,265,187600,624000,0.01759992004293
4103,Highway 23,Highway 23,23,247,1236582,2316000,0.00149387670972493
4104,Hwy 9, ,9,199,292922,732000,0.00486245542539756
4105,Hwy 9, ,9,199,292922,732000,0.0230875895880829
4106,Yonge St, ,11,0,0,0,0.000995701260450352
4107,Hwy 9,Highway 9,9,1031,5890766,7219000,0.00459946942938694
4108,Highway 35, ,35,116,137191,415000,0.0164694625721136
4109,County Road 33,Highway 33,33,0,0,0,0.0146665634909845
4110,Highway 28, ,28,265,516381,84000,0.0147635576644794
4111,Hwy 89, ,89,375,1045777,2172000,0.0168677379372425
4112,County Road 41, ,41,0,0,0,0.0106679903207883
4113,County Road 41, ,41,0,0,0,0.0104742748461001
4114,Highway 10,Hwy 9,10,946,5245432,9508000,0.00119577338989229
4115,Tc Hwy, ,17,630,4715391,13906000,0.00165891738975853
4116,Tc Hwy, ,17,494,4122943,12145000,0.0436879392659924
4117,Highway 15, ,15,353,124937,371000,0.0100594446694766
4118,Cornelia St W, ,15,0,0,0,0.00335400648002501
4119,Hwy 15, ,15,353,124937,371000,0.00810906252656005
4120,Highway 24, ,24,550,547901,866000,0.000979362473599393
4121,Hwy 89, ,89,308,1177353,3344000,0.00176521175730495
4122,Hwy 41, ,41,103,260852,948000,0.00537943405241842
4123,County Road 2, ,2,0,0,0,0.0160634178270562
4124,41 Hwy, ,41,98,76370,325000,0.0214787180847256
4125,Broadway,Hwy 9,9,0,0,0,0.00134874971959714
4126,Forks Rd,King's Highway 3,3,259,2047828,2866000,0.00982275204323296
4127,Lakeshore Rd,King's Highway 21,21,272,796538,2409000,0.0104630129179394
4128,Bluewater Hwy,King's Highway 21,21,267,746863,2370000,0.0171404451037716
4129,Highway 6, ,6,722,2393668,7507000,0.0217846371707096
4130,Highway 6, ,6,436,2106244,6030000,0.00892853876694244
4131,Highway 6, ,6,437,2106244,6030000,0.01062933285475
4132,Highway 6, ,6,689,2074459,5880000,0.0178423771468599
4133,Wellington St W,King's Highway 7,7,0,0,0,0.0111209561023489
4134,York Rd,King's Highway 7,7,0,0,0,0.0176977171328858
4135,Highway 6, ,6,2519,10559170,28093000,0.00513881796881187
4136,Highway 6,King's Highway 6,6,527,1198627,3191000,0.0129935563429516
4137,Highway 6, ,6,539,2684798,6649000,0.0125230053223818
4138,Regional Road 8,Hwy 8,8,0,0,0,0.0348121547152072
4139,Regional Road 8,Hwy 8,8,0,0,0,0.0346843767013147
4140,Queenston Rd,Hwy 8,8,0,0,0,0.00833892853670882
4141,Dundas St W,Hwy 5,5,977,3861215,2435000,0.020324576675312
4142,164 Road,Hwy 23,23,268,330892,1166000,0.0205694811645515
4143,Highway 144, ,144,148,594347,414000,0.94626214841952
4144,Highway 101 & 129, ,101,139,405108,292000,0.073601839336324
4145,Hwy 59,King's Highway 3,3,216,1048985,1419000,0.0261514903444448
4146,Highway 7, ,7,708,720382,2746000,0.0151928116268096
4147,North Rankin St,King's Highway 21,21,0,0,0,0.00600317849411518
4148,Bovaird Dr W,King's Highway 7,7,0,0,0,0.00956826431922076
4149,Highway  631, ,631,32,309975,260000,0.0691994646596416
4150,Highway 6,King's Highway 6,6,80,4733,20000,0.070299962205832
4151,Highway 10, ,10,413,908882,2546000,0.0183802437028265
4152,County Road 2, ,2,0,0,0,0.0285987471835288
4153,Rawlings Rd,King's Highway 21,21,236,362917,848000,0.0236702693086229
4154,Highway 599, ,599,18,88008,416000,0.0208779313288447
4155,Highway 599, ,599,16,77587,301000,0.0305713476784477
4156,King St W,King's Highway 8,8,3595,1718021,3332000,0.00612441045662285
4157,Highway 94, ,94,72,261029,399000,0.101524328576455
4158,Trout Lake Road, ,63,178,1311947,1256000,0.0340757156138453
4159,Highway 41, ,41,141,384346,636000,0.160804248635554
4160,Highway 17, ,17,265,3074144,21023000,0.0788191014194382
4161,Highway 547, ,547,16,0,0,0.00368621936816773
4162,Huron Rd,King's Highway 8,8,264,195914,339000,0.0355500712909768
4163,Highway 11, ,11,354,4452693,25101000,0.0516128094868162
4164,Highway 11, ,17,318,5344910,8466000,0.0496170513567147
4165,Tc Hwy,King's Highway 17,17,442,3021288,15179000,0.0443058322729091
4166,Hwy 41, ,41,123,91024,356000,0.0223377507478348
4167,Highway 11, ,11,305,3318424,18388000,0.165361743322816
4168,Highway 41, ,41,132,349818,525000,0.0997401584493184
4169,2nd Line West, ,550,70,0,0,0.0579065609611823
4170,Catherine Street, ,548,15,0,0,0.00480507588200212
4171,Highway 548, ,548,180,0,0,0.0536985013388314
4172,Highway 3,St Thomas Expy,3,282,1004384,4564000,0.0300597516287191
4173,Highway 101, ,101,11,15977,82000,0.01848194155956
4174,Robertson St, ,2,0,0,0,0.00413575432850727
4175,Highway 15, ,15,185,195334,415000,0.012308138924355
4176,Highway 7, ,7,693,95580,289000,0.0114473179331707
4177,Highway  631, ,631,35,299858,249000,0.0126038663002724
4178,Highway 17, ,17,283,3225956,21136000,0.0351318867220977
4179,Highway 7, ,7,452,1217340,6971000,0.0290879352015537
4180,Peter St,County Road 2,2,0,0,0,0.00963843272800354
4181,Richmond St,King's Highway 4,4,187,183693,352000,0.0157475854891127
4182,Highway 510, ,510,11,38437,24000,0.014946961799215
4183,Highway 60, ,60,95,100118,275000,0.0673509845703452
4184,Highway 7,Highway 12,7,615,577748,1120000,0.00371406112506488
4185,Hurontario Street,Highway 10,10,91,677765,1954000,0.00125772681045935
4186,Highway 3 E,S Talbot Rd,3,817,564026,1655000,0.0282994198551639
4187,Highway 28, ,28,218,546618,183000,0.0306323228066899
4188,Highway 118, ,118,116,443056,447000,0.0449776450017322
4189,Hwy 132, ,132,140,138502,175000,0.00447633234962492
4190,Hwy 62,King's Highway 62,62,135,107591,604000,0.016231739120194
4191,Hwy 26, ,26,230,27162,92000,0.0165865452984607
4192,Highway 21,Bluewater Hwy,21,149,153613,1702000,0.0258895684500446
4193,Mary Jane Street, ,551,35,0,0,0.00635756986936043
4194,None, ,665,0,0,0,0.00230346270408363
4195,Highway 11,Highway 17,17,867,9229981,57439000,0.0485296234993908
4196,Thunder Bay Expressway, ,61,1118,1468298,5410000,0.0300262109707193
4197,Loyalist Pky,County Road 33,33,0,0,0,0.0144515264263165
4198,Paul Martin Dr,Highway 41,41,0,0,0,0.0136735006150433
4199,Highway 17, ,17,221,3074144,21023000,0.0445159254467577
4200,Highway 3, ,3,774,496662,1507000,0.0157342655336425
4201,Highway 7, ,7,406,2596278,7474000,0.0324039466242214
4202,Highway 65, ,65,248,1460559,2493000,0.00755248980802536
4203,Highway 17, ,17,292,3174543,21108000,0.0964423857346458
4204,Hwy 670, ,670,4,0,0,0.116888487939184
4205,Highway 62, ,62,82,89868,245000,0.312197208941286
4206,Highway 7a, ,7,672,581268,973000,0.0602289007369275
4207,C Line Road, ,548,15,0,0,0.0874046394086774
4208,Old Wanup Road, ,7042,11,6764,0,0.0192136838057774
4209,Highway 573, ,573,4,4671,502000,0.0707155635322841
4210,Ontario Street, ,624,17,111791,423000,0.006684139202203
4211,Regional Road 20,Hwy 20,20,0,0,0,0.00986509974436832
4212,Regional Road 54,Hwy 58,58,0,0,0,0.00268106664723723
4213,Dunnville Rd,King's Highway 3,3,140,538523,1066000,0.0241004163496574
4214,Highway 17 E, ,17,775,2761602,13453000,0.386833130192236
4215,Sugar Loaf St,King's Highway 3,3,149,976687,1375000,0.0193251827444404
4216,County Road 49,Highway 49,49,631,324482,1484000,0.01504446349897
4217,County Road 33,Highway 33,33,0,0,0,0.013617343215865
4218,Hwy 805, ,805,12,0,0,0.47938594618351
4219,Cameron Road, ,597,13,0,0,0.0758623101284876
4220,Highway  631, ,631,67,295833,248000,0.0356265852883864
4221,Guelph St,King's Highway 7,7,717,1006308,3880000,0.022330577929671
4222,Station Road, ,645,9,31727,198000,0.0422372802104782
4223,Texas Gulf Road, ,655,334,273821,585000,0.00942973210608704
4224,Highway  636, ,636,12,27600,19000,0.0436854398489354
4225,Highway 11, ,11,505,5076975,19033000,0.120129403973369
4226,Hwy 9,Davis Drive West,9,0,0,0,0.0268184501687206
4227,County Road 109,Hwy 9,9,0,0,0,0.0168319244688788
4228,Highway 6,King's Highway 6,6,251,663955,1455000,0.0181880496720694
4229,De Troyes Avenue, ,577,0,0,0,0.128883242183551
4230,Hwy 89, ,89,369,1025685,2124000,0.0447375659077617
4231,Hwy 89, ,89,351,1025685,2124000,0.00531965160962027
4232,Highway 6,King's Highway 6,6,247,663955,1455000,0.02150125385381
4233,Highway 6,King's Highway 6,6,251,663955,1455000,0.0159383073845002
4234,Talbot Rd,King's Highway 3,3,233,1224291,2761000,0.0169315420178812
4235,Regional Road 24, ,24,0,0,0,0.0409747446140336
4236,Highway 17, ,17,582,8068252,37411000,0.0440532826280658
4237,Black Road, ,17,0,0,0,0.017470471207448
4238,Highway 17, ,17,508,4471950,32933000,0.0308476213470492
4239,Highway  631, ,631,35,299858,249000,0.0233616131116894
4240,Hurontario St,Highway 10,10,1173,1342135,659000,0.00126422911001152
4241,Regional Road 20,Hwy 20,20,0,0,0,0.013640032490629
4242,Hwy 62, ,62,208,132510,604000,0.016989850911899
4243,Griffin St N,Regional Road 20,20,0,0,0,0.0005398423845615
4244,Griffin St N,Regional Road 20,20,0,0,0,0.000561121178988129
4245,Hwy 41,Walford Rd,41,166,258567,930000,0.0124497526569446
4246,County Road 2, ,2,0,0,0,0.0587357799127586
4247,Highway 48,King's Highway 48,48,89,86414,852000,0.0170958405007458
4248,Brock St S,Regional Road 12,12,0,0,0,0.0089226810445676
4249,County Road 2,Highway 2,2,0,0,0,0.0104931539479798
4250,County Road 17,Hwy 21,21,0,0,0,0.00303794786004686
4251,9 Street, ,583,0,0,0,0.013231441592463
4252,County Road  48, ,48,0,0,0,0.0656265602511557
4253,Highway 7, ,7,693,95580,289000,0.00560897066238257
4254,Cameron Street, ,35,41,45465,11000,0.00354991598318736
4255,County Road 2,Highway 2,2,0,0,0,0.0222055638631807
4256,Regional Road 7, ,7,0,0,0,0.0149251690697488
4257,Ecclestone Drive, ,118,0,0,0,0.0281638659636429
4258,Ecclestone Drive, ,118,0,0,0,0.0130870039886015
4259,River Rd,Highway 41,41,0,0,0,0.00559021387815667
4260,Highway 7,Highway 12,7,799,372284,651000,0.0126887061953233
4261,Portage Road, ,48,0,0,0,0.0180160871110787
4262,Highway 15, ,15,295,393451,534000,0.0346343214817189
4263,County Road 2, ,2,0,0,0,0.0220527692647686
4264,Highway 7, ,7,333,3205409,8844000,0.0417325067273975
4265,County Road 2,Highway 2,2,0,0,0,0.0210181726877389
4266,County Road 49,Highway 49,49,0,0,0,0.0270334818553811
4267,Highway 35, ,35,122,24361,298000,0.0032778082839285
4268,Highway 654, ,654,38,0,0,0.00912507687872114
4269,Hwy 33, ,33,132,83093,133000,0.0374291431347367
4270,County Road 2, ,2,0,0,0,0.043207808037968
4271,Regional Road 20,Hwy 20,20,0,0,0,0.00838771714028689
4272,Sugar Loaf St,King's Highway 3,3,156,1044392,1621000,0.00192255399587483
4273,County Road 2, ,2,3582,41540087,165251000,0.0602868154104261
4274,Hwy 27, ,27,0,0,0,0.00227509985713812
4275,Highway 6, ,6,623,1369179,3909000,0.0210093706322707
4276,Highway 596, ,596,21,0,0,0.00609460573593558
4277,New Pukaskwa Road, ,627,30,0,0,0.0182670057150328
4278,Hill Street, ,537,1042,2780500,13497000,0.00612113808162924
4279,Highway 7,Tc Highway,7,276,527823,968000,0.00747860902599984
4280,Hwy 60, ,60,190,383521,1093000,0.0383345319234315
4281,Highway 575, ,575,32,157596,264000,0.0673535429354999
4282,Highway 519, ,519,10,50720,25000,0.0110148384024221
4283,Lundy's Lane,Regional Road 20,20,464,1210733,774000,0.0151709539117242
4284,Highway 11,Highway 17,17,907,7034849,27246000,0.0164267561436994
4285,Dawson Road, ,102,431,4807405,30013000,0.105708154588477
4286,Tc Hwy, ,17,630,4715391,13906000,0.0254188625783906
4287,Highway 11, ,11,334,3859800,18561000,0.00600161199904866
4288,Government Road, ,600,10,0,0,0.000591418511288435
4289,Concession  3 Fox,Highway 574,574,4,0,0,0.165535637129202
4290,Highway 11, ,11,474,6865599,20558000,0.0548052585688652
4291,Highway 101, ,101,0,0,0,0.0198980121810398
4292,Kingston Rd,Regional Highway 2,2,10230,56533599,214809000,0.0097395335164134
4293,County Road 31,Hwy 93,93,0,0,0,0.00112411955301177
4294,Highway 586, ,586,12,0,0,0.0680299218809299
4295,Highway 601, ,601,90,0,0,0.0994537790664402
4296,Highway 11, ,11,81,301052,1308000,0.27877238541754
4297,County Road 2,Highway 2,2,0,0,0,0.014022332586401
4298,1st Avenue, ,72,277,636411,479000,0.0797251429406194
4299,41 Hwy, ,41,98,76370,325000,0.0102994871575291
4300,Hwy 8,Queenston Rd,8,0,0,0,0.0104993544964746
4301,County Road 2, ,2,0,0,0,0.0429354602981838
4302,Highway 607, ,607,39,197889,480000,0.00769350094514808
4303,Highway 17, ,17,1110,8045439,34459000,0.0464124662934115
4304,Highway 69 S, ,69,626,5280597,19109000,0.0633703000168639
4305,None, ,804,3,0,0,0.0256995133844747
4306,Hwy 587, ,587,16,0,0,0.0590616082281858
4307,Kings Way Highway, ,17,487,3430838,22905000,0.181052561495524
4308,Highway 17, ,17,419,4684114,33101000,0.0239807473163936
4309,Highway 596, ,596,39,5646,20000,0.107492498575349
4310,Highway 17, ,17,319,3583963,21103000,0.0953513856629057
4311,Highway 552, ,552,26,0,0,0.0769267754737466
4312,Highway 563, ,563,6,0,0,0.0537517385610873
4313,Loyalist Pky,County Road 33,33,0,0,0,0.009881501869941
4314,Great Northern Road, ,17,0,0,0,0.0327562087239282
4315,Victoria St N,King's Highway 21,21,243,165416,1719000,0.00244971205493493
4316,Ranger Lake Road, ,556,32,217723,151000,0.0490900898151794
4317,Highway 17, ,17,265,3074144,21023000,0.0670870173891198
4318,Highway 60, ,60,116,299879,502000,0.0792761885095328
4319,Plank Rd,County Road 19,19,0,0,0,0.0103587636398688
4320,Highway 17, ,17,283,3225956,21136000,0.207912219641759
4321,Hwy 23,Blanshard St,23,268,330892,1166000,0.0206670059397604
4322,County Road 41, ,41,0,0,0,0.00684760778913663
4323,Plank Rd,County Road 19,19,0,0,0,0.00694304722236294
4324,Highway 623, ,623,9,121535,12000,0.0501952905953247
4325,Highway 3,Talbot Rd,3,196,364236,682000,0.0120564158810822
4326,Highway 129, ,129,31,261545,138000,0.699128241279487
4327,Highway 534, ,534,49,0,0,0.0555941641139102
4328,Lundy's Lane,Regional Road 20,20,0,0,0,0.0124676996958281
4329,County Road 21,Hwy 21,21,0,0,0,0.00403432496713627
4330,Water Street, ,6,27,0,0,0.127041281614905
4331,Highway 129, ,129,41,384239,281000,0.92369939749701
4332,Highway 551, ,551,35,0,0,0.0157386153726128
4333,Highway 3, ,3,272,929916,1281000,0.00855657684336076
4334,Regional Road 24, ,24,0,0,0,0.0109939225426178
4335,Highway 7, ,7,737,766993,1350000,0.00177438141878268
4336,Morin Street, ,575,32,157596,264000,0.136067865725461
4337,10th Avenue, ,571,50,243534,448000,0.00157838238351143
4338,Highway 11, ,11,464,5876165,20089000,0.127851769204002
4339,Hwy 35,Highway 7A,35,311,1105697,2591000,0.00810775629219093
4340,County Road 33,Highway 33,33,0,0,0,0.0569070402530712
4341,Hwy 37, ,37,167,1336099,3889000,0.00987655392528688
4342,Dundas St W,County Road 2,2,0,0,0,0.0051558152096026
4343,Highway 8,King's Highway 7,7,758,5682308,13457000,0.0255855457906621
4344,Highway 7,Highway 12,7,799,372284,651000,0.0144976444546525
4345,Highway 7, ,7,253,3790986,8962000,0.0469178707533491
4346,Highway 6, ,6,242,1767241,6001000,0.0134189666852111
4347,Highway 24, ,24,452,2107031,3454000,0.0120579608052033
4348,Highway 28, ,28,199,563104,157000,0.0117896913820737
4349,King George Rd,King's Highway 24,24,685,1046873,4725000,0.019429593399425
4350,Woodward Avenue, ,557,0,0,0,0.00157439960476681
4351,County Road 33,Highway 33,33,0,0,0,0.00406850642862196
4352,Highway 597, ,597,13,0,0,0.0385953917223638
4353,County Road 34,Main,3,0,0,0,0.0284789873640553
4354,Highway 582, ,582,1,0,0,0.0524280874342816
4355,Talbot Trail,County Road 3,3,0,0,0,0.0402437358513153
4356,Highway 35, ,35,182,262307,130000,0.0194668996491741
4357,Highway 611, ,611,12,0,0,0.0670480167977165
4358,Garrison Rd,King's Highway 3,3,218,520189,1111000,0.0119608771139865
4359,Erie St N, ,77,577,1419637,2406000,0.00762304291673723
4360,Highway 35, ,35,19,22892,141000,0.176682543326962
4361,Colborne St,County Road 4,4,0,0,0,0.010685991810707
4362,Highway 6, ,6,182,540416,2318000,0.0191695445994199
4363,None, ,665,6,0,0,0.00776179058176357
4364,Highway 21,Bluewater Hwy,21,116,127356,416000,0.00972000773161059
4365,Bayfield Rd,King's Highway 21,21,0,0,0,0.00681533755565227
4366,Hwy 62, ,62,211,130918,596000,0.0269117716313096
4367,Hwy 62, ,62,208,132510,604000,0.0139107796530191
4368,Russel St, ,62,74,128623,313000,0.00888547466510529
4369,Hwy 37, ,37,187,1504856,4025000,0.0215884440662356
4370,Hwy 37, ,37,187,1523926,4049000,0.0326473712749335
4371,Highway 6,King's Highway 6,6,228,433897,721000,0.0176190809668055
4372,Highway 6,Garafraxa St,6,108,503318,900000,0.0155534638569044
4373,Highway 6,King's Highway 6,6,218,1178742,3235000,0.0181444502129896
4374,Highway 7, ,7,274,3465569,2047000,0.0216896396026471
4375,Highway 65, ,65,102,707028,670000,0.240151572375372
4376,Bloor St E,Hwy 5,5,0,0,0,0.000992705876405009
4377,Burton Ave, ,11,0,0,0,0.0070743177987434
4378,Richards Street, ,548,35,0,0,0.0666351857542545
4379,2nd Line West, ,550,70,0,0,0.0364216666837802
4380,Main St W,Regional Road 3,3,175,733698,1625000,0.00529778712853636
4381,County Road 2, ,2,0,0,0,0.0654916590865647
4382,Highway 12, ,12,480,987516,851000,0.0166420650220125
4383,Highway 584, ,584,0,0,0,0.0204639096304738
4384,Highway 10, ,10,386,1175878,2503000,0.0244609536426662
4385,Highway 12, ,12,412,698585,808000,0.00590979611735172
4386,County Road 41, ,41,0,0,0,0.00398853197474767
4387,Highway 21, ,21,198,134619,1435000,0.00730820028264556
4388,Bloor St E,Hwy 5,5,0,0,0,0.0031704367123613
4389,Highway 24, ,24,564,547901,866000,0.0114344257345238
4390,Centennial Pky S,Hwy 20,20,0,0,0,0.0170607090584352
4391,Highway 7,Tc Highway,7,427,4973036,2695000,0.013541205062109
4392,Lakeshore Rd,King's Highway 21,21,328,747107,2361000,0.00806112637855787
4393,Highway 21, ,21,232,240593,2276000,0.0219258005825214
4394,Osler Dr,Hwy 8,8,0,0,0,0.015937850299899
4395,Highway 600, ,600,10,0,0,0.0414082501895029
4396,Highway 21, ,21,221,260763,2122000,0.02340539991414
4397,Highway 6,King's Highway 6,6,70,4733,20000,0.168423265515296
4398,Shoal  Lake Road, ,673,10,0,0,0.0827247526825704
4399,County Road 2,Highway 2,2,0,0,0,0.0340891254724873
4400,Highway 61, ,61,64,539382,583000,0.0248726948424244
4401,Hwy 9, ,9,362,70679,285000,0.0143581656422659
4402,Highway 17, ,17,578,6793910,40653000,0.140978732117496
4403,Highway 17, ,17,427,4040422,25090000,0.215223785027744
4404,Highway 557, ,557,18,0,0,0.216876997119106
4405,Highway 144, ,144,273,614053,478000,0.13626010779422
4406,Highway 560, ,560,62,0,0,0.904096643859447
4407,Northwest Bypass, ,144,304,758282,825000,0.124988702759039
4408,Secord Road, ,7042,11,0,0,0.0347661029054213
4409,Ontario Street, ,520,47,0,0,0.0988758224399132
4410,Highway 560a, ,560,23,0,0,0.112357161937676
4411,Boundary Road, ,535,36,1667,8000,0.100440747122226
4412,Highway 17, ,17,281,3074144,21023000,0.00486210816472728
4413,Highway 573, ,573,4,4671,502000,0.116472211710182
4414,Highway 101 W, ,101,202,3216936,10504000,0.231697119911164
4415,Hwy 62,King's Highway 62,62,63,107591,604000,0.00632078252182103
4416,Pyne Road,Highway 574,574,4,0,0,0.0201236641558108
4417,Highway 112, ,112,102,93162,539000,0.0812464204239408
4418,Highway 66, ,66,126,543808,659000,0.112563522026117
4419,Highway 572, ,572,18,130183,130000,0.162560276445094
4420,Hwy 3,King's Highway 3,3,156,1044392,1621000,0.0172355680973252
4421,Highway 661, ,661,35,152967,16000,0.0428921794266038
4422,Highway 805, ,539001,30,37764,3000,0.0688922058940414
4423,Highway 534, ,534,66,0,0,0.156001632585424
4424,Concession  1 Glackmeyer, ,652,56,273132,320000,0.200310249228049
4425,Highway 7, ,7,247,1419836,1556000,0.130328943800411
4426,Dundas St W,Hwy 5,5,0,0,0,0.0113765013706334
4427,County Rd 2, ,2,0,0,0,0.0234698633867456
4428,Highway 7, ,7,693,95580,289000,0.0166319115627064
4429,Regional Road 20,Hwy 20,20,0,0,0,0.0162745974290038
4430,Loyalist Pky,County Road 33,33,0,0,0,0.00970097101878534
4431,Regional Road 20,Hwy 20,20,0,0,0,0.0114952122499288
4432,Lundy's Lane,Regional Road 20,58,464,1210733,774000,0.0118392582876124
4433,County Road 33,Highway 33,33,0,0,0,0.00842622540084776
4434,Highway 7, ,7,741,717270,3313000,0.0237512257262274
4435,Highway 65, ,65,188,866624,1337000,0.194623202294492
4436,Northwest Bypass, ,144,239,758282,825000,0.0351758176794543
4437,Highway 15, ,15,204,260530,405000,0.0105867623003316
4438,Parry Sound Drive, ,124,55,94448,199000,0.0977966880566956
4439,Highway 542, ,542,60,0,0,0.0957360800736421
4440,Highway 112, ,112,67,93162,539000,0.0767621706036032
4441,Hwy 9, ,9,76,0,0,0.0483805765584022
4442,Highway 12, ,12,405,506811,1577000,0.0257080799138354
4443,Hwy 62, ,62,208,132510,604000,0.00892840519683494
4444,Ramp, ,15,0,0,0,0.00189632837658817
4445,Highway 118, ,118,82,10137,190000,0.0638422216914602
4446,Highway 48, ,48,511,433378,2244000,0.031886282752263
4447,Maple Avenue, ,118,153,179948,622000,0.0622729992886736
4448,Hwy 26, ,26,234,320729,894000,0.0638277110070289
4449,Highway 7a, ,7,605,340603,179000,0.0120481581081583
4450,Highway 7,Tc Highway,7,465,5200147,2507000,0.0169048222486179
4451,Highway 28, ,28,204,654287,258000,0.173829013480721
4452,Highway 118, ,118,74,443056,447000,0.120846109417319
4453,Highway  631, ,631,32,309975,260000,0.0528595450086535
4454,164 Road,Hwy 23,23,263,159488,885000,0.0132206163532854
4455,County Road 33,Dufferin Ave,33,0,0,0,0.0308450216036493
4456,Hwy 37, ,37,165,1182252,3928000,0.0482034644668491
4457,Tc Hwy,King's Highway 17,17,546,3012572,15178000,0.0263554956722558
4458,County Road 58,Highway 62,62,0,0,0,0.0254404956173518
4459,Highway 11,Front Street,11,0,0,0,0.0101659326326053
4460,Highway 637, ,637,42,0,0,0.0557782980921669
4461,Highway 11, ,11,448,5305681,19393000,0.00890223600013974
4462,Highway 10,Hwy 24,10,678,3079362,4689000,0.0169379725614162
4463,Highway 810, ,553,2,0,0,0.447498961393686
4464,Hwy 37, ,37,167,1325835,3873000,0.00832721144962508
4465,Highway 62, ,62,90,76696,234000,0.0281617765726378
4466,Hwy 60, ,60,168,383086,1092000,0.0233248667281472
4467,Hwy 41, ,41,103,260852,948000,0.0168917182384925
4468,Highway 7, ,7,262,1613516,4728000,0.021534785357251
4469,Highway 15, ,15,303,257023,258000,0.0177431681198337
4470,Hwy 41, ,41,199,85515,360000,0.0155256646225097
4471,County Road 58,Highway 62,62,0,0,0,0.0254275844238397
4472,Talbot Line,County Road 3,3,0,0,0,0.00647967983248142
4473,Colonel Talbot Rd,King's Highway 4,4,0,0,0,0.0104188422756222
4474,Highway 656, ,656,9,0,0,0.029893733464478
4475,Highway 35, ,35,189,78659,127000,0.0169330469470401
4476,Highway 7a, ,7,527,701768,1090000,0.000531470273394843
4477,County Road 2, ,2,0,0,0,0.0649447630930187
4478,North Front St N,King's Highway 62,62,0,0,0,0.00572358523310798
4479,Highway 522, ,522,19,0,0,0.00794018707473759
4480,Highway 141, ,141,111,230545,51000,0.11485213156634
4481,Highway 17, ,17,891,4936447,21294000,0.0299167928409291
4482,Hwy 37, ,37,369,2772236,5983000,0.00356081294954984
4483,Atherley Road, ,12,782,777970,1790000,0.00858803898489632
4484,Highway 40, ,40,232,2171797,2361000,0.0141789627731434
4485,Chatham St S,County Road 3,3,0,0,0,0.0219117681230319
4486,County Road 21,Hwy 21,21,0,0,0,0.00471814259102318
4487,Oil Heritage Rd,County Road 21,21,0,0,0,0.0245740485994077
4488,Indutrial Rd,County Road 21,21,0,0,0,0.0160112606814121
4489,Highway 10,Hwy 24,10,671,2974082,4364000,0.0025175038789318
4490,Highway 105, ,105,173,204957,1129000,0.442551485792031
4491,Provincial Park Road,Hwy 581,581,16,0,0,0.0702609559377063
4492,Highway 7, ,7,406,2596278,7474000,0.00847264387577369
4493,Highway 17, ,17,1017,1769051,8290000,0.109665692993993
4494,Highway 15, ,15,340,207607,9020000,0.0227569708703121
4495,Hwy 62,King's Highway 62,62,66,107591,604000,0.0206364511309642
4496,Highway 6,King's Highway 6,6,538,1104908,3160000,0.0245265979053096
4497,Hwy 93, ,93,339,1232979,3275000,0.0130662288287964
4498,Highway 24, ,24,564,547901,866000,0.00902680045550724
4499,Highway 551, ,551,35,0,0,0.0410666404713126
4500,Regional Hwy 2,Highway 2,2,0,0,0,0.0103518387663953
4501,Highway 35, ,35,76,122679,185000,0.0182410999416164
4502,Kingston Rd,Regional Highway 2,2,0,0,0,0.00950438769921376
4503,Highway 118, ,118,110,11149,191000,0.0216979424472917
4504,County Road 2,Highway 2,2,0,0,0,0.0174960132874326
4505,Highway 21, ,21,225,234738,1546000,0.0346178346166836
4506,O'brien Rd, ,60,0,0,0,0.0103058933929517
4507,Hwy 26,Bridge St,26,287,452365,1019000,0.0202013770178704
4508,Highway 529, ,529,5,11194,31000,0.0653454237276627
4509,Highway 529, ,529,34,24360,25000,0.0404944355384508
4510,County Road 4,Hwy 4,4,540,1819272,5540000,0.0419006825637721
4511,Sunset Dr,County Road 4,4,0,0,0,0.00994759551518718
4512,Highway 69, ,141,52,81890,107000,0.0325179241861395
4513,Highway 48,King's Highway 48,48,246,116344,59000,0.014841278572464
4514,Highway 124, ,124,26,56495,75000,0.0564953841459674
4515,Highway 554, ,554,22,139108,139000,0.0958242409813593
4516,County Road 4,Hwy 4,4,0,0,0,0.0088177243479548
4517,Pembroke St E,Highway 148,148,410,118008,388000,0.0156036456081665
4518,County Road 2, ,2,0,0,0,0.00430220564648723
4519,Desjardins Street, ,64,99,222257,318000,0.0051932945473018
4520,Highway 7,Highway 35,35,301,483211,888000,0.023858141103665
4521,Highway 35, ,35,122,24361,298000,0.0442379582151598
4522,Highway 12, ,12,407,789587,771000,0.0154532216513989
4523,Highway 627, ,627,30,0,0,0.0774027775558096
4524,Bovaird Dr W,King's Highway 7,7,0,0,0,0.010972606543076
4525,Highway 118, ,118,55,12618,349000,0.0491520601181438
4526,Highway 118, ,118,37,28854,33000,0.044604972290225
4527,Hwy 62,King's Highway 62,62,428,437774,866000,0.0158854940695141
4528,Medora Street, ,118,0,0,0,0.0178997673079303
4529,Elizabeth Street,Highway 592,592,61,13134,30000,0.0675525894226936
4530,Highway 28, ,28,374,444560,742000,0.0201722339107857
4531,Highway 28, ,28,212,476220,773000,0.178050471643062
4532,Loyalist Pky,County Road 33,33,0,0,0,0.0435576368218272
4533,Hwy 62,King's Highway 62,62,63,107591,604000,0.023419904025978
4534,Hwy 62,King's Highway 62,62,66,107591,604000,0.0080872937849291
4535,Bloomfield Main St,Highway 33,33,157,105477,594000,0.0212294451192967
4536,Riverside Pky,Highway 33,33,0,0,0,0.00251884673124963
4537,County Road 33, ,33,0,0,0,0.0262580126830991
4538,Hwy 62,King's Highway 62,62,200,163673,652000,0.0184448770190521
4539,Hwy 62,King's Highway 62,62,318,163673,652000,0.00922054149813104
4540,Dundas St W,County Road 2,2,0,0,0,0.00464812949184696
4541,Cannifton Rd,Highway 37,37,0,0,0,0.00998986344691151
4542,Hwy 62,King's Highway 62,62,410,437774,866000,0.0143768423258207
4543,Hwy 37, ,37,167,1325835,3873000,0.00792594995692373
4544,County Road 2, ,2,0,0,0,0.060159993528943
4545,Hwy 37, ,37,174,1325835,3873000,0.0194516497570496
4546,Hwy 37, ,37,174,1325835,3873000,0.00614284700158539
4547,County Road 2,Highway 2,2,0,0,0,0.0531837276173121
4548,County Road 49,Highway 49,49,0,0,0,0.0372227373822708
4549,Hwy 37, ,37,167,1325835,3873000,0.0145513637725545
4550,Bridge Street,Hwy 41,41,139,349818,525000,0.0113765306437797
4551,Tc Hwy, ,17,517,4163443,12169000,0.0277058911463608
4552,County Road 3,Talbot Trail,3,0,0,0,0.00927432363153495
4553,Highway  631, ,631,32,309975,260000,0.0626780948962901
4554,Highway 65, ,65,170,989551,1414000,0.0701837571452032
4555,Hwy 132, ,132,161,138502,175000,0.0386605490697304
4556,Hwy 6,King's Highway 6,6,159,4099,27000,0.0111252507536557
4557,None, ,600,10,0,0,0.00205093477072722
4558,Highway 11, ,11,157,468918,442000,0.0245550741914785
4559,Highway 15, ,15,291,393451,534000,0.00755305947737092
4560,Highway 600, ,600,5,0,0,0.208290361652385
4561,Duke Street, ,594,0,0,0,0.00608486835578094
4562,Broadway St,County Road 21,21,0,0,0,0.0221424077632814
4563,Highway 17, ,17,23,0,0,0.00150435442968638
4564,Highway 17, ,17,343,3225547,22750000,0.859362053564932
4565,Highway 613, ,613,6,0,0,0.101662820546033
4566,Highway 11, ,11,87,422587,1320000,0.0920842510706621
4567,Highway 516, ,516,58,0,0,0.0498513260669699
4568,Highway 15, ,15,307,280233,535000,0.0089753043095665
4569,Highway 599, ,599,18,88008,416000,0.0627857460070539
4570,Highway 599, ,599,16,77587,301000,0.00572863898130043
4571,Highway 595, ,595,25,0,0,0.115940886354036
4572,Highway 588, ,588,27,101809,50000,0.0257501904776203
4573,Barrie Drive, ,130,21,32330,157000,0.0453273757700993
4574,Highway 11, ,11,255,3372617,18355000,0.438183092047567
4575,Trans Canada Highway, ,17,348,3428587,22904000,1.08967299794169
4576,Highway 17, ,17,283,3225956,21136000,0.0113310927664098
4577,Highway 17, ,17,280,3074144,21023000,0.103755278672103
4578,Highway 10, ,10,302,824079,2437000,0.0267119081311606
4579,Highway 519, ,519,0,0,0,0.0184433029396023
4580,Highway 519, ,519,97,0,0,0.0844372457978391
4581,Hwy 37, ,37,167,1325835,3873000,0.0104613523579223
4582,Highway 51,Yonge St,11,0,0,0,0.00064442167217321
4583,Dundas St W,King's Highway 62,62,0,0,0,0.00548753284282273
4584,County Road 21,Hwy 21,21,0,0,0,0.0148163135925628
4585,Tc Hwy, ,17,428,4122943,12145000,0.0826872884335592
4586,Ontario St,King's Highway 8,8,0,0,0,0.0024945677613355
4587,Hwy 93, ,93,339,1232979,3275000,0.0204114787091856
4588,Highway 17, ,17,110,13261,33000,0.0030661181416097
4589,County Road 41, ,41,0,0,0,0.0224434884883806
4590,Highway 7, ,7,262,1613516,4728000,0.0841123415654415
4591,Highway 12, ,12,397,656777,1632000,0.179068898004048
4592,Round Lake Rd,County Road 58,148,0,0,0,0.0285114929552454
4593,Highway 15, ,15,307,280233,535000,0.0129068110015588
4594,Highway 35, ,35,197,111452,127000,0.0269394484010286
4595,County Road  48, ,48,0,0,0,0.0943588455070503
4596,Highway 35, ,35,41,45465,11000,0.00840821518190698
4597,Sykes St S,Hwy 26,26,0,0,0,0.014239948425307
4598,County Road 21,Hwy 21,21,0,0,0,0.0107569540106967
4599,Dunnville Rd,King's Highway 3,3,140,538523,1066000,0.0189773614127381
4600,Highway 12,Tc Hwy,12,252,532788,1411000,0.0123898776328711
4601,Portage Road, ,48,0,0,0,0.108401193226164
4602,Hwy 6,Walker St,6,262,11506,25000,0.00745994214631606
4603,Highway 11, ,11,529,5076975,19033000,0.143729544815771
4604,Highway 35, ,35,426,563130,1543000,0.00470834888132897
4605,Hwy 26, ,26,763,5896891,7643000,0.0111902627220033
4606,Hwy 26, ,26,272,1131093,4257000,0.0077424864319131
4607,Hwy 93, ,93,339,1232979,3275000,0.0016667453539933
4608,Hwy 93,Highway 93,93,516,1551810,3557000,0.0101367077964172
4609,Hwy 93,Highway 93,93,339,1232979,3275000,0.02444523775344
4610,Highway 559 West, ,559,388,96135,524000,0.00710503030370305
4611,Highway 144, ,144,271,617689,543000,0.0085572860208646
4612,Highway 7,Tc Highway,7,276,527823,968000,0.0249085111516202
4613,Imperial Street, ,64,0,0,0,0.00588548128890599
4614,Highway 15, ,15,291,393451,534000,0.00435843976503207
4615,Highway 10, ,10,320,1096832,2636000,0.0180967341984037
4616,Trenton St,County Road 33,33,0,0,0,0.0229562044470769
4617,None, ,571,0,0,0,0.000786083093266089
4618,Plank Rd,County Road 19,19,0,0,0,0.0180723557183006
4619,Highway 61, ,61,639,365160,363000,0.0141787037564865
4620,New Pukaskwa Road, ,627,30,0,0,0.0235162884147649
4621,2nd Line East, ,550,0,0,0,0.00487513074054489
4622,Highway 24, ,24,432,1217528,2672000,0.0489202018448905
4623,Highway 535, ,535,417,1858537,9156000,0.083333314841736
4624,Highway 101, ,101,0,0,0,0.0697917043235416
4625,Algonquin Boulevard West, ,101,0,0,0,0.0135088157076638
4626,Hwy 7a, ,7,370,205149,263000,0.0129571998606785
4627,Bloor St W,Hwy 5,5,0,0,0,0.00160773317926652
4628,Highway 7,Tc Highway,7,493,318840,816000,0.00871424461340698
4629,County Road 2,Highway 2,2,0,0,0,0.0176486783946932
4630,Highway 17, ,17,570,8068252,37411000,0.18908802982791
4631,Highway 17a, ,17,92,730831,2268000,0.00709122471925214
4632,Highway 17a, ,17,859,7779483,52711000,0.103237353495269
4633,Highway 596, ,596,10,0,0,0.0569745503734203
4634,Highway 11, ,11,104,57960,72000,0.149708401174412
4635,Highway 17a, ,17,530,9737886,38913000,0.0817697734633545
4636,Highway 124, ,124,27,56495,75000,0.189867133676442
4637,Highway 599, ,599,16,88008,416000,0.0300813141933755
4638,Dog Lake Road,Hwy 589,589,109,953520,35000,0.0367894904454214
4639,Highway 591, ,591,46,0,0,0.0826600577552192
4640,Highway 540, ,540,60,10886,0,0.358715384931929
4641,Highway 6, ,6,509,2684350,6648000,0.049218098269286
4642,Highway 3, ,3,282,955954,2334000,0.0240295694565931
4643,Coumbes St,Hwy 60,60,0,0,0,0.0102832809020605
4644,Highway 15, ,15,270,280233,535000,0.0201647962792694
4645,Barskys Hill Road, ,658,0,0,0,0.013823249347213
4646,Highway 17a, ,17,860,7770321,52711000,0.083949670489401
4647,Woodlawn Rd W,King's Highway 7,7,0,0,0,0.000253805043311902
4648,Highway 61, ,61,102,441816,1751000,0.00663800348902174
4649,County Road 41, ,41,0,0,0,0.00567281820992204
4650,Highway 17, ,17,466,6550168,37426000,0.126263724480072
4651,Centre St N,County Road 41,41,0,0,0,0.00466990902527516
4652,Highway 602, ,602,2,0,0,0.248755878468191
4653,Highway 17, ,17,442,4023153,25049000,0.231063354634341
4654,Highway 583, ,583,11,9882,23000,0.433815102505992
4655,Lakeview Drive, ,17,0,0,0,0.0116379337163633
4656,Highway 17, ,17,577,6550168,37426000,0.293934343258966
4657,Highway 599, ,599,18,88008,416000,0.0668552549746594
4658,Highway 621, ,621,13,0,0,0.103353794773924
4659,Huron St,King's Highway 8,8,0,0,0,0.00671712521156257
4660,Redditt Road, ,658,72,78335,24000,0.0126142561429895
4661,Highway 101, ,101,11,15977,82000,0.800439407861041
4662,Highway  638, ,638,25,11982,21000,0.35576334993544
4663,Ranger Lake Road, ,556,32,217723,151000,0.521236099558548
4664,Highway 17a, ,17,551,9711189,38806000,0.0590704249637281
4665,Highway 600, ,600,6,0,0,0.322233011723915
4666,Highway 11, ,11,225,712808,1539000,0.346091082731319
4667,Highway 502, ,502,106,405500,100000,1.08243245027022
4668,Highway 596, ,596,21,0,0,0.214510400094826
4669,Highway 72, ,72,183,636411,479000,0.701043714707728
4670,Highway 17 E, ,17,80,45087,53000,0.189134737648404
4671,Highway 621, ,621,13,0,0,0.246603514048839
4672,Highway 525, ,525,13,0,0,0.270359305551241
4673,Dog Lake Road,Hwy 589,589,129,104952,4000,0.0527357769377968
4674,Highway 641, ,641,16,3796,15000,0.16279221148957
4675,Highway  631, ,631,32,309975,260000,0.129637760922067
4676,Highway 615, ,615,19,0,0,0.231999919391189
4677,Highway 11, ,11,235,310474,859000,0.167144027180894
4678,Highway 17, ,17,642,10261688,39453000,0.0870585067605443
4679,Darlington Way Road, ,596,39,5646,20000,0.0535408328728909
4680,Highway 525, ,525,13,0,0,0.202266211044968
4681,None, ,665,6,0,0,0.0870393469644704
4682,Highway 619, ,619,2,2633,3000,0.152521296359723
4683,Highway 619, ,619,2,2633,3000,0.237543593540846
4684,Highway 608, ,608,28,0,0,0.102028994105057
4685,Highway 617, ,617,28,0,0,0.232216458824409
4686,Highway 600, ,600,5,0,0,0.277318672142238
4687,Jones Road, ,671,30,0,0,0.371589589527687
4688,Highway 17, ,17,650,9782973,38966000,0.0490121356749486
4689,Highway 17, ,17,466,6550168,37426000,0.120859807695626
4690,Highway 71, ,71,110,1611740,826000,0.497648489756462
4691,None, ,7059,15,0,0,0.0541893920490466
4692,Hwy 609, ,609,3,0,0,0.177559063343171
4693,Highway 527, ,527,6,23650,134000,0.071002207404551
4694,Highway 664, ,664,108,43280,49000,0.130559807101863
4695,Highway 502, ,502,75,405500,100000,0.221564679958553
4696,Highway 502, ,502,75,405500,100000,0.321647898918962
4697,Hwy 603, ,603,2,0,0,0.0568502918820105
4698,Highway 11, ,11,125,422587,1320000,0.323818847147665
4699,Highway 17, ,17,567,8084141,53690000,0.757051796755104
4700,Highway 594, ,594,20,13634,60000,0.359899893667509
4701,Highway 605, ,605,27,0,0,0.112522769988527
4702,Highway 665, ,665,23,0,0,0.106584295598761
4703,Highway 595, ,595,18,0,0,0.242210200532561
4704,Highway 61, ,61,84,539382,583000,0.333564630356671
4705,Highway 802, ,802,2,0,0,0.133456018175114
4706,Highway 17, ,17,503,6608102,37229000,0.455061625612689
4707,Hwy 622, ,622,15,40925,197000,0.401965620426319
4708,Highway  633, ,633,8,0,0,0.0558866397208617
4709,Highway 588, ,588,28,29434,2000,0.100992511375777
4710,Highway 599, ,599,21,295250,433000,0.658017391773492
4711,Hwy 622, ,622,16,53455,111000,0.551672407383407
4712,Highway 595, ,595,25,0,0,0.056394573407331
4713,Hwy 622, ,622,16,40925,197000,0.524973225467658
4714,Highway 590, ,590,55,8591,6000,0.193057229471056
4715,Highway 664, ,664,108,43280,49000,0.0816070176322347
4716,Dog Lake Road,Hwy 589,589,0,0,0,0.0226967085642281
4717,Highway 11, ,17,196,788333,2897000,0.158826012206924
4718,Highway 599, ,599,16,88008,416000,0.206660390015537
4719,Highway 527, ,527,29,7842,8000,0.228060186758367
4720,Highway 61, ,61,105,539706,584000,0.0445708343780639
4721,Highway 527, ,527,90,31998,14000,0.255603356678859
4722,Highway 585, ,585,30,0,0,0.221515082408224
4723,Highway 11, ,17,357,3857899,7952000,0.14523504538227
4724,Highway 593, ,593,5,0,0,0.529446791929438
4725,Highway 597, ,597,13,0,0,0.0481745488152514
4726,Highway 527, ,527,22,31998,14000,0.908755822839796
4727,Highway 11, ,11,383,4527141,25108000,0.410351675948399
4728,Highway 11, ,17,585,8566117,37912000,0.265966584639738
4729,Highway 102, ,102,422,4807405,30013000,0.233421352049642
4730,Highway 61, ,61,152,520641,572000,0.0307605596594132
4731,Dog Lake Road,Hwy 589,589,12,0,0,0.268159660285582
4732,Highway 811, ,811,5,0,0,0.803211473005557
4733,Highway 527, ,527,24,7842,8000,0.50186318973036
4734,Highway 585, ,585,30,0,0,0.157306786829352
4735,Highway 11,Highway 17,17,791,9288195,58207000,0.0497494274528747
4736,Highway 11,Highway 17,17,884,9304921,58318000,0.390476656876471
4737,Highway  628, ,628,78,9595,52000,0.0882345904131412
4738,Hwy 587, ,587,12,0,0,0.362527311953802
4739,Highway 11,Highway 17,17,695,9290596,58212000,0.0849728760793854
4740,King Street, ,527,29,7842,8000,0.457600788352497
4741,Highway 651, ,651,20,0,0,0.248768543172148
4742,Highway 11, ,11,316,3318424,18388000,1.72568251438926
4743,Highway 11, ,11,358,4452693,25101000,0.691534428386497
4744,Highway 17, ,17,328,3074144,21023000,0.151760619776218
4745,Rawlings Rd,King's Highway 21,21,236,362917,848000,0.0183312966471754
4746,Highway 11, ,11,159,4527141,25108000,0.418123766811577
4747,Highway 584, ,584,17,0,0,0.341753305895719
4748,Highway 625, ,625,5,0,0,0.30507614192806
4749,Highway 625, ,625,5,0,0,0.0348390726064061
4750,Highway 17, ,17,355,3879569,21266000,0.0531677407037139
4751,Concession  M, ,548,15,0,0,0.0466769950926471
4752,Highway 69, ,69,648,5374172,19658000,0.130742716991721
4753,Highway 17, ,17,287,3074144,21023000,0.675596586892305
4754,D Line Road, ,548,20,0,0,0.465648881048542
4755,Highway 556, ,556,64,294155,164000,0.232119636327507
4756,None, ,532,36,0,0,0.154328484017335
4757,Highway 17, ,17,265,3074144,21023000,0.294376333404176
4758,Colonel Talbot Rd,King's Highway 4,4,792,3995470,5619000,0.00281499174503231
4759,Colonel Talbot Rd,King's Highway 4,4,792,3995470,5619000,0.000604198183379097
4760,Highway 651, ,651,20,0,0,0.274198548681338
4761,Highway  631, ,631,35,295833,248000,0.666106073394446
4762,Highway 17, ,17,319,3130470,21252000,0.600102319626501
4763,Howey Street, ,618,29,0,0,0.17064538570401
4764,Highway 614, ,614,19,16167,88000,0.481023759529703
4765,Highway 17, ,17,283,3225956,21136000,0.067769219677816
4766,Highway  631, ,631,35,295833,248000,0.105280446215041
4767,Highway  631, ,631,35,295833,248000,0.0750746088457964
4768,Highway 519, ,519,49,0,0,0.108287633122351
4769,Highway 651, ,651,0,0,0,0.0295483373823069
4770,Highway 105, ,105,107,19426,111000,0.399635269516385
4771,Highway 599, ,599,35,77587,301000,0.529688393283285
4772,Highway  637, ,637,42,0,0,0.274739359653094
4773,Highway 11, ,11,518,6714573,20362000,0.57065470677634
4774,Highway 522, ,522,31,61813,76000,0.457457303870338
4775,Highway 141, ,141,95,255781,138000,0.065800244299621
4776,Highway 6, ,6,124,265182,671000,0.517930250537819
4777,Highway 654, ,654,38,30261,85000,0.24951794135588
4778,Highway  630, ,630,17,0,0,0.296510259334132
4779,Highway 11, ,11,512,5694291,19536000,0.0387623223633228
4780,County Road 21,Hwy 21,21,0,0,0,0.00934794367665799
4781,Highway 540, ,540,26,10886,0,0.34389130339335
4782,Highway 540a, ,540,15,21929,134000,0.0677488700645842
4783,Highway 540, ,540,26,10886,0,0.0433252639307361
4784,Highway 540, ,540,29,30729,26000,0.331338085905776
4785,Highway 542, ,542,62,0,0,0.212926121821156
4786,Worthington Street, ,540,101,83567,554000,0.330161456838003
4787,Manitowaning Road, ,6,33,0,0,0.537037998925871
4788,Highway 401 E,Macdonald-Cartier Fwy E,401,6459,51645213,184347000,0.0384220295358868
4789,Highway 401 E,Macdonald-Cartier Fwy E,401,6058,51647484,184348000,0.0200661803679039
4790,Highway 108, ,108,34,0,0,0.119723165726945
4791,Highway 124, ,124,115,45097,128000,0.0010957799046606
4792,Highway 124, ,124,115,45097,128000,0.00173308424141715
4793,Highway 124, ,124,32,94933,98000,0.00373913524583182
4794,Highway 124, ,124,32,94933,98000,0.00171379891104345
4795,Highway 124, ,124,32,94933,98000,0.00185075856221911
4796,Highway 124, ,124,32,94933,98000,0.00130163155623659
4797,Highway 124, ,124,115,45097,128000,0.00266527940225823
4798,Highway 124, ,124,382,7615776,18231000,0.0466441932313891
4799,Highway 124, ,124,81,363910,337000,0.00192720403143098
4800, , ,12,378,650637,2218000,0.00176058430377276
4801, , ,12,378,650637,2218000,0.00142932358585117
4802,Highway 11,Highway 11,11,777,2760548,11127000,0.00108015571331796
4803,Highway 11,Highway 17,11,777,2760548,11127000,0.000249251292061876
4804,Highway 11,Highway 11,11,586,2742281,11134000,0.000839270183496975
4805,Highway 11,Highway 11,11,586,2742281,11134000,0.000252211211863305
4806,Katrine Road,Highway 592,592,723,7110233,17780000,0.0190136590103415
4807,Highway 12, ,12,571,4315789,1846000,0.00232417081395413
4808,TC Hwy,Hwy 17,17,271,2763316,15140000,1.56638821304065
4809,Highway 17, ,17,216,0,0,0.0142440720388525
4810,None, ,526,21,0,0,0.0107703217039089
4811,Highway 528A, ,528,3,0,0,0.0608140171483512
4812,Highway 528, ,528,15,0,0,0.0202033317138824
4813,Highway 17, ,17,267,2987364,15085000,0.163637957962385
4814,Highway 531, ,531,68,0,0,0.0346410090529587
4815,Highway 570, ,570,12,0,0,0.0534830220156349
4816,Highway 11, ,11,449,5306782,19395000,0.137053512145993
4817,Highway 612, ,612,21,13945,206000,0.0398870418030475
4818,Highway  632, ,632,38,21065,68000,0.0399295706274291
4819, , ,650,19,0,0,0.0639904649591753
4820,Hwy 657, ,657,34,0,0,0.0694192832659585
4821, , ,7042,11,1452,6000,0.00705943162883922
4822, , ,7089,3,0,0,0.00676643047635192
4823,Brookdale Ave, ,138,0,0,0,0.00177227376440101
4824,Highway 138, ,138,0,0,0,0.000170073672290416
4825,Highway 138, ,138,0,0,0,0.00105852653156876
4826,Brookdale Ave, ,138,0,0,0,0.0117919101332077
4827,Highway 138, ,138,0,0,0,0.000201884293603871
4828,Highway 138, ,138,0,0,0,0.00360252243680146
4829,Highway 138, ,138,298,2265920,3388000,0.0148081435018704
4830,Brookdale Ave, ,138,0,0,0,0.0127006145126438
4831,Highway 138, ,138,0,0,0,0.00181209547205096
4832,Highway 138, ,138,306,2316388,3416000,0.0208560566655611
4833,Highway 138, ,138,227,1477548,2493000,0.0246093439259826
4834,Highway 138, ,138,275,2902086,3958000,0.00489594526116542
4835,Highway 138, ,138,259,2311808,3388000,0.0300412749640378
4836,Highway 138, ,138,270,2765288,3922000,0.00258045984850269
4837,Highway 138, ,138,259,2311808,3388000,0.00661624624256238
4838,Cornwall Centre Rd, ,138,0,0,0,0.00837366855422015
4839,St Andrews Rd, ,138,308,2213213,4166000,0.0202300359414703
4840,Highway 138, ,138,304,2310586,3409000,0.0202445225278209
4841,Highway 138, ,138,304,2310586,3409000,0.00653321926775562
4842,Highway 138, ,138,262,2311808,3388000,0.0205738415201116
4843,Highway 138, ,138,274,2765288,3922000,0.0245629617108619
4844,Highway 138, ,138,275,2902086,3958000,0.01763308053859
4845,Highway 138, ,138,344,2072990,3402000,0.00226523893706561
4846,Highway 138, ,138,0,0,0,0.000453894725669713
4847,Highway 138, ,138,344,2072990,3402000,0.000163219919135725
4848,Brookdale Ave, ,138,0,0,0,0.00212760180767082
4849,Highway 138, ,138,344,2072990,3402000,0.000902940197347012
4850,Highway 138, ,138,273,2765994,3922000,0.0461194051413678
4851,Highway 138, ,138,0,0,0,0.0018404705919921
4852,Highway 138, ,138,262,2311808,3388000,0.0304526095028564
4853,Highway 138, ,138,277,2832321,3958000,0.0157452207669574
4854,Highway 138, ,138,275,2902086,3958000,0.0179707337839489
4855,Hwy 34, ,34,500,821490,3605000,0.0017014440560598
4856,Hwy 34, ,34,359,2060292,4288000,0.00935270451380911
4857,County Road 34, ,34,308,82392,522000,0.027579293458479
4858,Hwy 34, ,34,359,2060292,4288000,0.0200584342852493
4859,Hwy 34, ,34,487,2056735,4226000,0.0237771733772805
4860,Hwy 34, ,34,359,2060292,4288000,0.026330501780305
4861,Hwy 34, ,34,487,2056735,4226000,0.00082988198826392
4862,Hwy 34, ,34,487,2056735,4226000,0.0153103439892128
4863,Hwy 34, ,34,359,2060292,4288000,0.00109241854757484
4864,Hwy 34, ,34,533,1452177,2290000,0.00254487280202183
4865,Hwy 34, ,34,487,2056735,4226000,0.0057528595413338
4866,Hwy 34, ,34,489,2059736,4282000,0.0161156590871225
4867, , ,34,449,428174,539000,0.00593158952706861
4868,Hwy 34, ,34,489,2059736,4282000,0.0193074263458009
4869,Hwy 34, ,34,487,2056735,4226000,0.00191527074248718
4870,Hwy 34, ,34,704,881024,2959000,0.00402040317436144
4871,Mcgill St, ,34,0,0,0,0.00992733687696491
4872,County Road 31,Hwy 93,93,0,0,0,0.000509019289458435
4873,Hurontario Street,Highway 10,10,91,677765,1954000,0.00084837409094008
4874,Bridge Street,County Road 20,4,0,0,0,0.00306642918772652
4875, , ,4,0,0,0,0.00592045371146709
4876,Highway 108,Highway 639,108,21,0,0,0.005444000742502
4877,Highway 124, ,124,115,45097,128000,0.000353744915881155
4878,Highway 124, ,124,81,363910,337000,0.00446899818939737
4879,Parry Sound Drive, ,124,1186,9259299,41104000,0.00139878925297113
4880,Parry Sound Drive, ,124,76,106106,211000,0.000630226038121513
4881,Highway 141, ,141,829,5746240,20076000,0.00184279560896779
4882,Highway 11, ,11,548,6890497,20582000,0.000982410677407883
4883,Highway 11, ,11,66,130959,261000,0.00294223863802162
4884,Central Ave, ,3,0,0,0,0.000468735231133621
4885,Broad St W,King's Highway 3,3,0,0,0,0.00129615858654534
4886,Broad St W,King's Highway 3,3,244,597339,1138000,0.00131348178467551
4887,Main St W,King's Highway 3,3,0,0,0,0.000924898838663115
4888,Broad St W,King's Highway 3,3,0,0,0,0.000570448178673688
4889,Talbot Line,King's Highway 3,3,339,921862,4531000,0.00135519349437608
4890,Highway 3,St Thomas Expy,3,282,1004384,4564000,0.00265094747249261
4891,Talbot Line,County Road 3,3,0,0,0,0.000278991627708366
4892,Highway 3 E,S Talbot Rd,3,885,501437,1510000,0.00209867387366578
4893,Hwy 34, ,34,359,2060292,4288000,0.000107591514073122
4894,Highway 34, ,34,308,82392,522000,8.76584279855462e-05
4895,Highway 34, ,34,308,82392,522000,7.16924821981139e-05
4896,Highway 11,Highway 17,17,936,7929180,28370000,0.000818405995425368
4897,Highway 17, ,17,584,3243179,13525000,0.0260360222567914
4898,Highway 17, ,17,78,334410,1401000,0.00192376462005841
4899,De Troyes Avenue, ,67,0,0,0,0.00151100727265407
4900,Highway 72, ,72,165,0,0,0.0162417106716955
4901,Highway 130,Arthur St W,130,303,5555672,5740000,0.0273237634594209
4902,Highway 534, ,534,60,0,0,0.0172255559793775
4903,Highway 534, ,534,60,0,0,0.00631943485727164
4904,Ramp, ,537,68,34042,200000,0.000308164561319638
4905,Highway 66, ,566,54,268829,456000,0.0557501607774286
4906,Highway 11, ,11,442,5323583,19621000,0.0107132956816362
4907,Highway 568, ,568,9,0,0,0.0318967386930491
4908,Highway 579, ,579,18,0,0,0.0450787979265704
4909,Highway 588, ,588,28,0,0,0.171982770056095
4910,Highway 602, ,602,0,0,0,0.00505850057190404
4911,Highway 605, ,605,33,44776,189000,0.0471187535856416
4912,Stevens Avenue, ,625,5,0,0,0.00531497428036284
4913,Becker Road, ,631,0,0,0,0.00372971230763239
4914,Gordon Lake Road, ,647,18,0,0,0.0990019628007866
4915,None, ,658,20,0,0,0.151047638947186
4916,Highway 658, ,658,64,396,1000,0.119797855448706
4917,None, ,671,0,0,0,0.00391297799375643
4918,Highway 7,Tc Highway,7,361,321444,590000,0.00904414372768612
4919,Rest Area, ,401,3582,41381496,164883000,0.00365449070052612
4920,Highway 559 West, ,559,388,96135,524000,0.00374952237612415
4921,Tc Hwy, ,17,1008,4596861,13906000,0.0390095364916387
4922,Highway 6,Regional Road 46 S,6,786,4218844,15414000,0.00183894456575504
4923,Regional Road 7, ,7,0,0,0,0.00891963587913396
4924,Regional Road 7, ,7,0,0,0,0.000146329381900513
4925,Highway 401 E,Macdonald-Cartier Fwy E,401,7369,46460687,191733000,0.0046063180958968
4926,Highway 6,Queen St,6,786,4218844,15414000,0.000865342995717131
4927,Highway 9,Davis Drive West,9,1904,4354363,6250000,0.00436669008500025
4928,Highway 7,Tc Highway,7,304,323325,595000,0.0127950244257346
4929,Highway 7,Highway 12,7,615,577748,1120000,0.0140505399117017
4930,Baldwin St S,Regional Road 12,12,861,65816,73000,0.0311557419005697
4931,Highway 7,Tc Highway,7,323,321444,590000,0.0155037467887229
4932,Highway 7,Highway 12,7,615,577748,1120000,0.0173332247428953
4933,Rest Area, ,401,3582,41381496,164883000,0.0046998979708014
4934,Highway 12, ,12,412,699069,812000,0.024823598377045
4935,Highway 138, ,138,344,2072990,3402000,0.0152282784299095
4936,Highway 138, ,138,344,2072990,3402000,0.000854011196646476
4937,Baldwin St S,Regional Road 12,12,861,65816,73000,0.00103589882632414
4938,Baldwin St S,Regional Road 12,12,861,65816,73000,0.00122299835497822
4939,Baldwin St S,Regional Road 12,12,861,65816,73000,0.00077575623989442
4940,Baldwin St S,Regional Road 12,12,861,65816,73000,0.000973021884907923
4941,Baldwin St S,Regional Road 12,12,861,65816,73000,0.000609485695773393
4942,Highway 12, ,12,412,699069,812000,0.00597452746071993
4943,Winchester Rd W,King's Highway 7,7,548,315305,548000,0.00286269813111964
4944,Winchester Rd W,King's Highway 7,7,548,315305,548000,0.00346183255592196
4945,Dundas St W,Regional Highway 2,2,0,0,0,0.00339843466758224
4946,Highway 11, ,11,519,5556454,19878000,0.0363847755712342
4947,Bluewater Hwy,King's Highway 21,21,380,1145512,2480000,0.028782209571878
4948,Yonge St,County Road 1,11,0,0,0,0.0183624864452957
4949,Cassells Street, ,63,0,0,0,0.00627105612880336
4950,Hwy 62,Hwy 62,62,205,234654,379000,0.0163826720824042
4951,Highway 11,Highway 17,17,1205,13363266,47854000,0.000781673193155411
4952,Highway 11,Highway 17,17,1205,13363266,47854000,0.00526120287184693
4953,Highway 11,Highway 17,17,1197,11305073,40807000,0.00300914459708941
4954,Trout Lake Road, ,63,0,0,0,0.0100861229887708
4955,Highway 11,Highway 17,17,1269,9533089,39520000,0.000249502588073645
4956,Bluewater Hwy,King's Highway 21,21,112,102940,538000,0.0231380775889042
4957,Bluewater Hwy,King's Highway 21,21,112,102940,538000,0.0186166357248482
4958,Bluewater Hwy,King's Highway 21,21,207,551238,1276000,0.0186347286821827
4959,Bluewater Hwy,King's Highway 21,21,112,102940,538000,0.018667226722736
4960,Bluewater Hwy,King's Highway 21,21,112,102940,538000,0.0186502590120452
4961,Bluewater Hwy,King's Highway 21,21,112,102940,538000,0.0186068688841648
4962,Richmond St,King's Highway 4,4,210,152887,150000,0.0135850782471889
4963,Richmond St,King's Highway 4,4,393,192914,670000,0.0187086952472828
4964,Richmond St,King's Highway 4,4,210,152887,150000,0.0128774076784911
4965,Richmond St,King's Highway 4,4,283,132833,149000,0.0132151445626781
4966,Dundas St S,King's Highway 8,8,433,876329,1647000,0.0158222014586932
4967,Elginfield Rd,King's Highway 7,7,172,393950,1454000,0.020146175368391
4968,Bloor St W,Hwy 5,5,0,0,0,0.00126812026241165
4969,Yonge St, ,11,0,0,0,0.00108879750180936
4970,Yonge St, ,11,0,0,0,0.000708156056243561
4971,Yonge St, ,11,0,0,0,0.000488229271981834
4972,Yonge St, ,11,0,0,0,0.000100463923873035
4973,Main St N,Regional Road 68,48,0,0,0,0.00927178637351523
4974,Regional Road 7, ,7,0,0,0,0.0085504943791574
4975,Highway 558, ,558,0,0,0,0.0881694348227397
4976,Elginfield Rd,King's Highway 7,7,277,379210,1563000,0.0167546093391571
4977,Richmond St,King's Highway 4,4,210,152887,150000,0.0136200268626068
4978,Richmond St,King's Highway 4,4,210,152887,150000,0.0131700041611891
4979,Elginfield Rd,King's Highway 7,7,265,583412,2397000,0.0104066392615596
4980,Richmond St,King's Highway 4,4,210,152887,150000,0.0100097959111337
4981,Richmond St,King's Highway 4,4,197,162522,333000,0.00136180168084374
4982,Elginfield Rd,King's Highway 7,7,265,583412,2397000,0.00117554795737559
4983,Mitchell Line,Hwy 23,23,179,430885,1062000,0.00106668099447644
4984,County Road 93,Hwy 93,93,508,884293,2760000,0.0018185961074518
4985,Highway 35,King's Highway 35,35,246,371712,239000,0.00635367844647984
4986,Bloor St W,Hwy 5,5,0,0,0,0.000417594300776739
4987,Elginfield Rd,King's Highway 7,7,277,379210,1563000,0.0197286281617925
4988,Elginfield Rd,King's Highway 7,7,268,393950,1454000,0.00116657565037118
4989,Hwy 59,King's Highway 3,3,354,2274413,4178000,0.0289921610358152
4990,Forks Rd,King's Highway 3,3,191,356244,925000,0.00799352037792912
4991,Highway 8, ,8,443,877931,1656000,0.0118052697280571
4992,Hwy 93,Highway 93,93,516,1551810,3557000,0.0015251672806874
4993,Vincent Massey Dr, ,2,0,0,0,0.012112156008916
4994,Highway 11,Highway 17,17,637,7126228,37699000,0.00364540660007248
4995,Hwy 9, ,9,919,4329188,6457000,0.000828032818160066
4996,County Road 2, ,2,0,0,0,0.000975293863383738
4997,164 Road,Hwy 23,23,280,1541550,3060000,0.0206688029853322
4998,164 Road,Hwy 23,23,353,1164671,2398000,0.0206727115984522
4999,County Road 119,King's Highway 7,7,422,2310664,5588000,0.0073784234230517
5000,164 Road,Hwy 23,23,306,1123580,2407000,0.0271095735668907
5001,Yonge St, ,11,0,0,0,0.000182389692687941
5002,Yonge St, ,11,0,0,0,0.00154534590884993
5003,Yonge St, ,11,0,0,0,0.00204444662435354
5004,Richmond St,King's Highway 4,4,201,183693,352000,0.0185858663947421
5005,Loudon Rd,King's Highway 4,4,402,108094,404000,0.0123768157315191
5006,Loudon Rd,King's Highway 4,4,402,108094,404000,0.00600590858274246
5007,Loudon Rd,King's Highway 4,4,90,126246,222000,0.018770802870524
5008,Loudon Rd,King's Highway 4,4,259,559969,762000,0.0185644820400142
5009,Loudon Rd,King's Highway 4,4,259,559969,762000,0.0185982100060873
5010,Loudon Rd,King's Highway 4,4,259,559969,762000,0.0185713086344331
5011,Talbot Trail,County Road 3,3,0,0,0,0.0445924766235088
5012,Hwy 48,King's Highway 48,48,410,275930,887000,0.00106072175049591
5013,Yonge St, ,11,0,0,0,0.000231671750552645
5014,County Road 2, ,2,0,0,0,0.00112348565635503
5015,Yonge St,Simcoe County Road 4,11,0,0,0,0.0126493876927926
5016,Yonge St,Simcoe County Road 4,11,0,0,0,0.0127732907359167
5017,Yonge St,County Road 1,11,0,0,0,0.00567622800456226
5018,Hwy 3,King's Highway 3,3,159,907591,1328000,0.00136815825108393
5019,Main St W,King's Highway 3,3,0,0,0,0.000926455709671309
5020,King St,King's Highway 3,3,505,2134864,4164000,0.00721775041023843
5021,Main St W,King's Highway 3,3,0,0,0,0.000294008856983553
5022,Hwy 140, ,140,406,523911,1372000,0.00182944271519021
5023,Main St W,Regional Road 3,3,252,618420,1473000,0.00400343486190662
5024,Westside Rd,King's Highway 58,58,180,183161,458000,4.89999999899737e-05
5025,Garrison Rd,King's Highway 3,3,0,0,0,0.00551565038899903
5026,Queen St E,Regional Road 107,7,0,0,0,0.00352120796290879
5027,Loudon Rd,King's Highway 4,4,357,674375,869000,0.0185937898930722
5028,Loudon Rd,King's Highway 4,4,231,674375,869000,0.0186056097040853
5029,164 Road,Hwy 23,23,179,430885,1062000,0.0207696381669928
5030,164 Road,Hwy 23,23,176,430885,1062000,0.0207599384765763
5031,164 Road,Hwy 23,23,173,454833,1080000,0.0209454617480728
5032,Highway 8, ,8,194,322238,690000,0.0237373535201426
5033,Ontario St,King's Highway 8,8,173,322238,690000,0.023742977645289
5034,Huron Rd,King's Highway 8,8,248,617207,279000,0.0171368883173091
5035,Loudon Rd,King's Highway 4,4,44,11803,17000,0.018568772123585
5036,Highway 21,Bluewater Hwy,21,131,102940,538000,0.0185210219468651
5037,Huron Rd,King's Highway 8,8,303,475333,136000,0.00863835792994694
5038,Huron Rd,King's Highway 8,8,298,445448,83000,0.0191721877594319
5039,Highway 21,Bluewater Hwy,21,131,102940,538000,0.0112120177675874
5040,Bluewater Hwy,King's Highway 21,21,112,102940,538000,0.0148911457279957
5041,Highway 21,Bluewater Hwy,21,131,102940,538000,0.0185770467588054
5042,Highway 21,Bluewater Hwy,21,131,102940,538000,0.0185130786932539
5043,Highway 21,Bluewater Hwy,21,131,102940,538000,0.0185750467734276
5044,Highway 21,Bluewater Hwy,21,131,102940,538000,0.0186291285111862
5045,Highway 21,Bluewater Hwy,21,131,102940,538000,0.0186200244956105
5046,Victoria St N,King's Highway 21,21,0,0,0,0.00248505814135088
5047,Hwy 3,King's Highway 3,3,189,905037,1318000,0.00990712926999484
5048,Main St W,King's Highway 3,3,0,0,0,0.000306588303791954
5049,Yonge St,County Road 1,11,0,0,0,0.00499003639746106
5050,Highway 3, ,3,455,1051082,3668000,0.00157418118399107
5051,Highway 58a, ,58,377,1702051,2030000,0.00968304346997548
5052,Highway 3, ,3,503,1158891,3755000,0.0037613244172311
5053,Highway 7, ,7,799,1191794,2917000,0.0017944093735993
5054,Atherley Road, ,12,647,1204871,956000,0.00154154531757418
5055,Highway 2, ,2,0,0,0,0.0061523716636482
5056,King St E, ,2,0,0,0,0.00895234172205017
5057,Hwy 9,Highway 9,9,1163,7361092,17566000,0.00375322355956868
5058,King St E, ,2,0,0,0,0.0052989669812639
5059,King St E, ,2,0,0,0,0.00678642614267823
5060,Hwy 9, ,9,153,67009,145000,0.0561602789779426
5061,2nd Line West, ,550,0,0,0,0.0156504991616801
5062,Great Northern Road, ,17,0,0,0,0.014152308914533
5063,County Road 2,Highway 49,49,81,66251,12000,0.0191751551899466
5064,Bloor St E,Hwy 5,5,0,0,0,0.00267953069733292
5065,Yonge St, ,11,0,0,0,0.000210645854462292
5066,County Road 2, ,2,0,0,0,0.0366501235361133
5067,County Road 2, ,2,0,0,0,0.0163925271456939
5068,Regional Road 7, ,7,0,0,0,0.0124176180759891
5069,Hurontario St,Hwy 10,10,1033,7731477,9630000,0.0129462444063835
5070,Hurontario St,Highway 10,10,0,0,0,0.00584355920872929
5071,10th St W,King's Highway 6,6,0,0,0,0.012778362409064
5072,Bovaird Dr W,King's Highway 7,7,0,0,0,0.00744464868461907
5073,Bovaird Dr W,King's Highway 7,7,0,0,0,0.00332043907370041
5074,Main St N,Highway 10,10,0,0,0,0.0098095557000343
5075,Dundas St W,Hwy 5,5,1056,1746519,1790000,0.0122727310452059
5076,Huron Rd,King's Highway 8,8,248,617207,279000,0.0237630018784401
5077,Huron Rd,King's Highway 8,8,251,627402,296000,0.0237388297246198
5078,Loudon Rd,King's Highway 4,4,44,11803,17000,0.0185996865825645
5079,Loudon Rd,King's Highway 4,4,44,11803,17000,0.0186086144064647
5080,Huron Rd,King's Highway 8,8,251,627402,296000,0.0194292189382335
5081,Huron Rd,King's Highway 8,8,251,627402,296000,0.00861576316076748
5082,Highway 40,Communication Rd,40,466,1280855,4796000,0.00861603579080117
5083,Highway 40,Communication Rd,40,410,913606,2195000,0.00197622367153329
5084,Highway 40,Communication Rd,40,410,913606,2195000,0.00166500869669481
5085,Highway 21,Bluewater Hwy,21,110,127356,416000,0.0152386547909709
5086,Highway 21,Bluewater Hwy,21,160,153613,1702000,0.0236538377464351
5087,Highway 21,Bluewater Hwy,21,160,153613,1702000,0.00643518169349198
5088,Highway 21,Bluewater Hwy,21,149,153613,1702000,0.0063311040792377
5089,Highway 21,Bluewater Hwy,21,149,153613,1702000,0.0242215097317062
5090,Highway 21,Bluewater Hwy,21,149,153613,1702000,0.00607871230634007
5091,Highway 3 E,S Talbot Rd,3,429,485574,779000,0.0299085812684827
5092,Hwy 62,King's Highway 62,62,366,141626,658000,0.00536448252470364
5093,Hwy 62,King's Highway 62,62,252,192779,631000,0.00703958379340947
5094,Hwy 62, ,62,192,125139,587000,0.00429070623596399
5095,Highway 7,Highway 12,7,642,409043,779000,0.00611868674600094
5096,North Front St N,King's Highway 62,62,0,0,0,0.00164668151141592
5097,James Rider Road, ,7182,0,0,0,0.000180235956459338
5098,Highway 7, ,7,331,912429,2639000,0.0137616810191186
5099,Highway 127, ,127,108,259479,70000,0.0257669373046469
5100,Highway 28, ,28,212,476220,773000,0.000876421747777163
5101,Regional Road 7, ,7,0,0,0,0.0101820127840134
5102,Guelph St,King's Highway 7,7,646,292167,941000,0.000623852546669373
5103,Guelph St,King's Highway 7,7,646,292167,941000,0.0196263203443886
5104,164 Road,Hwy 23,23,357,1164671,2398000,0.0171054677181864
5105,Hwy 132, ,132,134,31857,117000,0.0109488083859319
5106,Brant Rd,King's Highway 24,24,644,1074404,5334000,0.0158104778153212
5107,2nd Concession Line,County Road 3,3,0,0,0,0.0193403855925897
5108,County Road 109,Hwy 9,9,0,0,0,0.00785255647330296
5109,County Road 109,Hwy 9,9,0,0,0,0.00870805992503545
5110,Highway 77, ,77,539,2237165,2645000,0.0121411374445177
5111,James St,King's Highway 3,3,440,1044394,3603000,0.000972116662737178
5112,Hwy 59,King's Highway 3,3,354,2274413,4178000,0.00942812102645792
5113,Highway 40, ,40,244,551387,877000,0.0122934167749116
5114,Highway 11, ,11,728,7135545,30513000,0.0778732774264315
5115,Main St S,Highway 10,10,0,0,0,0.00943893863249574
5116,Highway 15, ,15,157,202254,479000,0.0123895353793044
5117,County Road 2, ,2,3923,46180401,174595000,0.0370785529180356
5118,Hurontario St,Hwy 10,10,818,6845509,9091000,0.00301232750544849
5119,Highway 48,King's Highway 48,48,1031,916845,1035000,0.00151990657604376
5120,Highway 7, ,7,278,1719291,5252000,0.010753600083684
5121,Huron St,King's Highway 8,8,0,0,0,0.000729390156246623
5122,Highway 6,King's Highway 6,6,410,412753,130000,0.0385414197151075
5123,Highway 20 E,Regional Road 20,20,0,0,0,0.00341106879614559
5124,Atherley Road, ,12,643,1204871,956000,0.0123599675283404
5125,County Road 2, ,2,0,0,0,0.0284629718778647
5126,County Road 2,Highway 2,2,0,0,0,0.0103176778825274
5127,Bayfield St,Hwy 26,11,0,0,0,0.000478657497553833
5128,Yonge St, ,11,0,0,0,0.00101464598756506
5129,St David St N,King's Highway 6,6,186,792228,2676000,0.00459845955248742
5130,County Road 52,King's Highway 8,8,260,1573921,1248000,0.00135599283774505
5131,Highway 6, ,6,400,1923289,6113000,0.00894234478303586
5132,Princess St, ,2,0,0,0,0.0234551931791536
5133,Bath Rd, ,33,240,81993,130000,0.0176064289574189
5134,Bath Rd, ,33,0,0,0,0.00608243069359683
5135,Highway 6,King's Highway 6,6,208,412753,130000,0.000895054953609857
5136,Hwy 8,Queenston Rd,8,0,0,0,0.00971093685325524
5137,County Road 2, ,2,112,131253,351000,0.000604213538386486
5138,Hwy 26, ,26,292,228835,612000,0.0172363100552474
5139,Highway 7, ,7,397,1189807,6822000,0.0145670830571819
5140,Highway 6, ,6,2282,10554683,27858000,0.00304580449143582
5141,Hwy 9, ,9,919,4329188,6457000,0.0140038645263472
5142,Hwy 9,County Road 4,9,406,157429,721000,0.016228798638529
5143,Hwy 9,Highway 9,9,1143,7178846,17553000,0.0156972715233925
5144,King St W, ,2,0,0,0,0.0049511742741326
5145,Kingston Rd,Regional Highway 2,2,0,0,0,0.0081405008046355
5146,Highway 6, ,6,243,1767241,6001000,0.000428164788375161
5147,Irish School Rd,County Road 21,21,0,0,0,0.027825434247212
5148,Highway 7, ,7,646,292167,941000,0.00149332514877406
5149,Colonel Talbot Rd,King's Highway 4,4,724,1817159,5305000,0.000594936494064092
5150,Cassells Street, ,63,0,0,0,0.000483009316685254
5151,Lambton Line,County Road 21,21,0,0,0,0.0129513325144905
5152,Main St,County Road 6,6,0,0,0,0.00194703640022357
5153,Highway 599, ,599,26,485869,554000,0.00998901071526725
5154,Regional Road 7, ,7,0,0,0,0.00092787121948871
5155,Lambton Line,County Road 21,21,0,0,0,0.0139940213694505
5156,Forks Rd,King's Highway 3,3,212,442674,1008000,0.00860450067551548
5157,Trunk Road, ,17,0,0,0,0.00255989287354673
5158,Highway 3,Essex Bypass,3,463,822082,1005000,0.0023648864036283
5159,Broad St W,King's Highway 3,3,138,254521,1001000,0.00955481780827398
5160,County Road 2, ,2,0,0,0,0.00412712004743105
5161,Lakeshore Rd,King's Highway 21,21,311,1179748,2488000,0.0182928114265638
5162,Highway 3,Essex Bypass,3,463,822082,1005000,0.0191105146202454
5163,Main St W,King's Highway 3,3,138,254521,1001000,0.00733112468043548
5164,Highway 62,Front St N,62,500,872198,2250000,0.00209263685338292
5165,Highway 3,Essex Bypass,3,843,611687,2003000,0.00998939791939085
5166,Talbot Rd,King's Highway 3,3,838,1024501,1716000,0.0168318500191764
5167,Churchill Line,King's Highway 40,40,842,3923538,7347000,0.0175476220538206
5168,Highway 17, ,17,623,8068252,37411000,0.179005946903552
5169,Highway 3,Essex Bypass,3,463,822082,1005000,0.0100352763191955
5170,County Road 2,Highway 2,2,0,0,0,0.0277659581346528
5171,Churchill Line,King's Highway 40,40,842,3923538,7347000,0.00517266394731019
5172,27th Sideroad,King's Highway 7,7,529,336951,946000,0.0144923892844548
5173,Hwy 89, ,89,118,1250348,1026000,0.00919629394224983
5174,Regional Road 5,Hwy 5,5,983,199418,11000,0.000104890419028162
5175,St Clair Rd,King's Highway 40,40,249,2623791,2870000,0.0146785513215919
5176,County Road 21,Hwy 21,21,0,0,0,0.012818140880147
5177,Highway 10, ,10,391,1356100,2612000,0.0182079177165649
5178,County Road 3,Talbot Trail,3,0,0,0,0.0051497964176795
5179,Forks Rd,King's Highway 3,3,214,1514678,1601000,0.00369280496365131
5180,County Road 52,King's Highway 8,8,0,0,0,0.00043401382470042
5181,Hwy 93,Penetanguishene Rd,93,434,2083547,3998000,0.00105083062385061
5182,Talbot Rd,King's Highway 3,3,503,899765,1374000,0.00285792212700302
5183,Highway 3 E,S Talbot Rd,3,470,800379,1185000,0.0231382583055715
5184,Highway 3, ,3,347,474287,742000,0.00926040918282471
5185,Highway 77, ,77,194,1172177,2422000,0.00158799999996972
5186,Highway 77, ,77,539,2237165,2645000,0.0123320482610096
5187,Modeland Rd,King's Highway 40,40,887,4481991,8142000,0.00297818366657862
5188,Talbot Trail,County Road 3,3,0,0,0,0.00984801519738281
5189,Grand Ave E,County Road 2,40,0,0,0,0.00354109702775653
5190,Highway 559 West, ,559,251,69290,525000,0.00095277489468441
5191,William St,County Road 2,2,0,0,0,0.00379942600667051
5192,Communication Rd,King's Highway 40,40,472,1391605,5083000,0.00381612300353511
5193,Bridge Street West, ,28,0,0,0,0.00185808955760458
5194,County Road 3,Talbot Trail,3,0,0,0,0.0150879544927354
5195,Highway 26, ,26,499,4435976,3238000,0.00357609311962794
5196,Hwy 26, ,26,758,5818236,6998000,0.000613687065197231
5197,Hwy 26, ,26,776,5826466,7455000,0.00120786862697945
5198,Hwy 26, ,26,272,1131093,4257000,0.0221741094806112
5199,Hwy 26, ,26,272,1131093,4257000,0.00103589043820414
5200,County Road 2, ,2,0,0,0,0.0278642375455849
5201,Talbot Line,County Road 3,3,0,0,0,0.0214278148975123
5202,Yonge St, ,11,0,0,0,0.00122025116346676
5203,Highway 12, ,12,337,143451,1164000,0.00115023792062635
5204,Highway 12, ,12,337,143451,1164000,0.0102581337584098
5205,Highway 518, ,518,843,10077327,43170000,0.00248880895210698
5206,Highway 559 West, ,559,251,69290,525000,0.00176966741735634
5207,County Road 21,Hwy 21,21,0,0,0,0.00327649692765623
5208,Talbot Line,King's Highway 3,3,378,1352443,3221000,0.0244243849293592
5209,Highway 11,Government Road,11,567,5824958,29600000,0.211319639536469
5210,Hurontario St,Hwy 10,10,935,7543702,9247000,0.0114351276579963
5211,Hwy 9, ,9,919,4329188,6457000,0.00964847518593202
5212,Hwy 9, ,9,917,4383533,6472000,0.00178116955063096
5213,Highway 10,Hwy 9,10,946,5245432,9508000,0.00346883321273996
5214,Highway 10,Hwy 24,10,736,4004035,4968000,0.00175031195797143
5215,Highway 48,King's Highway 48,48,594,918083,697000,0.000996904208071614
5216,King St E,King's Highway 21,21,0,0,0,0.00694329682259634
5217,Lakeshore Rd,King's Highway 21,21,317,734677,2403000,0.0220750420451492
5218,Rawlings Rd,King's Highway 21,21,326,398442,1440000,0.0149323929115647
5219,Plank Line,King's Highway 19,19,587,1989009,6258000,0.0195231047870721
5220,Talbot Line,County Road 3,3,361,1260956,3688000,0.0248161807860666
5221,Talbot Line,County Road 3,3,0,0,0,0.0387933647001058
5222,Kingston Rd,Highway 2,2,0,0,0,0.0140787206586717
5223,Highway 48,King's Highway 48,48,330,55009,56000,0.0187773069609876
5224,Regional Hwy 2,Highway 2,2,0,0,0,0.0202639154774979
5225,Colonel Talbot Rd,King's Highway 4,4,0,0,0,0.000679459343884956
5226,Wharncliffe Rd S,King's Highway 4,4,0,0,0,0.000560556985512032
5227,Wharncliffe Rd S,King's Highway 4,4,0,0,0,0.000668947592902483
5228,Yonge St,County Road 1,11,0,0,0,0.00299759963868694
5229,Talbot Line,King's Highway 3,3,361,1260956,3688000,0.0245287499375671
5230,Talbot Line,King's Highway 3,3,558,1228607,4448000,0.00118854779905207
5231,Woodlawn Rd W,King's Highway 6,6,0,0,0,0.00270640791194417
5232,Highway 6,King's Highway 6,6,410,412753,130000,0.00371073529313864
5233,Hwy 26, ,26,265,142427,210000,0.0344405799967947
5234,Highway 10, ,10,357,879337,2054000,0.00520773450456962
5235,Paul Martin Dr,Highway 41,41,225,258567,930000,0.00728130577279638
5236,Highway 4,Main St,4,197,162522,333000,0.00592008264718935
5237,Richmond St,King's Highway 4,4,373,217804,695000,0.0187084542860749
5238,Richmond St,King's Highway 4,4,283,132833,149000,0.0128787655372949
5239,Richmond St,King's Highway 4,4,210,152887,150000,0.0142582493645457
5240,Richmond St,King's Highway 4,4,117,254780,589000,0.000854701117364452
5241,Elginfield Rd,King's Highway 7,7,265,583412,2397000,0.00182624066427828
5242,Main St S,King's Highway 4,4,270,561195,765000,0.0185678374850219
5243,164 Road,Hwy 23,23,179,430885,1062000,0.020733839402654
5244,Highway 7,Victoria St N,7,428,681374,3186000,0.0138606188717847
5245,County Road 109,Hwy 9,9,0,0,0,0.00926985269039058
5246,Huron Rd,King's Highway 8,8,251,627402,296000,0.00910125035547584
5247,Dundas St W,Hwy 5,5,893,1498691,1091000,0.00931106984811088
5248,King St W,Highway 8,8,0,0,0,0.00230724814445486
5249,Highway 6, ,6,926,1454987,3893000,0.00866553001471228
5250,Highway 20 E,Regional Road 20,20,0,0,0,0.00369671987688894
5251,Hwy 5,Dundas St W,5,1039,1981752,1865000,0.000195021270623982
5252,Highway 7, ,7,646,292167,941000,0.019109601556888
5253,Broadway,Hwy 9,9,0,0,0,0.00413697011907369
5254,Hurontario St,Highway 10,10,0,0,0,0.00437437523790167
5255,Highway 10,Hwy 24,10,707,3967188,4454000,0.011204389341499
5256,Regional Road 5,Hwy 5,5,0,0,0,0.000995036274712617
5257,County Road 119,King's Highway 7,7,422,2310664,5588000,0.0154009352356348
5258,Highway 8, ,8,297,643096,990000,0.0235696693577491
5259,Highway 8, ,8,297,643096,990000,0.0236160683212959
5260,Guelph St,King's Highway 7,7,0,0,0,0.00968848118014721
5261,Oil Heritage Rd,County Road 21,21,0,0,0,0.0241987310056104
5262,Hurontario St,Hwy 10,10,1053,7717290,9289000,0.0332722940055493
5263,Ontario St,King's Highway 7,7,0,0,0,0.016613594584951
5264,Hwy 9,Highway 9,9,1163,7361092,17566000,0.0109291953620022
5265,Hwy 9,Highway 9,9,1163,7361092,17566000,0.00160378333945905
5266,Ontario St,King's Highway 7,7,522,3387612,6580000,0.0150433666362671
5267,Hwy 9, ,9,1163,7178846,17553000,0.00210857674277296
5268,Highway 8,King's Highway 7,7,554,1892855,4341000,0.0252561144261115
5269,Hwy 9,Highway 9,9,1163,7361092,17566000,0.0139343669255224
5270,Highway 8,King's Highway 7,7,554,1892855,4341000,0.0252678982422729
5271,Hwy 9,Highway 9,9,1181,5058379,6669000,0.0152397467432985
5272,Highway 522, ,522,19,0,0,0.0300765052122655
5273,Highway 141, ,141,143,39544,107000,0.00022978185596044
5274,Hwy 6,King's Highway 6,6,529,1380104,3048000,0.0158070697488779
5275,Highway 17, ,17,334,4729361,24966000,0.317700264329945
5276,Hwy 9, ,9,116,137073,413000,0.0225679300719517
5277,Algonquin Boulevard West, ,101,0,0,0,0.00759100991004161
5278,Forks Rd,King's Highway 3,3,194,361301,935000,0.000144013888196585
5279,Main St W,Hwy 23,23,0,0,0,0.0123372693384017
5280,Mitchell Ave,Hwy 23,23,379,845045,1243000,0.000174774277290545
5281,Main St W,Hwy 23,23,0,0,0,0.000790334106585673
5282,Mitchell Ave S,Hwy 23,23,379,845045,1243000,0.000504928707860428
5283,Highway 23,Hwy 87,23,247,1236582,2316000,0.0149856434725478
5284,Highway 23,Highway 23,23,265,187600,624000,0.000970726245654622
5285,Elora St N,Hwy 9,9,116,137073,413000,0.0114374065770907
5286,Hwy 9,Elora St S,9,562,995048,1387000,0.00482063888132059
5287,Hwy 9, ,9,565,996498,1397000,0.0232318133054101
5288,County Road 109,Hwy 9,9,0,0,0,0.0232107860402588
5289,Hwy 23, ,23,306,1123580,2407000,0.00137744123506058
5290,Highway 23,Highway 23,23,252,571992,1181000,0.00129084330964441
5291,Hwy 89, ,89,166,995865,1265000,0.018780981414273
5292,Hwy 89, ,89,166,995865,1265000,0.0105571374521235
5293,Hwy 89, ,89,171,978565,941000,0.00393768835258449
5294,Main St,County Road 6,6,0,0,0,0.013984224922804
5295,Highway 3, ,3,277,955954,2334000,0.0445121353482661
5296,Regional Road 24, ,24,0,0,0,0.0419502786134064
5297,Regional Road 24, ,24,0,0,0,0.0420417926872023
5298,Duke Street, ,594,0,0,0,0.00448599900312808
5299,Forks Rd,King's Highway 3,3,191,356244,925000,0.00215714486070105
5300,Main St W,Regional Road 3,3,238,627419,1471000,0.00224585039570397
5301,Regional Road 7, ,7,0,0,0,0.000853513545301318
5302,Regional Road 24, ,24,0,0,0,0.00691907241714271
5303,Highway 58a, ,58,396,1702051,2030000,0.0143856739644238
5304,Hwy 140, ,140,591,879970,1904000,0.00938099670406692
5305,Queensway W,King's Highway 3,3,0,0,0,0.00505816957559138
5306,Queensway W,King's Highway 3,3,503,1158891,3755000,0.00131296686931102
5307,Highway 3,Queensway W,3,503,1158891,3755000,0.0150616079142735
5308,Norfolk St S,Regional Road 24,24,0,0,0,0.00398157308282807
5309,Norfolk St S,Regional Road 24,24,0,0,0,0.0128554455409294
5310,Norfolk St S,Regional Road 24,24,0,0,0,0.002299186023816
5311,Norfolk St S,Regional Road 24,24,0,0,0,0.00014356911923939
5312,Highway 24, ,24,343,697381,1119000,0.0121062950996147
5313,Highway 3,Talbot Rd,3,188,373228,591000,0.015829886393224
5314,Highway 3,Concession 1 Rd,3,222,548419,1120000,0.0152739384665993
5315,Garrison Rd,King's Highway 3,3,350,191658,585000,0.0218066293353099
5316,Garrison Rd,King's Highway 3,3,350,191658,585000,0.0145906748461816
5317,Highway 17 B, ,17,562,6325609,38021000,0.00340802237054294
5318,Highway 3,Talbot Rd,3,188,370647,584000,0.045166810719244
5319,Bloor St W,Hwy 5,5,0,0,0,0.00368727490134632
5320,Garrison Rd,King's Highway 3,3,367,269336,798000,0.0197080302200353
5321,Hwy 6,King's Highway 6,6,428,1380104,3048000,0.0198713571606784
5322,Garrison Rd,King's Highway 3,3,367,269336,798000,0.00316800294567606
5323,Yonge St, ,11,0,0,0,0.00281370636524319
5324,Regional Road 7, ,7,0,0,0,0.00994074506944393
5325,Highway 8, ,8,440,876695,1648000,0.00888040235632447
5326,Griffin St N,Regional Road 20,20,0,0,0,0.000732739760080491
5327,Danforth Ave,Hwy 5,5,0,0,0,0.0016847011675767
5328,Regional Road 20,Hwy 20,20,0,0,0,0.0107584622878881
5329,Regional Road 20,Hwy 20,20,0,0,0,0.0100316823055727
5330,Regional Road 20,Hwy 20,20,0,0,0,0.0100245835724345
5331,West St,Regional Road 20,20,0,0,0,0.000618188634640131
5332,Regional Road 20,Hwy 20,20,0,0,0,0.0107116827467197
5333,Regional Road 20,Hwy 20,20,0,0,0,0.00642296752559598
5334,Highway 17,Highway 11,17,417,3867027,14096000,0.019405790935908
5335,Highway 8,King's Highway 7,7,741,2716687,5960000,0.0112586386094471
5336,Highway 15, ,15,143,194137,410000,0.000628485228575296
5337,Woodlawn Rd W,King's Highway 6,6,0,0,0,0.000465106701754468
5338,Niagara St,Regional Road 50,58,0,0,0,0.00161100124143294
5339,Hwy 140, ,140,589,879970,1904000,0.000809001474674337
5340,Regional Hwy 2,Highway 2,2,0,0,0,0.00454723973351449
5341,Lundy's Lane,Regional Road 20,20,544,675567,1276000,0.023885352266768
5342,Highway 8, ,8,443,877931,1656000,0.00485039161471038
5343,Regional Hwy 2,Highway 2,2,0,0,0,0.0147500191235084
5344,Dundas St W,Regional Highway 2,2,0,0,0,0.00942768612601652
5345,Westside Rd,King's Highway 58,58,134,173745,428000,0.00021174112494789
5346,Highway 17, ,17,629,2650541,13377000,0.0110378537704773
5347,Algonquin Boulevard East, ,101,0,0,0,9.55248658576613e-05
5348,Regional Hwy 2,Highway 2,2,0,0,0,0.00138982801453359
5349,Highway 24, ,24,452,2107031,3454000,0.00105519195222037
5350,Hurontario St,Highway 10,10,0,0,0,0.0155180124269578
5351,Simcoe County Road 4,Yonge St,11,0,0,0,0.0126800522742417
5352,Dundas St W,Hwy 5,5,0,0,0,0.0111282065541735
5353,Yonge St, ,11,0,0,0,0.0033337550720069
5354,West Highway  17, ,17,566,5036960,25434000,0.00391273873088776
5355,Dundas St W,Hwy 5,5,0,0,0,0.00756401648716045
5356,King St E,King's Highway 8,8,3348,1149768,3053000,0.018586639651818
5357,Dundas St,King's Highway 8,8,0,0,0,0.00640976289905099
5358,Duke Street, ,594,0,0,0,0.00386200016523653
5359,Hwy 9,Highway 9,9,1181,5058379,6669000,0.00232175149404972
5360,Hurontario Street,Highway 10,10,245,1155288,1254000,0.000630592522914926
5361,Highway 7,Tc Highway,7,554,619703,1548000,0.00103725503132218
5362,Hwy 89, ,89,194,1309727,1154000,0.014780707250373
5363,Highway 7,Tc Highway,7,304,323325,595000,0.0137123407762895
5364,Regional Road 7, ,7,0,0,0,0.0124087744774155
5365,Highway 48,King's Highway 48,48,427,55138,56000,0.0180156589359904
5366,Hwy 89, ,89,502,3297323,8928000,0.0113872754930369
5367,Highway 7, ,7,840,334006,653000,0.0101651804059138
5368,Kingston Rd,Regional Highway 2,2,0,0,0,0.00202006341335011
5369,Dundas St W,Regional Highway 2,2,0,0,0,0.00461960224804257
5370,Winchester Rd W,King's Highway 7,7,976,95580,289000,0.00808039782832097
5371,Highway 7,Tc Highway,7,554,619703,1548000,0.00819315300061294
5372,Regional Hwy 2,Highway 2,2,0,0,0,0.0116627296454623
5373,Highway 20 E,Regional Road 20,20,0,0,0,0.00662421726078316
5374,Regional Hwy 2,Highway 2,2,0,0,0,0.00174887578344591
5375,Highway 6, ,6,926,1454987,3893000,0.00885381597177052
5376,County Road 2,Highway 2,2,0,0,0,0.0203275555204953
5377,Regional Hwy 2,Highway 2,2,0,0,0,0.000619494148444939
5378,Bridge St, ,11,0,0,0,0.0108340292393953
5379,Regional Road 5,Hwy 5,5,718,96412,382000,0.000643419769659306
5380,Highway 48,King's Highway 48,48,108,861,4000,0.0187937256562451
5381,Highway 48,King's Highway 48,48,1031,916845,1035000,0.00225226832597886
5382,Highway 7,Highway 12,7,456,744363,2128000,0.0131567747018778
5383,Highway 7,Highway 12,7,500,744363,2128000,0.000502258913324658
5384,Highway 7,Highway 12,7,421,618515,1766000,0.0134401203176772
5385,Highway 7a, ,7,460,838659,818000,0.000905786271673044
5386,Highway 7a, ,7,417,837260,809000,0.0254512018207349
5387,Highway 7a, ,7,663,637344,691000,0.0289872688107202
5388,Highway 7,Highway 12,7,421,618515,1766000,0.0132955988499238
5389,Main St N,Regional Road 68,48,0,0,0,0.00411117501504468
5390,Hwy 7a,Moore Dr,7,1385,4708292,12815000,0.000351171322838681
5391,Hwy 7a, ,7,406,478924,184000,0.0427353433030735
5392,Hwy 7a, ,7,400,860450,431000,0.0201854061283191
5393,Highway 7, ,7,265,1949239,5342000,0.0066022296715578
5394,Hwy 33,Picton Main St,33,0,0,0,0.000255666200334217
5395,Bridge St,Highway 33,33,0,0,0,0.00233447219428253
5396,County Road 49,Highway 49,49,0,0,0,0.00231903182727277
5397,County Road 2, ,2,112,131253,351000,0.00138048461144489
5398,Talbot Line,County Road 3,3,0,0,0,0.0214052624399287
5399,Tc Hwy,King's Highway 17,17,553,4643663,21998000,0.0354705344358803
5400,Hwy 60, ,60,210,246358,765000,0.0122127856796188
5401,County Road 2, ,2,0,0,0,0.0372188434718686
5402,Highway 12,Tc Hwy,12,168,684116,1664000,0.00142785888660736
5403,King St W, ,2,0,0,0,0.000439062637912719
5404,Highway 21, ,21,239,125596,804000,0.0351178280161097
5405,Highway 7, ,7,277,1746913,5253000,0.0182122687735465
5406,Highway 7, ,7,275,1843909,5007000,0.00455212803508684
5407,10th St E,King's Highway 6,6,0,0,0,0.00173388625749855
5408,Hwy 26, ,26,270,142427,210000,0.0344837800266234
5409,Hwy 26, ,26,294,707365,349000,0.0300633046197406
5410,Hwy 89, ,89,423,2255194,4030000,0.0135720238077376
5411,Hwy 89, ,89,481,2041744,9518000,0.0165086234598773
5412,Hwy 89, ,89,935,1567476,4102000,0.0144939922208244
5413,Highway 60, ,60,325,1849990,1031000,0.0123332480144872
5414,Highway 7,Tc Highway,7,475,2422162,5861000,0.0165825962029329
5415,Hwy 26, ,26,286,823850,3492000,0.0102730198805355
5416,Vincent Massey Dr, ,2,0,0,0,0.0321107088298226
5417,Vincent Massey Dr, ,2,0,0,0,0.0113563280914945
5418,Vincent Massey Dr, ,2,0,0,0,0.000673581215555627
5419,Forks Rd,King's Highway 3,3,191,356244,925000,0.000319013106316313
5420,27th Sideroad,King's Highway 7,7,529,336951,946000,0.0144860682928071
5421,Highway 58a, ,58,396,1702051,2030000,0.00730307259778269
5422,Canboro Rd,Regional Road 20,20,0,0,0,0.00184588116734794
5423,St Catharines St,Regional Road 20,20,0,0,0,0.00472796479598227
5424,Regional Road 20,Hwy 20,20,0,0,0,0.000712279843914408
5425,Hwy 3,King's Highway 3,3,189,905037,1318000,0.00963709193194665
5426,Hwy 3,King's Highway 3,3,189,905037,1318000,0.000651505820871534
5427,Garrison Rd,King's Highway 3,3,0,0,0,0.010035131156144
5428,Regional Road 20,Hwy 20,20,0,0,0,0.00553249291656027
5429,Highway 7, ,7,278,1719291,5252000,0.00451439392476701
5430,Regional Road 20,Hwy 20,20,0,0,0,0.0245308623424988
5431,Canboro Rd,Regional Road 20,20,0,0,0,0.0104556072506802
5432,Thorold Rd W,Hwy 58,58,0,0,0,0.0101419970494038
5433,Niagara St,Regional Road 50,58,0,0,0,0.00920586133082305
5434,Dundas St E,Hwy 5,5,0,0,0,0.0217415066527989
5435,Highway 10, ,10,302,824079,2437000,0.024528108185356
5436,Hwy 26, ,26,265,142427,210000,0.0173779370365852
5437,Hwy 89, ,89,421,2281203,4093000,0.0162957121599405
5438,Hwy 89, ,89,423,2255194,4030000,0.000927843630153524
5439,Hwy 93, ,93,516,1551810,3557000,0.00547222756403661
5440,Highway 12, ,12,363,811443,998000,0.00178365419852739
5441,Highway 12, ,12,363,811443,998000,0.00169282599160331
5442,Highway 69, ,69,662,9208331,41036000,0.037834718550814
5443,Highway 522, ,522,19,0,0,0.0123039763306808
5444,Parry Sound Drive, ,124,257,531517,901000,0.00142469778699957
5445,Highway 144, ,144,479,622753,619000,0.0192020467039099
5446,West Highway  17, ,17,566,5036960,25434000,0.00512700993189609
5447,Main St E,King's Highway 3,3,228,584691,1218000,0.0103698258098836
5448,Hurontario St,Highway 10,10,0,0,0,0.000570490168240459
5449,Hurontario St,Highway 10,10,0,0,0,0.000133453295206954
5450,Highway 3,Concession 1 Rd,3,222,548419,1120000,0.00929501851691024
5451,Bloomfield Main St,Highway 33,33,0,0,0,0.000448294546048723
5452,Dundas St W,Hwy 5,5,0,0,0,0.0124913379537162
5453,Dundas St W,Hwy 5,5,0,0,0,0.000579037131784503
5454,Bloor St W,Hwy 5,5,0,0,0,0.00425250528557933
5455,Hurontario St,Highway 10,10,0,0,0,0.0103066220569271
5456,Hwy 27, ,27,0,0,0,0.000504932668825982
5457,Hwy 33, ,33,39,0,0,0.00662107599954874
5458,Regional Road 7, ,7,0,0,0,0.00969886740996524
5459,Hwy 9, ,9,920,4331739,6467000,0.00398993336210971
5460,Highway 10,Hwy 24,10,832,3865992,6086000,0.00174264907828534
5461,Norfolk St N,King's Highway 24,24,0,0,0,0.0074532913724005
5462,Lundy's Lane,Regional Road 20,20,0,0,0,0.013099803942198
5463,Dundas St W,Regional Highway 2,2,0,0,0,0.012918400428958
5464,Sugar Loaf St,King's Highway 3,3,166,907076,1323000,0.000323945103406258
5465,Yonge St,County Road 1,11,0,0,0,0.00655008858824737
5466,Yonge St,County Road 1,11,0,0,0,0.00205092783882835
5467,Highway 20, ,20,0,0,0,0.000417639346063327
5468,Hwy 9,Davis Drive West,9,1904,4354363,6250000,0.00643418331040133
5469,Regional Road 5,Hwy 5,5,718,96412,382000,0.0042092232749359
5470,Dundas St W,Regional Road 5,5,0,0,0,0.0164452163708888
5471,Highway 15, ,15,285,361043,616000,0.0156336801017493
5472,Highway 17, ,17,302,3416109,22899000,0.00984019177309964
5473,Highway 17, ,17,433,4798285,34125000,0.00506830995323436
5474,Highway 7, ,7,275,2279560,5351000,0.0172282786587957
5475,County Road 29, ,15,411,207607,9020000,0.00185327397758194
5476,Vincent Massey Dr, ,2,0,0,0,0.0209919240112656
5477,Markham Rd, ,48,0,0,0,0.00472437688082104
5478,Highway 48,King's Highway 48,48,677,55009,56000,0.000725479841210045
5479,Dundas St W,Regional Highway 2,2,0,0,0,0.00698703212578769
5480,Highway 48,King's Highway 48,48,594,918083,697000,0.0100086129883615
5481,Highway 7,Highway 12,7,479,744363,2128000,0.0136858689671685
5482,Ramp, ,537,0,0,0,0.0016528943011514
5483,Hwy 12,Tc Hwy,12,276,960046,2175000,0.0153374533395168
5484,Tc Hwy,King's Highway 12,12,168,684116,1664000,0.0134671105426162
5485,Tc Hwy,King's Highway 12,12,168,684116,1664000,0.0135294298787828
5486,Highway 35,King's Highway 35,35,246,371712,239000,0.00313155154432923
5487,Highway 7,Tc Highway,7,432,555938,1362000,0.0129012933848535
5488,Highway 7,Tc Highway,7,547,375070,398000,0.0129999502490118
5489,Highway 7,Tc Highway,7,499,527844,1274000,0.0429884834947654
5490,Highway 7,Tc Highway,7,499,527844,1274000,0.0236986692571009
5491,Highway 7,Tc Highway,7,475,2422162,5861000,0.0164278931514521
5492,County Road 2,Highway 2,2,0,0,0,0.0422642469631101
5493,Boundary Rd,Boundary Rd E,148,0,0,0,0.000796518033706606
5494,Trafalgar Rd, ,148,0,0,0,0.00505577037474054
5495,Lake  Nosbonsing Road, ,654,194,91215,169000,0.000221044253457074
5496,Highway 11,Highway 17,17,1197,11305073,40807000,0.0013145889919344
5497,Highway 118, ,118,82,444937,451000,0.0219037706687278
5498,Highway 28, ,28,141,430490,671000,0.00465495005238213
5499,Elginfield Rd,King's Highway 7,7,205,402922,1508000,0.0174784966561352
5500,Bay Bridge Rd,King's Highway 62,62,319,203698,735000,0.0129585041355222
5501,Regional Road 7, ,7,0,0,0,0.0170563295970574
5502,Hwy 37, ,37,243,1425327,4904000,0.006796297322739
5503,Hwy 33, ,33,39,0,0,0.0583696989026956
5504,County Road 2, ,2,0,0,0,0.00705165997012816
5505,County Road 41, ,41,0,0,0,0.0213908431622858
5506,Highway 7, ,7,311,2335128,5351000,0.00136159955936129
5507,Highway 48,King's Highway 48,48,776,177848,91000,0.016780261909752
5508,Coumbes St, ,60,0,0,0,0.0015411819885966
5509,Coumbes St, ,60,0,0,0,0.000322501714716559
5510,County Road 41,Highway 41,41,0,0,0,0.00618647893363895
5511,Highway 15, ,15,269,356573,600000,0.0184338693805751
5512,County Road 2, ,2,112,131253,351000,0.00418828679531702
5513,County Road 2, ,2,0,0,0,0.0278746189121451
5514,Highway 7, ,7,274,1840375,4996000,0.0261029590441483
5515,Highway 7, ,7,261,1853360,4997000,0.0107000850163763
5516,Highway 15, ,15,340,207607,9020000,0.00771603825343687
5517,Hwy 2, ,2,0,0,0,0.0089645188551043
5518,County Road 52,King's Highway 8,8,720,1045975,1893000,0.0342182505554872
5519,Highway 7,Victoria St N,7,428,681374,3186000,0.0205328431857836
5520,Wellington St E,King's Highway 7,7,0,0,0,0.00236149440058265
5521,County Road 109,Hwy 9,9,0,0,0,0.00282899431281992
5522,King St W,Highway 8,8,0,0,0,0.000185689611989924
5523,Highway 8, ,8,443,877931,1656000,0.0177688294243292
5524,Regional Hwy 2,Highway 2,2,0,0,0,0.000621631725349977
5525,Dundas St E,Regional Highway 2,2,0,0,0,0.000492220479038125
5526,Dundas St E,Regional Highway 2,2,0,0,0,0.00915618437844132
5527,County Road 2,Highway 2,2,0,0,0,0.0201292966218051
5528,Main St E,Hwy 8,8,0,0,0,0.00839671350263601
5529,Main St,Hwy 8,8,0,0,0,0.00133362651073537
5530,Dundas St W,Hwy 5,5,1011,1693000,1770000,0.0024429801837204
5531,Highway 600, ,600,10,2633,3000,0.000467386349846435
5532,Dundas St E,Regional Road 5,5,0,0,0,0.00361985079639827
5533,Regional Hwy 2,Highway 2,2,0,0,0,0.0108007925058913
5534,Dundas St,Regional Road 5,5,0,0,0,0.0165314467584218
5535,King St E,County Road 2,2,0,0,0,0.00623198899823203
5536,County Road 2,Highway 2,2,0,0,0,0.0150885767246778
5537,Simcoe County Road 4,Yonge St,11,0,0,0,0.0121125151734265
5538,Highway 48,Highway 48,48,246,116344,59000,0.000490633264273904
5539,Main St E,Hwy 10,10,851,3474377,6261000,0.0158334333069223
5540,2nd Line East, ,17,0,0,0,0.00497659434775562
5541,Highway 11, ,11,512,6061996,29353000,0.0226241101026459
5542,Highway 11, ,11,518,5448116,29163000,0.0186537479650344
5543,Highway 11, ,11,643,8002229,30781000,0.0889401640528149
5544,Highway 17, ,17,407,4798285,34125000,0.0194309061704413
5545,Central Ave, ,3,0,0,0,0.000121412519980856
5546,Garrison Rd,Regional Road 3,3,0,0,0,0.000734128819209485
5547,Highway 3,Talbot Rd,3,139,500913,1080000,0.000932021475385222
5548,Regional Road 20,Hwy 20,20,0,0,0,0.0202214172707608
5549,Prince Charles Dr,Regional Road 54,58,0,0,0,0.00967170691926281
5550,Kingston Rd,Regional Highway 2,2,0,0,0,0.00451651619213887
5551,Highway 12, ,12,507,1445074,1548000,0.0144636270728046
5552,Highway 7,Highway 12,7,456,744363,2128000,0.000732606168421417
5553,Hwy 35,King's Highway 35,35,405,1230260,5652000,0.0134223860610633
5554,Regional Road 7, ,7,0,0,0,0.00403355430158332
5555,Hwy 35,King's Highway 35,35,409,1065127,5683000,0.0281219171064401
5556,Hwy 35,King's Highway 35,35,405,1230260,5652000,0.0137080015095999
5557,Highway 28, ,28,374,444560,742000,0.0190308441409205
5558,King St W,County Road 2,2,0,0,0,0.00753317489108649
5559,Kingston Rd,Regional Highway 2,2,0,0,0,0.000167047897310838
5560,Hwy 60, ,60,210,246358,765000,0.0127566640767566
5561,Loyalist Pky,County Road 33,33,0,0,0,0.0272980143431491
5562,County Road 33,Highway 33,33,0,0,0,0.000848247605334444
5563,Dundas St W,County Road 2,2,0,0,0,0.000443437912265446
5564,Regional Road 20,Hwy 20,20,0,0,0,0.00316011561211912
5565,King St E,County Road 2,2,0,0,0,0.0100333572034722
5566,Hwy 37, ,37,213,1328068,4789000,0.00824348377615169
5567,Centre St N,County Road 41,41,0,0,0,0.00180807881467101
5568,County Road 2, ,2,0,0,0,0.0394470325441777
5569,Princess St, ,2,0,0,0,0.0191069730633858
5570,County Road 58,Highway 62,62,0,0,0,0.0243507516618267
5571,Highway 11,Highway 17,17,577,7078046,41782000,0.0539059293048939
5572,Hwy 60, ,60,210,246358,765000,0.0188015400445436
5573,Kingston Rd, ,2,0,0,0,0.0715186798492043
5574,Kingston Rd, ,2,0,0,0,0.0276629375119205
5575,Hwy 9,Highway 9,9,1143,7178846,17553000,0.0173850686002393
5576,Hwy 9,Highway 9,9,1094,3351391,5157000,0.0092320582665853
5577,Highway 12, ,12,289,143451,1164000,0.00592170141564617
5578,Highway 11, ,11,46,132932,355000,0.00111821558566244
5579,Highway 66, ,66,98,366013,1614000,0.0230115751383867
5580,Highway 11, ,11,508,5831758,27124000,0.113656634586439
5581,Talbot Rd,King's Highway 3,3,328,1711194,3007000,0.00162755291751412
5582,Hwy 3,King's Highway 3,3,189,905037,1318000,0.00962436456790336
5583,Hwy 3,King's Highway 3,3,189,905037,1318000,0.00261017140818003
5584,Highway 3,Concession 1 Rd,3,222,548419,1120000,0.00174369430430278
5585,Garrison Rd,King's Highway 3,3,367,269336,798000,0.00288969535141321
5586,County Road 3,Talbot Line,3,0,0,0,0.0395000509299018
5587,County Road 2, ,2,0,0,0,0.00923204065772797
5588,County Road 2,Highway 2,2,0,0,0,0.035192141869685
5589,Highway 15, ,15,157,202254,479000,0.0245207621583559
5590,Highway 15, ,15,411,207607,9020000,0.000773853965571475
5591,Dundas St W,County Road 2,2,0,0,0,0.00296767788006182
5592,King St E,County Road 2,2,0,0,0,0.0037796077727565
5593,Highway 7, ,7,261,1679106,5191000,0.00160131379062541
5594,Tc Hwy, ,17,627,4957282,20515000,0.00115865866929519
5595,Highway 11,Highway 17,17,1120,9526103,39511000,0.00725437228066897
5596,Cassells Street, ,63,0,0,0,0.00713023147476701
5597,Cassells Street, ,63,0,0,0,0.00449027620280673
5598,Cassells Street, ,63,0,0,0,0.00230065621034484
5599,Highway 17, ,17,324,1655090,8715000,0.374450493074355
5600,County Road 49,Highway 49,49,0,0,0,0.00760084096781563
5601,Hwy 9, ,9,116,137073,413000,0.0232939761124642
5602,Dunnville Rd,King's Highway 3,3,164,255002,1001000,0.0133269474668406
5603,Hwy 23,164 Road,23,306,1123580,2407000,0.0040124030864101
5604,Highway 7,Tc Highway,7,554,619703,1548000,0.00147378411852997
5605,Highway 7, ,7,265,1709566,5213000,0.0120053222468726
5606,Loyalist Pky,County Road 33,33,0,0,0,0.00994681547809306
5607,Dundas St W,County Road 2,2,0,0,0,0.00720172083291584
5608,Highway 101, ,101,89,68558,177000,0.0473470137197722
5609,Highway 101, ,101,23,52032,121000,0.0759928374341909
5610,County Road 2, ,2,3923,46180401,174595000,0.0336690058657905
5611,Centennial Pky S,Hwy 20,20,0,0,0,0.00013223085875288
5612,Talbot Line,King's Highway 3,3,238,1413524,3046000,0.0119075785647748
5613,Canboro Rd,Regional Road 20,20,0,0,0,0.00855395083887767
5614,Frankford Rd,County Road 33,33,0,0,0,0.00469159882256135
5615,Hwy 140, ,140,589,879970,1904000,0.00871844206725504
5616,Dundas St W,Hwy 5,5,0,0,0,0.000579249514482887
5617,Highway 60, ,60,325,1849990,1031000,0.000662292986548339
5618,Centre St N,County Road 41,41,0,0,0,0.00898134214800849
5619,Plank Line,King's Highway 19,19,587,1989009,6258000,0.0161194852581487
5620,Yonge St,County Road 1,11,0,0,0,0.000618954524942714
5621,Highway 17, ,17,434,4618076,33525000,0.00524902895838131
5622,Bloor St W,Hwy 5,5,0,0,0,0.00364082806849154
5623,Talbot Line,King's Highway 3,3,239,1413524,3046000,0.0102190742806916
5624,Talbot Rd,King's Highway 3,3,239,1413524,3046000,0.0172982886772252
5625,Plank Line,King's Highway 19,19,448,1913961,6162000,0.0100686866046083
5626,Winchester Rd W,King's Highway 7,7,976,95580,289000,0.000639810128054947
5627,Highway 17, ,17,562,6325609,38021000,0.00334968384937011
5628,County Road 2,Highway 2,2,0,0,0,0.0279894675844739
5629,County Road 2,Highway 2,2,0,0,0,0.00514216431361975
5630,York Rd,King's Highway 7,7,0,0,0,0.00659601141039577
5631,Highway 48, ,48,539,275930,887000,0.0180359961916672
5632,Highway 569, ,569,30,0,0,0.000761081706527133
5633,Highway 12, ,12,370,439998,626000,0.0058490927521729
5634,Highway 7,Highway 12,7,453,717963,1357000,0.00167908689113681
5635,Main St N,King's Highway 7,7,0,0,0,0.00934769278218035
5636,Guelph St,King's Highway 7,7,0,0,0,0.0108627779552749
5637,Highway 7,Tc Highway,7,441,3074614,6089000,0.0167337957751019
5638,Hurontario St,Highway 10,10,0,0,0,0.0134923236382686
5639,Dundas St W,Hwy 5,5,1011,1693000,1770000,0.0173185446403345
5640,Hwy 37, ,37,213,1328068,4789000,0.00873408852014745
5641,Hwy 37, ,37,213,1328068,4789000,0.00374987293543522
5642,Forks Rd,King's Highway 3,3,212,442674,1008000,0.00419058269364137
5643,County Road 17,Hwy 21,21,0,0,0,0.0172729375785083
5644,Dundas St W,Hwy 5,5,885,1474783,1118000,0.00098361069533955
5645,Sunset Rd,County Road 4,4,0,0,0,0.00153577307504334
5646,Highway 3,Concession 1 Rd,3,222,548419,1120000,0.00636382034545268
5647,Main St E,King's Highway 3,3,217,572452,1190000,0.00141349940786823
5648,Main St E,King's Highway 3,3,217,572452,1190000,0.00141840348912983
5649,Regional Road 525,HIghway 58A,58,380,1768494,3333000,0.0274274429734306
5650,Hwy 41, ,41,182,91024,356000,0.00108234421511529
5651,Mackay St,Highway 41,41,0,0,0,0.00287987653071632
5652,O'brien Rd, ,60,289,975139,3282000,0.0151661086985555
5653,Queenston Rd,Hwy 8,8,0,0,0,0.00542375711847654
5654,Highway 20 E,Regional Road 20,20,0,0,0,0.010782676618278
5655,Hwy 8,Queenston Rd,8,0,0,0,0.0112106238716301
5656,Highway 15, ,15,166,202254,479000,0.000608266389025988
5657,Highway 15, ,15,157,202254,479000,0.00588225902762791
5658,Dundas St E,Regional Road 5,5,0,0,0,0.0250588840162352
5659,Schumacher Drive, ,101,0,0,0,0.0156786372552862
5660,Highway 118 W, ,118,162,30804,35000,0.00200886566600704
5661,Highway 118 W, ,118,162,30804,35000,8.36301381512823e-05
5662,Highway 7,Main St S,7,665,421512,950000,0.00934389280456012
5663,Bath Rd, ,33,0,0,0,0.00109027468927113
5664,Barrie St, ,11,0,0,0,0.0126695584435912
5665,Forks Rd,King's Highway 3,3,194,361301,935000,0.0101219117026289
5666,Highway 20 E,Regional Road 20,20,0,0,0,0.00931577992045734
5667,Highway 3,Concession 1 Rd,3,218,520189,1111000,0.00854420585787379
5668,Highway 3,Concession 1 Rd,3,210,521134,1113000,0.00145685871399906
5669,Regional Road 7,Highway 7,7,0,0,0,0.00657183539158303
5670,Regional Road 7,Highway 7,7,0,0,0,0.0153642264773612
5671,Woodlawn Rd W,King's Highway 7,7,0,0,0,0.00959155294625058
5672,Dundas St W,Regional Road 5,5,0,0,0,0.00486208820135909
5673,Highway 21,Bluewater Hwy,21,296,422968,1906000,0.00558254492539405
5674,Front Street, ,17,653,3164712,14508000,0.0105936531951498
5675,Hurontario St,Hwy 10,10,818,6845509,9091000,0.0334638761978586
5676,Highway 10,Hwy 24,10,818,6845509,9091000,0.0240307483403833
5677,Highway 11,Government Road,11,0,0,0,0.0223795029937249
5678,Highway 6,King's Highway 6,6,250,495233,1912000,0.00197810741016383
5679,Hwy 9, ,9,1163,7178846,17553000,0.00127497843121564
5680,Highway 40,Communication Rd,40,410,913606,2195000,0.00979249024780044
5681,Yonge St,Simcoe County Road 4,11,0,0,0,0.0132855151455098
5682,Loyalist Pky,County Road 33,33,0,0,0,0.0197083870528896
5683,Hwy 9, ,9,116,137073,413000,0.0232666386218451
5684,Atherley Road, ,12,643,1204871,956000,0.000469243007408801
5685,Loyalist Pky,County Road 33,33,0,0,0,0.00222564677615313
5686,Colonel Talbot Rd,King's Highway 4,4,811,1402794,3691000,0.0194506594609386
5687,Dundas St E,Hwy 5,5,0,0,0,0.002936021237288
5688,Huron Rd,King's Highway 8,8,341,867098,1255000,0.0141804815834859
5689,Hwy 20, ,20,0,0,0,0.00818602529484913
5690,Yonge St, ,11,0,0,0,0.00103208662522835
5691,North Front St N, ,62,0,0,0,0.00235916831902315
5692,Wellington St W,King's Highway 7,7,0,0,0,0.000660075753266946
5693,Bayfield St,Hwy 26,11,0,0,0,0.00395312241803051
5694,Highway 6, ,6,2280,10559170,28067000,0.0094081312200249
5695,Highway 12, ,12,242,439998,626000,0.0193871210593192
5696,Burton Ave, ,11,0,0,0,0.0152241233248931
5697,King St E, ,2,0,0,0,0.0188579289449727
5698,Highway 15, ,15,270,361043,616000,0.0200811459881848
5699,Highway 15, ,15,270,361043,616000,0.00539922441930691
5700,Highway 15, ,15,269,356573,600000,0.00602679441656562
5701,Vincent Massey Dr, ,2,0,0,0,0.021716169913882
5702,Tc Hwy,King's Highway 12,12,276,960046,2175000,0.00144573372374997
5703,Highway 10, ,10,302,824079,2437000,0.0201337928072821
5704,Highway 130, ,130,118,349244,276000,0.017539471408315
5705,Dawson Road, ,102,0,0,0,0.00137876661839333
5706,Highway 15, ,15,275,381369,935000,0.000941642379535092
5707,Highway 24, ,24,716,1074404,5334000,0.0212588144915009
5708,Front Street, ,17,0,0,0,0.00665459319281603
5709,County Road 2, ,2,0,0,0,0.0036649532024572
5710,Regional Road 8,Hwy 8,8,0,0,0,0.0012948964699744
5711,Hwy 26, ,26,291,270910,887000,0.0542086904720948
5712,Highway 10, ,10,323,1021347,2451000,0.02481919898161
5713,Highway 7,Tc Highway,7,214,65103,860000,0.0372587316067841
5714,Highway 6,King's Highway 6,6,492,2600172,3448000,0.0207759687338968
5715,Highway 40, ,40,295,583209,903000,0.0122996166317889
5716,Hwy 3,King's Highway 3,3,0,0,0,0.00125142114784525
5717,Richmond St,King's Highway 4,4,0,0,0,0.0069306552617868
5718,Hwy 26, ,26,294,707365,349000,0.0230231575481746
5719,Highway 40,Mcnaughton Ave,40,0,0,0,0.000616809657833174
5720,County Road 3,Talbot Trail,3,0,0,0,0.0331260100977966
5721,Hwy 37, ,37,223,1425327,4904000,0.00524091342288563
5722,Elginfield Rd,King's Highway 7,7,172,393950,1454000,0.0102452024172595
5723,Highway 40, ,40,244,551387,877000,0.0124195704872594
5724,Highway 40, ,40,300,1233248,4608000,0.0179895278820797
5725,Wharncliffe Rd S,King's Highway 4,4,0,0,0,0.00249745051240686
5726,Richmond St,King's Highway 4,4,0,0,0,0.00138905715073811
5727,Talbot Line,King's Highway 3,3,349,1259572,3149000,0.0111053666681137
5728,Elginfield Rd,King's Highway 7,7,173,402922,1508000,0.00105757428109151
5729,Elginfield Rd,King's Highway 7,7,173,402922,1508000,0.00169947315894459
5730,Fountain St S,King's Highway 8,8,2584,671362,1392000,0.000199122926840219
5731,King St W,King's Highway 8,8,2397,579703,1344000,0.000496999999995751
5732,Fountain St S,King's Highway 8,8,2584,671362,1392000,0.00190420746243632
5733,Fountain St S,King's Highway 8,8,2584,671362,1392000,0.000193073245158536
5734,Elginfield Rd,King's Highway 7,7,206,1334742,2678000,0.00722010909569792
5735,Elginfield Rd,King's Highway 7,7,206,1334742,2678000,0.0154932460656811
5736,Elginfield Rd,King's Highway 7,7,206,1334742,2678000,0.00984243421223238
5737,County Road 119,King's Highway 7,7,278,699042,3461000,0.0017338797126834
5738,Highway 12, ,12,412,699069,812000,0.00152971337116312
5739,Woodward Avenue, ,557,0,0,0,0.00344557056241445
5740,Highway 8, ,8,173,322238,690000,0.0236427354459742
5741,164 Road,Hwy 23,23,353,1164671,2398000,0.0208266816066136
5742,County Road 119,King's Highway 7,7,514,1590212,4968000,0.0205330919354606
5743,St Clair Rd,King's Highway 40,40,255,3047179,3102000,0.0148726179091917
5744,St Clair Rd,King's Highway 40,40,255,3047179,3102000,0.0147339405004836
5745,St Clair Rd,King's Highway 40,40,255,3047179,3102000,0.000112294256309501
5746,Forks Rd,King's Highway 3,3,191,356244,925000,0.000433092523601303
5747,164 Road,Hwy 23,23,352,1140810,2372000,0.0203577438971093
5748,Erie St,King's Highway 7,7,0,0,0,0.0100429436290876
5749,Plank Line,King's Highway 19,19,593,2062079,6437000,0.001450355890628
5750,St Clair Rd,King's Highway 40,40,342,3345689,3107000,0.0147291775498868
5751,Highway 40,St Clair Rd,40,342,3345689,3107000,0.00101919351055922
5752,Highway 6,Hwy 10,6,298,891113,3212000,0.0186782306925327
5753,9th Ave E,King's Highway 6,6,0,0,0,0.0034814981542229
5754,9th Ave E,King's Highway 6,6,0,0,0,0.000273878560690693
5755,Highway 6,King's Highway 6,6,221,565072,1745000,0.0168804617871497
5756,Highway 10, ,10,209,664763,1493000,0.0237268622161833
5757,County Road 2, ,2,0,0,0,0.00970838692041492
5758,Highway 3,Talbot Rd E,3,154,419093,767000,0.0279860405996041
5759,Hwy 37, ,37,395,1450363,4956000,0.0304888269617376
5760,Hwy 48,King's Highway 48,48,539,275930,887000,0.0159456331816492
5761,Ontario St,King's Highway 7,7,522,3387612,6580000,0.0105094216395719
5762,Norfolk St N,Regional Road 24,24,0,0,0,0.00432835176482155
5763,Norfolk St S,Regional Road 24,24,0,0,0,0.00124424770041492
5764,Highway 24, ,24,341,667404,767000,0.0125496479547978
5765,Highway 8,King's Highway 7,7,385,2340914,5259000,0.0251554293297582
5766,Huron Rd E,King's Highway 7,7,385,2340914,5259000,0.0251921843795726
5767,Loyalist Pky,Highway 33,33,287,74207,708000,0.0286870390344573
5768,Highway 69 S, ,69,0,0,0,0.000196000000016738
5769,164 Road,Hwy 23,23,455,1416930,2582000,0.0203231978524401
5770,164 Road,Hwy 23,23,352,1140810,2372000,0.020212851820924
5771,164 Road,Hwy 23,23,357,1164671,2398000,0.0208300139163561
5772,Highway 6,Spencer St,6,208,412753,130000,0.00494174705241391
5773,10th St E,King's Highway 6,6,0,0,0,0.0128823928343063
5774,10th St W,King's Highway 6,6,0,0,0,0.00330393741469244
5775,Ramp, ,537,137,54938,354000,0.0209668816854932
5776,Tower St S,King's Highway 6,6,248,1679716,6000000,0.0176328641586583
5777,Highway 48,King's Highway 48,48,427,55138,56000,0.000690410023097966
5778,Highway 7,Victoria St N,7,0,0,0,0.000360805670699843
5779,Highway 6, ,6,339,1187173,1737000,0.0224816584241621
5780,Lakeshore Rd,King's Highway 21,21,317,734677,2403000,0.0266948117340711
5781,County Road 2, ,2,0,0,0,0.0301699845954226
5782,Hwy 89, ,89,194,1309727,1154000,0.0339052519575102
5783,Hwy 140, ,140,558,826943,1799000,0.0127257889538507
5784,Highway 10, ,10,356,869254,2018000,0.0232548897643381
5785,County Road 109,Hwy 9,9,0,0,0,0.00275317770655214
5786,Dunnville Rd,King's Highway 3,3,89,228179,951000,0.0226927352661401
5787,Forks Rd,King's Highway 3,3,214,1514678,1601000,0.0129690880461987
5788,St Clair Rd,King's Highway 40,40,255,3047179,3102000,0.0149295849287713
5789,County Road 109,Hwy 9,9,0,0,0,0.0194452837650139
5790,Highway 10, ,10,323,1021347,2451000,0.0233158498277721
5791,Highway 10, ,10,302,824079,2437000,0.0226967979076858
5792,Highway 6,King's Highway 6,6,410,412753,130000,0.0152454093090841
5793,County Road 109,Hwy 9,9,0,0,0,0.0168780536168099
5794,County Road 109,Hwy 9,9,0,0,0,0.00566015127874566
5795,County Road 109,Hwy 9,9,0,0,0,0.0122768080930039
5796,County Road 109,Hwy 9,9,0,0,0,0.0103883399885805
5797,County Road 109,Hwy 9,9,0,0,0,0.0154285634120682
5798,County Road 109,Hwy 9,9,0,0,0,0.00707182823037707
5799,County Road 109,Hwy 9,9,0,0,0,0.00342745084429451
5800,Hwy 89, ,89,159,1242160,1019000,0.0329064558910006
5801,Main St,Hwy 8,8,0,0,0,0.000997619667013473
5802,Main St W,Hwy 8,8,0,0,0,0.00030419891192946
5803,Highway 6, ,6,526,1626308,6328000,0.00142060726453174
5804,Vienna Rd,Hwy 19,19,0,0,0,0.0112023026292628
5805,County Road 31,Hwy 93,93,0,0,0,0.0176083169059212
5806,County Road 31,Hwy 93,93,0,0,0,0.0252025723478085
5807,Division St,County Road 33,33,0,0,0,0.00524422145833524
5808,Station St,Highway 37,37,0,0,0,0.00975057690578946
5809,Highway 10, ,10,395,1364201,2610000,0.0229135933115146
5810,Hwy 89, ,89,118,1250348,1026000,0.00721334831198838
5811,Hwy 26, ,26,259,167215,844000,0.00109374265714369
5812,Sykes St S,Hwy 26,26,291,270910,887000,0.00710174564822293
5813,Regional Road 5,Hwy 5,5,718,96412,382000,0.00114912415165442
5814,County Road 33,Highway 33,33,0,0,0,0.000941435147033845
5815,Main St S,Highway 10,10,0,0,0,0.00114580844824351
5816,Hwy 26, ,26,269,172779,848000,0.0349124612133886
5817,Queen St E,Regional Road 107,7,0,0,0,0.00214260332304475
5818,Highway 10,Hwy 24,10,549,2690951,4215000,0.0278433331289678
5819,Hwy 89, ,89,160,1242160,1019000,0.0207431819444955
5820,Bayfield St,Hwy 26,26,0,0,0,0.00619987974819778
5821,County Road 109,Hwy 9,9,0,0,0,0.0139925225283479
5822,Brock St N,Regional Road 12,12,0,0,0,0.00646163481493202
5823,Highway 10,Hwy 24,10,669,4814394,7344000,0.0165416245316292
5824,Hwy 89, ,89,421,2281203,4093000,0.0162435478469758
5825,Highway 10,Hwy 24,10,549,2690951,4215000,0.00938276745177501
5826,Hwy 9, ,9,153,67009,145000,0.0240446486859696
5827,Hwy 93,Penetanguishene Rd,93,434,2083547,3998000,0.000946659917842976
5828,Talbot Trail,County Road 3,3,0,0,0,0.0233903746237434
5829,Highway 21, ,21,281,218888,1159000,0.00115426478591741
5830,Hwy 89, ,89,423,2255194,4030000,0.0140072435375835
5831,Hwy 89, ,89,423,2255194,4030000,0.00242521854684154
5832,Highway 10, ,10,314,1069471,2610000,0.0230638065797731
5833,Hwy 62,King's Highway 62,62,184,203676,735000,0.00566186974296798
5834,Hwy 62,King's Highway 62,62,184,203676,735000,0.0130388692488119
5835,Hwy 62,King's Highway 62,62,197,203676,735000,0.00641389436273853
5836,Hwy 62,King's Highway 62,62,319,203698,735000,0.000209246266402366
5837,Albert St N,King's Highway 21,21,0,0,0,0.00379487090216675
5838,Albert St N,King's Highway 21,21,0,0,0,0.000467364735522975
5839,Highway 12, ,12,416,1371365,1500000,0.0279375570948622
5840,Highway 141, ,141,101,129114,177000,0.00132168726547079
5841,Oil Heritage Rd,County Road 21,21,0,0,0,0.0175955313089165
5842,County Road 3,Talbot Trail,3,0,0,0,0.0643208427199939
5843,Highway 62, ,62,290,259924,882000,0.00039912529364659
5844,Highway 3,Essex Bypass,3,843,611687,2003000,0.00871470075356256
5845,Hwy 9,County Road 4,9,180,169596,776000,0.0362309586672084
5846,Hwy 9,County Road 4,9,254,188139,829000,0.00151241594804567
5847,Hwy 9, ,9,136,91681,276000,0.0187143335441127
5848,Hwy 12,Tc Hwy,12,276,960046,2175000,0.010891382804446
5849,Highway 21, ,21,241,125241,803000,0.0175186924143865
5850,Highway 6,Garafraxa St S,6,228,433897,721000,0.0110321832329007
5851,Highway 6,King's Highway 6,6,131,178560,351000,0.0155287225010809
5852,Hwy 89, ,89,421,2281203,4093000,0.00077197538823283
5853,Hwy 7a, ,7,406,478924,184000,0.00384910022119763
5854,Hwy 89, ,89,507,3829562,9075000,0.018117292287792
5855,Highway 7, ,7,646,292167,941000,0.0121349372768959
5856,Huron Church Rd,King's Highway 3 E,3,0,0,0,0.00133756668816357
5857,Loyalist Pky,County Road 33,33,0,0,0,0.0188952336529238
5858,Hwy 26,Highway 26,26,763,5896891,7643000,0.0224643089057248
5859,Mcnaughton Ave,King's Highway 40,40,0,0,0,0.00940277368308855
5860,Dufferin Ave,King's Highway 40,40,0,0,0,0.000216815589819962
5861,Hwy 89,Hwy 10,10,669,4814394,7344000,0.00719846469186071
5862,Hwy 89, ,89,507,3829562,9075000,0.0117186163563637
5863,Hwy 89, ,89,633,2042667,9524000,0.0151301434165121
5864,164 Road,Hwy 23,23,455,1416930,2582000,0.0101053813457783
5865,Hwy 26, ,26,272,1131093,4257000,0.0158114798924593
5866,County Road 2,Highway 2,2,0,0,0,0.00040351084250742
5867,Hwy 26,Hwy 27,26,0,0,0,0.00106079085218554
5868,Yonge St, ,11,0,0,0,0.000614312623996445
5869,Yonge St, ,11,0,0,0,0.000751617867022162
5870,Yonge St, ,11,0,0,0,0.00117350458030922
5871,Hwy 62, ,62,305,192779,631000,0.014038444667222
5872,Highway 12, ,12,363,811443,998000,0.00561262946449427
5873,Highway 35, ,35,98,41124,13000,0.00758068773136209
5874,Highway 69, ,69,831,9130906,40712000,0.162560839762434
5875,Hwy 62, ,62,205,234654,379000,0.0237498711569061
5876,Hwy 93,Highway 93,93,516,1551810,3557000,0.0176841298828913
5877,Highway 17 E, ,17,1042,2780500,13497000,0.00103146839990964
5878,Highway 17 E, ,17,1042,2780500,13497000,0.00641685690050807
5879,Hwy 26,Highway 26,26,769,5826466,7455000,0.0223871261276471
5880,Highway 9, ,9,1093,7334958,9365000,0.0054250224622793
5881,Hwy 9,Highway 9,9,1108,6774570,8455000,0.0020698248998449
5882,Glenora - Adolphustown, ,33,7,5965,28000,0.0105206726400107
5883,County Road 41,Highway 41,41,0,0,0,0.0257595789923115
5884,Canboro Rd,Regional Road 20,20,0,0,0,0.00154023572999748
5885,Regional Road 7, ,7,0,0,0,0.00277722307350917
5886,Bath Rd, ,33,0,0,0,0.00421377410881737
5887,St Clair Rd,King's Highway 40,40,249,2623791,2870000,0.0149532256363266
5888,Grand Ave E,County Road 2,40,0,0,0,0.00378306036321513
5889,County Road 3,Talbot Trail,3,0,0,0,0.0198693671525494
5890,Highway 7,Highway 12,7,686,753237,2177000,0.00157741968733964
5891,Highway 7,Highway 12,7,371,566249,1148000,0.0121390941909567
5892,Highway 69, ,69,711,9165794,40873000,0.0128711412671696
5893,Hwy 26,Balsam St,26,0,0,0,0.00090758197206006
5894,County Road 3,Talbot Trail,3,0,0,0,0.0304853284778835
5895,Highway 6,King's Highway 6,6,311,921273,3235000,0.0167332156903431
5896,Hwy 41, ,41,94,260852,948000,0.00699025265186413
5897,Highway 141, ,141,107,388357,194000,0.00288432191031733
5898,Hwy 132, ,132,134,31857,117000,0.00636595297318616
5899,Hwy 9, ,9,116,137073,413000,0.0185769816941445
5900,Yonge St, ,11,0,0,0,0.000269823427468972
5901,Hwy 9, ,9,116,137073,413000,0.00978989046234035
5902,Highway 7,Highway 12,7,456,744363,2128000,0.000678916784292801
5903,Garrison Rd,King's Highway 3,3,0,0,0,0.00720597905309591
5904,164 Road,Hwy 23,23,455,1416930,2582000,0.0201184617698116
5905,Highway 28, ,28,212,476220,773000,0.0196539848311078
5906,Highway 3,Talbot Rd,3,178,549014,680000,0.0149045638345551
5907,Hwy 26, ,26,291,270910,887000,0.0102788241067561
5908,King St W, ,2,0,0,0,0.0292728696040712
5909,Highway 23,Hwy 89,23,252,571992,1181000,0.0187557319380861
5910,Highway 66, ,66,55,372971,771000,0.161173216189041
5911,Highway 101, ,101,296,1049683,834000,0.506451720315229
5912,County Road 109,Hwy 9,9,0,0,0,0.0228709194365385
5913,County Road 109,Hwy 9,9,0,0,0,0.000945139214073293
5914,Highway 11,Government Road,11,0,0,0,0.0345535989689343
5915,Regional Road 24, ,24,0,0,0,0.0425302520320901
5916,County Road 3,Talbot Trail,3,0,0,0,0.0356935612664157
5917,Highway 3,King's Highway 3,3,424,2009111,4303000,0.0140337163914023
5918,Highway 3,King's Highway 3,3,424,2009111,4303000,0.00764087276895897
5919,Main St,King's Highway 3,3,354,2274413,4178000,0.0102815293782697
5920,Main St,King's Highway 3,3,354,2274413,4178000,0.0041389221836374
5921,Highway 3,Talbot Rd,3,139,500913,1080000,0.00151571377865864
5922,Regional Road 7, ,7,0,0,0,0.0108389672921166
5923,County Road 3,Talbot Trail,3,0,0,0,0.0133837823605702
5924,Broadway St,King's Highway 19,19,0,0,0,0.00867162245371915
5925,County Road 3,Talbot Trail,3,0,0,0,0.013242540737639
5926,Highway 35,Highway 7b,35,365,80497,224000,0.000862840752427589
5927,Hwy 89, ,89,481,2041744,9518000,0.0157504771198794
5928,County Road 3,Talbot St,3,0,0,0,0.0129670648603832
5929,County Road 3,Talbot Trail,3,0,0,0,0.00304032294173972
5930,County Road 3,Marlborough St S,3,0,0,0,0.00538387088462403
5931,Chatham St S,County Road 3,3,0,0,0,0.00700562247188897
5932,Dundas St W,Hwy 5,5,0,0,0,0.000155438090621361
5933,James St,King's Highway 3,3,440,1044394,3603000,0.0131725865628234
5934,James St,King's Highway 3,3,0,0,0,0.000328891200825006
5935,Yonge St,County Road 1,11,0,0,0,0.00957201578823448
5936,Talbot Line,County Road 3,3,0,0,0,0.000649440539833664
5937,Wellington St W,King's Highway 7,7,0,0,0,0.00910601745594236
5938,10th Avenue, ,571,41,3281,15000,0.0100772207391605
5939,Highway 24, ,24,341,667404,767000,0.000396672408944834
5940,Ramp, ,537,0,0,0,0.001539871149938
5941,Ramp, ,537,0,0,0,0.00149687734041192
5942,County Road 3,Talbot Trail,3,0,0,0,0.0222939031629363
5943,County Road 3,Talbot Trail,3,0,0,0,0.02238508647576
5944,County Road 3,Talbot Trail,3,0,0,0,0.0266597551277776
5945,County Road 17,Hwy 21,21,0,0,0,0.00501602676923092
5946,County Road 17,Hwy 21,21,0,0,0,0.0147220150152048
5947,Hill Rd,County Road 17,21,0,0,0,0.0146860031927164
5948,County Road 17,Hwy 21,21,0,0,0,0.012090270890306
5949,Highway 6,King's Highway 6,6,246,876654,3272000,0.0227242329239637
5950,County Road 3,Talbot Trail,3,0,0,0,0.0224131530908092
5951,Main St S,Highway 10,10,0,0,0,0.006744020025949
5952,Queen St E,Regional Road 107,7,0,0,0,0.00352285840166154
5953,Yonge St, ,11,0,0,0,0.00478280082798689
5954,Hwy 6,King's Highway 6,6,205,805201,1198000,0.0132640186500696
5955,Hwy 6,King's Highway 6,6,205,805201,1198000,0.0134906947281508
5956,Highway 3,Talbot Rd,3,205,653043,672000,0.0586904017714436
5957,Highway 7,Tc Highway,7,456,555938,1362000,0.0155390698275233
5958,County Road 21,Hwy 21,21,0,0,0,0.0143884002420757
5959,Plank Line,King's Highway 19,19,593,2062079,6437000,0.00463850493155889
5960,Danforth Ave,Hwy 5,5,0,0,0,0.00370247616306086
5961,Dundas St E,Regional Road 5,5,0,0,0,0.0176361672564415
5962,Regional Hwy 2,Highway 2,2,0,0,0,0.000656246904747139
5963,Highway 6,Garafraxa St,6,0,0,0,0.00614938613377134
5964,Highway 6,King's Highway 6,6,221,565072,1745000,0.00556441751180436
5965,Highway 6,King's Highway 6,6,221,565072,1745000,0.0168572048724331
5966,Bayfield Rd,King's Highway 21,21,296,422968,1906000,0.00591631346749046
5967,Highway 7, ,7,277,1746913,5253000,0.0169911538731017
5968,Yonge St,County Road 1,11,0,0,0,0.00367604379407085
5969,Main St S,Regional Road 68,48,0,0,0,0.00774394256448257
5970,Trout Lake Road, ,63,0,0,0,0.0109024755454993
5971,County Road 119,King's Highway 7,7,422,2310664,5588000,0.00517921944661522
5972,St Clair Rd,King's Highway 40,40,249,2623791,2870000,0.0151944779176622
5973,St Clair Rd,King's Highway 40,40,255,3047179,3102000,0.014673782987894
5974,County Road 109,Hwy 9,9,0,0,0,0.0140770596971358
5975,10th St W,King's Highway 6,6,0,0,0,0.00289231548312152
5976,Highway 48,King's Highway 48,48,741,273988,857000,0.0220594163383082
5977,Highway 48,King's Highway 48,48,630,273988,857000,0.0173020412189128
5978,Hwy 9, ,9,116,137073,413000,0.00529956471569756
5979,Bayfield St,Hwy 26,11,0,0,0,0.000274487930476751
5980,Hwy 26,Hwy 27,11,0,0,0,0.000253179778027245
5981,Yonge St,Simcoe County Road 4,11,0,0,0,0.013019049472403
5982,Highway 7, ,7,311,2335128,5351000,0.0447183172367112
5983,Woodlawn Rd W,King's Highway 7,7,0,0,0,0.00943214417040582
5984,Highway 21, ,21,205,153929,1042000,0.0149710300507583
5985,Highway 21, ,21,205,153929,1042000,0.000482468898487213
5986,Highway 41, ,41,128,395662,1049000,0.0184672269182919
5987,Highway 21, ,21,284,153929,1042000,0.0164036606572453
5988,Highway 21, ,21,205,153929,1042000,0.0202472241755778
5989,Highway 21, ,21,205,153929,1042000,0.0055070024053199
5990,Yonge St, ,11,0,0,0,0.0115421648366227
5991,Base Line,County Road 21,21,0,0,0,0.0113309096303299
5992,Base Line,County Road 21,21,0,0,0,0.00567066815537557
5993,Irish School Rd,County Road 21,21,0,0,0,0.0253322399440429
5994,Hwy 89, ,89,119,1250348,1026000,0.00448366562218579
5995,Hwy 89, ,89,118,1250348,1026000,0.0172071739293359
5996,Hwy 89, ,89,118,1250348,1026000,0.00362719366619958
5997,Hwy 89, ,89,118,1250348,1026000,0.00546418659455136
5998,Hwy 89, ,89,118,1250348,1026000,0.0204513767587647
5999,Broad St E,King's Highway 3,3,219,1505465,1573000,0.0165208934481049
6000,Industrial Rd,County Road 21,21,0,0,0,0.00283159137413761
6001,Highway 26, ,26,425,4063301,2984000,0.00394320728182524
6002,County Road 21,Hwy 21,21,0,0,0,0.0059190883250943
6003,Hwy 35,King's Highway 35,35,409,1065127,5683000,0.0131363164137703
6004,Hwy 20, ,20,0,0,0,0.00623655277556011
6005,County Road 21,Hwy 21,21,0,0,0,0.0145835081933229
6006,Main St E,Hwy 8,8,0,0,0,0.00115773561143914
6007,County Road 21,Hwy 21,21,0,0,0,0.000574141475599295
6008,Markham Rd, ,48,0,0,0,0.00701234019850528
6009,Highway 6, ,6,916,4189825,15532000,0.0149430837654595
6010,Norfolk St S,Regional Road 24,24,0,0,0,0.012866121014615
6011,Highway 21, ,21,281,103018,755000,0.0203034867430392
6012,Sykes St S,Hwy 26,26,291,270910,887000,0.0127358156043746
6013,Rest Acres Rd,King's Highway 24,24,591,3808925,5150000,0.0190906228973777
6014,Woodlawn Rd W,King's Highway 7,7,0,0,0,0.000741320307303782
6015,Hwy 35,King's Highway 35,35,409,1065127,5683000,0.0129090088781397
6016,Hwy 35,King's Highway 35,35,409,1065127,5683000,0.0136264137411167
6017,Highway 7a, ,7,336,518859,237000,0.00126534935889067
6018,Highway 7a, ,7,336,518859,237000,0.00183013843903039
6019,Hwy 35,Highway 7A,35,311,1105697,2591000,0.000782111245282732
6020,Highway 6,King's Highway 6,6,529,2509778,3428000,0.0109305860742792
6021,Hwy 89, ,89,421,2281203,4093000,0.000678185815215803
6022,County Road 21,Hwy 21,21,0,0,0,0.0037549702664282
6023,County Road 21,Hwy 21,21,0,0,0,0.00120972409422452
6024,County Road 21,Hwy 21,21,0,0,0,0.000174774139966243
6025,Hwy 89, ,89,497,3107686,8875000,0.0184093669710492
6026,County Road 2, ,2,0,0,0,0.0342706170941209
6027,Hwy 26,Highway 26,26,763,5896891,7643000,0.0170570288029306
6028,Becker Road, ,631,67,295833,248000,0.00306767208154526
6029,Hwy 26, ,26,0,0,0,0.00921206432043471
6030,Highway 26, ,26,407,3986747,2932000,0.00347362069543888
6031,Hwy 26,Pretty River Pky,26,0,0,0,0.000180953032609068
6032,Hwy 26, ,26,515,4439514,3321000,0.0164674096297703
6033,Highway 522B, ,522,0,0,0,0.000105261331907502
6034,Highway 60, ,60,325,1849990,1031000,0.00422003832397606
6035,Highway 124, ,124,94,436733,305000,0.0237219992714183
6036,Chapmans Landing Road, ,654,0,0,0,0.000327360657356354
6037,Highway 522B, ,522,20,266516,36000,0.001770446836281
6038,Young St,Hwy 89,89,0,0,0,0.00215909893146996
6039,St Clair Rd,King's Highway 40,40,255,3047179,3102000,0.0149674388617185
6040,Hwy 89, ,89,487,3707685,17007000,0.0024155266246081
6041,St Clair Rd,King's Highway 40,40,249,2623791,2870000,0.014766462995166
6042,Hwy 89, ,89,502,3297323,8928000,0.00455096034766556
6043,Highway 7,Highway 35,35,291,430536,1152000,0.000819538035755531
6044,Hwy 26, ,26,286,823850,3492000,0.00397605883361931
6045,Main St S,King's Highway 21,21,285,479076,1617000,0.0196424211407039
6046,Yonge St, ,11,0,0,0,0.000689774395013807
6047,Hwy 93, ,93,516,1551810,3557000,0.00428525271698242
6048,Yonge St, ,11,0,0,0,0.0127458786629036
6049,Lakeshore Rd,King's Highway 21,21,311,1179748,2488000,0.000726542889332629
6050,Highway 12, ,12,363,811443,998000,0.0142270627325985
6051,Highway 12, ,12,313,145420,1172000,0.00339956264924193
6052,Highway 12, ,12,337,143451,1164000,0.00200899578796229
6053,Base Line,County Road 21,21,0,0,0,0.0167197141691261
6054,Parry Sound Drive, ,124,257,531517,901000,0.00142791594717427
6055,Highway 7, ,7,330,3072119,8779000,0.0836191973612913
6056,Base Line,County Road 21,21,0,0,0,0.0170610617037448
6057,Highway 144, ,144,588,1052299,9575000,0.00647910943606014
6058,Highway 144, ,144,588,798095,702000,0.00508200497106355
6059,Highway 144, ,144,570,807782,766000,0.000960000520853689
6060,Northwest Bypass, ,144,326,1106598,4504000,0.000912285043226655
6061,Forest Rd,King's Highway 21,21,272,479076,1617000,0.00174987570989091
6062,Forest Rd,King's Highway 21,21,272,479076,1617000,0.0125555358180381
6063,Lakeshore Rd,King's Highway 21,21,317,734677,2403000,0.00254376887551845
6064,Lakeshore Rd,King's Highway 21,21,317,734677,2403000,0.00137649225282113
6065,Highway 35, ,35,370,521942,1490000,0.00581279844111313
6066,Ontario Street, ,520,197,16805,15000,0.000145416642785705
6067,Hwy 3,King's Highway 3,3,168,906871,1322000,0.00368715157051443
6068,Highway 7,Highway 35,35,430,444883,1211000,0.0159209484244367
6069,Talbot Rd,King's Highway 3,3,474,889044,1281000,0.00147098271369004
6070,Highway 11, ,11,373,4974924,28845000,0.0899396287815602
6071,Base Line,County Road 21,21,0,0,0,0.00436611667454886
6072,Highway 21, ,21,205,153929,1042000,0.0204438053687152
6073,Highway 21, ,21,205,153929,1042000,0.0186118730425463
6074,Highway 24, ,24,382,713857,1150000,0.0127621449675187
6075,Highway 35, ,35,58,38613,8000,0.022559886112687
6076,Highway 409 W, ,409,4753,11903857,51340000,0.0117939966868994
6077,Hwy 27, ,27,0,0,0,0.000270574363181811
6078,Highway 10, ,10,209,664763,1493000,0.0225338104718591
6079,Dundas St W,Hwy 5,5,893,1498691,1091000,0.000114856432121932
6080,Broadway St,King's Highway 19,19,0,0,0,0.00936972299175072
6081,Hwy 26, ,26,284,198110,612000,0.0168700914985585
6082,Regional Hwy 2,Highway 2,2,0,0,0,0.00153508337100362
6083,Main St E,Regional Road 3,3,195,809858,1935000,0.000540267526325076
6084,Dundas St W,County Road 2,2,0,0,0,0.0201610168517446
6085,Loyalist Pky,County Road 33,33,0,0,0,0.00792408146671163
6086,County Road 3,Talbot Trail,3,0,0,0,0.0237400781485078
6087,Highway 21, ,21,205,153929,1042000,0.019790241600565
6088,Dundas St E,Regional Road 5,5,0,0,0,0.00723728924056306
6089,Base Line,County Road 21,21,0,0,0,0.0142686263783695
6090,Base Line,County Road 21,21,0,0,0,0.00226804985352585
6091,Base Line,County Road 21,21,0,0,0,0.00907322630522027
6092,Base Line,County Road 21,21,0,0,0,0.0155250214403435
6093,Base Line,County Road 21,21,0,0,0,0.00137790747148478
6094,Base Line,County Road 21,21,0,0,0,0.000793076288878085
6095,Bloor St W,Hwy 5,5,0,0,0,0.00149529599544641
6096,Goderich St,King's Highway 21,21,0,0,0,0.00104670339636806
6097,Yonge St, ,11,0,0,0,0.0001829221747511
6098,Highway 7,King's Highway 8,7,1347,3407543,6842000,0.00347629848922593
6099,Rest Acres Rd,King's Highway 24,24,579,3929193,5217000,0.00732599995344911
6100,Dundas St E,Regional Road 5,5,0,0,0,0.00443687142021713
6101,Hwy 35,King's Highway 35,35,405,1230260,5652000,0.00298619192218111
6102,King St W,Tc Hwy,7,269,381714,621000,0.0122130044337013
6103,Woodward Avenue, ,557,0,0,0,0.00196657631684495
6104,Highway 69, ,69,748,9208331,41036000,0.106839175987374
6105,Highway 69, ,69,589,9212803,41070000,0.00465558006548447
6106,Highway 529, ,529,5,9332,18000,0.00118747168218799
6107,Highway 17 & 64, ,17,634,2733549,13433000,0.0190173413391732
6108,3rd Avenue, ,652,852,8476045,30591000,0.00639620132705477
6109,Highway 7,Tc Highway,7,679,530880,1166000,0.00164526385542525
6110,Highway 7,Tc Highway,7,304,323325,595000,0.0122851831348042
6111,Highway 7,Tc Highway,7,499,527844,1274000,0.00109304036156503
6112,Ontario Street, ,520,197,16805,15000,0.00122933853026496
6113,Regional Road 7, ,7,0,0,0,0.000114003184189395
6114,Yonge St,County Road 1,11,0,0,0,0.0073060681918125
6115,King St E,Regional Highway 2,2,0,0,0,0.0011024227201783
6116,King St E,Regional Highway 2,2,0,0,0,0.0101246664617812
6117,Highway 7,Tc Highway,7,493,318840,816000,0.00112570866569086
6118,King St E,Regional Highway 2,2,0,0,0,0.0104316535247734
6119,Talbot Line,County Road 3,3,0,0,0,0.0173511479623808
6120,County Road 109,Hwy 9,9,0,0,0,0.0240716855437968
6121,County Road 109,Hwy 9,9,0,0,0,0.0107246977161925
6122,County Road 2,Highway 2,2,0,0,0,0.0102678582613641
6123,County Road 2,Highway 2,2,0,0,0,0.0100422476912072
6124,Highway 7, ,7,265,1949239,5342000,0.0137420332946792
6125,Highway 15, ,15,270,280233,535000,0.0129026779434332
6126,Highway 15, ,15,270,280233,535000,0.0133813801829262
6127,Highway 15, ,15,268,281431,540000,0.00230473493750909
6128,Queen St E,Regional Road 107,7,0,0,0,0.00893658053641076
6129,Highway 7,Tc Highway,7,304,323325,595000,0.013308326252542
6130,Talbot Rd,King's Highway 3,3,505,2134864,4164000,0.00853076281833053
6131,Hwy 9,Highway 9,9,1108,6774570,8455000,0.00144295703334261
6132,County Road 6, ,6,0,0,0,0.012992571976271
6133,Highway 6, ,6,343,1134213,1712000,0.0212840562404356
6134,Bluewater Hwy,King's Highway 21,21,207,551238,1276000,0.0185910189710004
6135,Cannifton Rd,Highway 37,37,0,0,0,0.00136470949286277
6136,Highway 24, ,24,349,660969,740000,0.0105998096061092
6137,Highway 7, ,7,265,1709566,5213000,0.0435552346903376
6138,Highway 7, ,7,278,1719291,5252000,0.0301836800075942
6139,Highway 77, ,77,285,2242838,10512000,0.000366720967491664
6140,Highway 6,King's Highway 6,6,211,876654,3272000,0.0438009304934843
6141,Highway 6,King's Highway 6,6,246,876654,3272000,0.0203787389999827
6142,Mitchell Line,Hwy 23,23,179,430885,1062000,0.0185174590536896
6143,Highway 6,King's Highway 6,6,211,876654,3272000,0.0195746653456098
6144,County Road 109,Hwy 9,9,0,0,0,0.0175697790763054
6145,County Road 109,Hwy 9,9,0,0,0,0.0133873103391486
6146,County Road 109,Hwy 9,9,0,0,0,0.000585030778679035
6147,County Road 109,Hwy 9,9,0,0,0,0.00392678307775674
6148,County Road 109,Hwy 9,9,0,0,0,0.000605815978682026
6149,Highway 6,King's Highway 6,6,343,1134213,1712000,0.000501063690597425
6150,Highway 6,George St,6,564,1529441,3412000,0.000440113621718703
6151,Plank Line,King's Highway 19,19,587,2000759,6317000,0.00215081450527346
6152,Loudon Rd,King's Highway 4,4,357,674375,869000,0.0185680778006114
6153,Highway 7,Victoria St N,7,411,662300,3175000,0.0112871732446266
6154,Dundas St S,King's Highway 8,8,492,2308949,2897000,0.016467808814331
6155,Hwy 89, ,89,169,1387143,1241000,0.00396709409946125
6156,Victoria St N,King's Highway 7,7,0,0,0,0.0177501900557944
6157,Highway 21,Bluewater Hwy,21,116,127356,416000,0.0183841119022934
6158,Highway 77, ,77,225,1143544,2404000,0.0127141951500193
6159,County Road 109,Hwy 9,9,0,0,0,0.0147889997695081
6160,Highway 6, ,6,339,1187173,1737000,0.0110043520166567
6161,Main St W,Regional Road 3,3,252,618420,1473000,0.000968337935835761
6162,Highway 7,Tc Highway,7,472,2422162,5861000,0.0154714728447201
6163,Regional Road 8,Hwy 8,8,0,0,0,0.0198258661360462
6164,Forest Rd,King's Highway 21,21,0,0,0,0.000156818366277
6165,Highway 40, ,40,253,589362,995000,0.0116261242532683
6166,Highway 40,Mcnaughton Ave,40,0,0,0,0.000209602003801974
6167,Woodlawn Rd W,King's Highway 6,6,0,0,0,0.00166420942193395
6168,Highway 58a, ,58,396,1702051,2030000,0.00197600025355607
6169,Huron Rd,King's Highway 8,8,306,1188208,1387000,0.0237216384919989
6170,Hwy 93,Penetanguishene Rd,93,218,1191411,3260000,0.0152733656036517
6171,Lake  Nosbonsing Road, ,654,194,91215,169000,0.00300927850759721
6172,Highway 17, ,17,407,3664200,20228000,0.0737632405186529
6173,Erie St,King's Highway 7,7,461,788012,2844000,0.0105023573599387
6174,Guelph St,King's Highway 7,7,0,0,0,0.000634616952187469
6175,Highway 655, ,655,295,1684883,3878000,0.0171658797107168
6176,1st Street, ,11,601,5831758,27124000,0.113060713502797
6177,Guelph St,King's Highway 7,7,0,0,0,0.000591571679499755
6178,Forks Rd,King's Highway 3,3,202,1547217,1643000,0.029104969578838
6179,County Road 2,Highway 2,2,0,0,0,0.000470792117587822
6180,Highway 40,Communication Rd,40,410,913606,2195000,0.000847425907059001
6181,Dundas St W,County Road 2,2,0,0,0,0.00337799657543514
6182,Highway 40,Communication Rd,40,472,1300455,4865000,0.0128828786870357
6183,Dundas St E,County Road 2,2,0,0,0,0.00521145933343257
6184,Highway 101, ,101,260,972212,2117000,0.131433957378929
6185,County Road 2,Highway 2,2,0,0,0,0.000420397490483731
6186,Highway 40,Communication Rd,40,466,1280855,4796000,0.0119368320954069
6187,County Road 33,Highway 33,33,0,0,0,0.0134390968298266
6188,County Road 3,Talbot Trail,3,0,0,0,0.0107163468599491
6189,County Road 33,Highway 33,33,0,0,0,0.00173294372341581
6190,Oil Heritage Rd,County Road 21,21,0,0,0,0.0245236207751645
6191,Talbot Trail,County Road 3,3,0,0,0,0.031714442697265
6192,County Road 2, ,2,0,0,0,0.0155831894241338
6193,Highway 77, ,77,225,1143544,2404000,0.0125462382362132
6194,Hwy 9,Davis Drive West,9,0,0,0,0.0238770331965694
6195,164 Road,Hwy 23,23,306,1123580,2407000,0.0201912286646997
6196,Dundas St E,Regional Road 5,5,0,0,0,0.00149386488011526
6197,Queensway W,King's Highway 3,3,0,0,0,0.00743656551262779
6198,County Road 21,Hwy 21,21,0,0,0,0.0149443313889949
6199,Queensway W,King's Highway 3,3,0,0,0,0.00786896398409647
6200,County Road 21,Hwy 21,21,0,0,0,0.0058765852812543
6201,Highway 3,Essex Bypass,3,817,564026,1655000,0.000154323063795167
6202,County Road 21,Hwy 21,21,0,0,0,0.00736993766663945
6203,Norfolk St N,King's Highway 24,24,400,771450,2481000,0.00170413262396203
6204,Highway 3,Concession 1 Rd,3,222,548419,1120000,0.00891713716937828
6205,Broadway St,King's Highway 19,19,0,0,0,0.00123107402542897
6206,Vienna Rd,King's Highway 19,19,0,0,0,0.00285019105696315
6207,Simcoe St,King's Highway 19,19,0,0,0,0.000597725012050002
6208,Hwy 3,King's Highway 3,3,424,2009111,4303000,0.00247022537634651
6209,Regional Road 7, ,7,0,0,0,0.0065059970720935
6210,Highway 3,Essex Bypass,3,846,738085,2714000,0.000658975818976023
6211,Hawthorne Drive, ,534,49,0,0,0.000556397440692048
6212,Main St,King's Highway 3,3,322,1871387,4074000,0.0147233835395037
6213,Kingston Rd,Highway 2,2,0,0,0,0.000207171079035433
6214,Hwy 3,King's Highway 3,3,166,907076,1323000,0.0169331900122173
6215,Highway 3, ,3,455,1051082,3668000,0.0189083244531498
6216,York Rd,King's Highway 7,7,0,0,0,0.00436161023381263
6217,Highway 48,Highway 48,48,706,43479,25000,0.00223982051114028
6218,Highway 77, ,77,539,2237165,2645000,0.0124246364714712
6219,Highway 3 E, ,3,347,474287,742000,0.00196815509346432
6220,Richmond St,King's Highway 4,4,197,162522,333000,0.0137931759858043
6221,Highway 3, ,3,414,521627,829000,0.0221413736042675
6222,Highway 77, ,77,194,1172177,2422000,0.0124301861758287
6223,Huron Rd,King's Highway 8,8,298,445448,83000,0.0159432350561513
6224,Highway 24, ,24,432,2055868,3435000,0.0018278531926222
6225,Karen St, ,4,0,0,0,0.00011499999999387
6226,Wellington Street South, ,118,0,0,0,0.00417480959204365
6227,Forest Rd,King's Highway 21,21,272,479076,1617000,0.0104722937696273
6228,Forest Rd,King's Highway 21,21,272,479076,1617000,0.00164006258356398
6229,Forest Rd,King's Highway 21,21,272,479076,1617000,0.00163206678782266
6230,Highway 3, ,3,533,704971,823000,0.019021149489654
6231,Highway 108, ,108,0,0,0,0.00753491899908771
6232,Brant Rd,King's Highway 24,24,644,1074404,5334000,0.0149990534157479
6233,Regional Road 20,Hwy 20,20,0,0,0,0.0103194728802427
6234,Merritt Road, ,58,0,0,0,0.0115173576327517
6235,Canboro Rd,Regional Road 20,20,0,0,0,0.00549642280853608
6236,Talbot Line,County Road 3,3,0,0,0,0.0279017175996745
6237,Talbot Line,County Road 3,3,0,0,0,0.0394870110156227
6238,Talbot Line,County Road 3,3,0,0,0,0.0261985440871547
6239,Talbot Line,County Road 3,3,0,0,0,0.0217503160209504
6240,Highway 3,Concession 1 Rd,3,210,521134,1113000,0.0006063969892618
6241,Colonel Talbot Rd,King's Highway 4,4,811,1402794,3691000,0.00235207269870423
6242,Regional Road 24, ,24,0,0,0,0.00945093101017724
6243,Hwy 6,King's Highway 6,6,205,805201,1198000,0.0134978763040772
6244,Highway 3,St Thomas Expy,3,271,1203673,3600000,0.00535190433205532
6245,None, ,588,0,0,0,0.00119217467766232
6246,Hwy 6,King's Highway 6,6,428,1380104,3048000,0.00381637157522399
6247,Talbot Line,King's Highway 3,3,558,1228607,4448000,0.00270833417440276
6248,Richmond St,King's Highway 4,4,0,0,0,0.00342323448103561
6249,Richmond St,King's Highway 4,4,0,0,0,7.78212053661297e-05
6250,Talbot Line,King's Highway 3,3,400,1230941,3086000,0.0128166319537113
6251,Talbot Line,King's Highway 3,3,349,1259572,3149000,0.0250321400226973
6252,Talbot St E,King's Highway 3,3,349,1259572,3149000,0.00607402159103017
6253,Talbot Line,King's Highway 3,3,308,1262588,3171000,0.0250688466575603
6254,Talbot Line,King's Highway 3,3,238,1413524,3046000,0.0171104579041109
6255,Highway 17, ,17,407,4798285,34125000,0.0273966736602078
6256,Talbot Line,King's Highway 3,3,307,1382281,3455000,0.0161782602779078
6257,Talbot Line,King's Highway 3,3,302,1199796,3128000,0.0120876885944161
6258,Talbot Line,King's Highway 3,3,238,1413524,3046000,0.000897633809509265
6259,Plank Rd,County Road 19,19,0,0,0,0.00619650643768936
6260,Highway 17, ,17,433,4798285,34125000,0.0050436869212938
6261,Broadway St,King's Highway 19,19,391,2201949,4889000,0.0121090258905581
6262,Plank Line,King's Highway 19,19,454,1913961,6162000,0.00538968580875144
6263,Plank Line,King's Highway 19,19,446,1935398,6156000,0.0175223082058937
6264,Bluewater Hwy,King's Highway 21,21,112,102940,538000,0.0185830417098934
6265,Loudon Rd,King's Highway 4,4,231,674375,869000,0.0185650137879599
6266,Highway 651, ,651,20,0,0,0.00290104482350585
6267,Mitchell Line,Hwy 23,23,179,430885,1062000,0.0175439836777672
6268,Hurontario Street,Highway 10,10,127,236104,427000,0.00117502773752758
6269,Highway 17, ,17,400,4413637,32799000,0.0253101622053204
6270,Cassells Street, ,63,0,0,0,0.000768692774761124
6271,Ontario St S,King's Highway 21,21,311,1179748,2488000,0.0303761177461316
6272,Highway 11, ,11,294,5284899,29105000,0.391600568579571
6273,Yonge St,County Road 1,11,0,0,0,0.00642127787048695
6274,Bluewater Hwy,King's Highway 21,21,207,551238,1276000,0.0165365230283827
6275,Yonge St,County Road 1,11,0,0,0,0.00977557870535125
6276,Yonge St,County Road 1,11,0,0,0,0.00218990348093998
6277,Yonge St,County Road 1,11,0,0,0,0.00865364542860615
6278,Bluewater Hwy,King's Highway 21,21,207,551238,1276000,0.0162788030676199
6279,Bluewater Hwy,King's Highway 21,21,380,1145512,2480000,0.00130819837029602
6280,Highway 618, ,618,0,0,0,0.00144116376587805
6281,Richmond St,King's Highway 4,4,197,162522,333000,0.0305426737164908
6282,Queen St E,Regional Road 7,7,0,0,0,0.00667099859075824
6283,County Road 52,King's Highway 8,8,725,1050588,1903000,0.00337578369030302
6284,Richmond St,King's Highway 4,4,453,202636,316000,0.0135746255857942
6285,Richmond St,King's Highway 4,4,0,0,0,0.0116814750549997
6286,Mitchell Line,Hwy 23,23,179,430885,1062000,0.0195025704965813
6287,Elginfield Rd,King's Highway 7,7,268,393950,1454000,0.0253003121846063
6288,Mitchell Line,Hwy 23,23,179,430885,1062000,0.0185268114447199
6289,Mitchell Line,Hwy 23,23,179,430885,1062000,0.0192332888997859
6290,Elginfield Rd,King's Highway 7,7,268,393950,1454000,0.00305492216431058
6291,Loudon Rd,King's Highway 4,4,259,559969,762000,0.0186252660853627
6292,164 Road,Hwy 23,23,173,454833,1080000,0.020507656258824
6293,Hwy 27, ,27,0,0,0,0.000679576167890262
6294,Victoria St S,King's Highway 21,21,0,0,0,0.00249416759904388
6295,Huron Rd,King's Highway 8,8,0,0,0,0.0086772977842359
6296,Bayfield Rd,King's Highway 21,21,0,0,0,0.00382742446039262
6297,Toronto St,King's Highway 8,8,0,0,0,0.00471965341103705
6298,Highway 21,Bluewater Hwy,21,103,122350,475000,0.0006570486922499
6299,Huron Rd,King's Highway 8,8,248,617207,279000,0.0237368217765492
6300,Huron Rd,King's Highway 8,8,248,617207,279000,0.0237184551891699
6301,Highway 656, ,656,9,0,0,0.00721935521868879
6302,Yonge St,County Road 1,11,0,0,0,0.00666745806208471
6303,Main St N,Regional Road 68,48,0,0,0,0.00173840829611581
6304,Highway 11, ,11,437,10240356,28731000,0.00570722426821743
6305,Highway 522B, ,522,20,266516,36000,0.00193268569606982
6306,Highway 522B, ,522,20,266516,36000,0.000667846602125431
6307,County Road 2, ,2,0,0,0,0.0367766787956104
6308,Oil Heritage Rd,County Road 21,21,0,0,0,0.0277444027146468
6309,Yonge St, ,11,0,0,0,0.000495404471115533
6310,County Road 2, ,2,0,0,0,0.0459852473926619
6311,Lundy's Lane,Regional Road 20,20,0,0,0,0.0116904598920416
6312,Hwy 89, ,89,159,1241936,1019000,0.0251738573928955
6313,Bloor St W,Hwy 5,5,0,0,0,0.00451620865348846
6314,Kingston Rd,Highway 2,2,0,0,0,0.00149222204448049
6315,Yonge St, ,11,0,0,0,0.00169816891681936
6316,Yonge St, ,11,0,0,0,0.00290556663527741
6317,Kingston Rd W,Regional Highway 2,2,0,0,0,0.000541243497862155
6318,Garrison Rd,King's Highway 3,3,383,269336,798000,0.00130687576347827
6319,Bloor St W,Hwy 5,5,0,0,0,0.0038588292633825
6320,Highway 11, ,17,440,2484048,8893000,0.0130852692384961
6321,Sailors Encampment Drive, ,548,15,0,0,0.089812574682171
6322,Highway 48,King's Highway 48,48,762,916845,1035000,0.00178317035640664
6323,Colonel Talbot Rd,King's Highway 4,4,0,0,0,0.00114549679963866
6324,Main St,King's Highway 4,4,0,0,0,0.00883666193988562
6325,Regional Road 7, ,7,0,0,0,0.0202636501778483
6326,Highway 7,Tc Highway,7,327,449292,1268000,0.016716690195745
6327,Highway 10,Highway 10,10,0,0,0,0.0134616581644606
6328,Modeland Rd,King's Highway 40,40,735,4493368,8155000,0.0122294504439225
6329,Ontario Street, ,520,197,16805,15000,0.000242639650502372
6330,County Road 109,Hwy 9,9,0,0,0,0.00960277629646853
6331,Talbot Line,King's Highway 3,3,394,1199492,2966000,0.0231875571964938
6332,County Road 1, ,11,0,0,0,0.0250582432623499
6333,Lansdowne St W, ,115,0,0,0,0.00717614240036072
6334,Highway 7, ,7,642,292167,941000,0.0232888612887921
6335,Highway 7, ,7,646,292167,941000,0.0137409517434374
6336,County Road 109,Hwy 9,9,0,0,0,0.0047594760997428
6337,County Road 109,Hwy 9,9,0,0,0,0.00427198801943956
6338,County Road 109,Hwy 9,9,0,0,0,0.0133111056948886
6339,Goderich St W,King's Highway 8,8,0,0,0,0.0103426698755988
6340,Highway 48,King's Highway 48,48,380,956262,721000,0.0155993591729267
6341,Highway 48,King's Highway 48,48,380,956262,721000,0.00161625528985036
6342,Highway 28, ,28,212,476220,773000,0.0324269128774828
6343,Highway 7, ,7,261,1679106,5191000,0.0166553683823825
6344,County Road 49,Highway 49,49,83,66251,12000,0.00202585829515669
6345,County Road 41, ,41,0,0,0,0.0045517478427257
6346,Hwy 60, ,60,255,1144889,1729000,0.00624140676791971
6347,Princess St, ,2,0,0,0,0.00970843753517631
6348,Highway 15, ,15,387,281431,540000,0.0244026932921039
6349,Tc Hwy,King's Highway 17,17,673,4523192,21815000,0.022512830248243
6350,County Road 2, ,2,0,0,0,0.00535238612222337
6351,Pembroke St W, ,148,0,0,0,0.0119798245119851
6352,Highway 48,King's Highway 48,48,677,55009,56000,0.0178710752577809
6353,County Road 17,Hwy 21,21,0,0,0,0.000163003067487487
6354,Highway 7a, ,7,339,518859,237000,0.0168656844101448
6355,Kingston Rd,Regional Highway 2,2,0,0,0,0.000840859105926752
6356,Kingston Rd,Regional Highway 2,2,0,0,0,0.000156999999965673
6357,Highway 35,Highway 35,35,256,371712,239000,0.000876502139170043
6358,Regional Road 5,Hwy 5,5,983,199418,11000,0.00134494868453857
6359,Regional Road 5,Hwy 5,5,718,96412,382000,0.00104711367102856
6360,Winchester Rd W,King's Highway 7,7,986,95580,289000,0.00369071680655148
6361,Highway 7, ,7,786,334006,653000,0.010108151230275
6362,County Road 2,Highway 2,2,0,0,0,0.0115534376648038
6363,Highway 17, ,17,258,2505854,14734000,0.0534913354949201
6364,Tc Hwy, ,17,528,4768793,20205000,0.00122771488384785
6365,Frankford Rd,County Road 33,33,0,0,0,0.0017306929248254
6366,Hwy 89, ,89,468,1468712,11311000,0.00508551156207271
6367,Hwy 89, ,89,468,1468712,11311000,9.00277734993568e-05
6368,Hwy 89, ,89,0,0,0,0.000145040401273802
6369,Highway 7a, ,7,460,838659,818000,0.000388293703268091
6370,Yonge St,Simcoe County Road 4,11,0,0,0,0.0127312703427742
6371,Yonge St,Simcoe County Road 4,11,0,0,0,0.00261632127232626
6372,Yonge St,Simcoe County Road 4,11,0,0,0,0.0126893990066155
6373,Yonge St,Simcoe County Road 4,11,0,0,0,0.0119737800093558
6374,Yonge St,Simcoe County Road 4,11,0,0,0,0.012574711555853
6375,Hwy 9,Davis Drive West,9,0,0,0,0.0212357667008836
6376,Highway 7, ,7,278,1748659,5261000,0.0165766370996188
6377,Loyalist Pky,County Road 33,33,0,0,0,0.00228377341260934
6378,Highway 28, ,28,289,590805,152000,0.000751472964222454
6379,Highway 118, ,118,0,0,0,0.00609308141662033
6380,Highway 12, ,12,1029,2258546,3036000,0.0169747111134292
6381,Hwy 37, ,37,394,1453345,5000000,0.00171494338270468
6382,Highway 7, ,7,272,1840375,4996000,0.00288663956979228
6383,Highway 62, ,62,290,259924,882000,0.00204721427897923
6384,Highway 62, ,62,290,259924,882000,0.00142141326505555
6385,Highway 62, ,62,290,259924,882000,0.000892216778572449
6386,Hwy 89, ,89,476,3737450,17011000,0.00239868928959068
6387,Hwy 37, ,37,227,1444398,4928000,0.00414953844836116
6388,Regional Road 7,Highway 7,7,0,0,0,0.00610567156244173
6389,Main St N,Highway 10,10,0,0,0,0.0117904930872428
6390,County Road 3,Hwy 89,89,0,0,0,0.0377310728763399
6391,Hwy 89,89 Hwy,89,468,1468712,11311000,0.00743822431524836
6392,Hwy 9,Davis Drive West,9,0,0,0,0.0161954703926431
6393,Tc Hwy, ,17,494,4122943,12145000,0.00110702890663232
6394,Tc Hwy, ,17,528,4768793,20205000,0.00100259419403931
6395,County Road 2, ,2,0,0,0,0.0203013492865291
6396,Highway 28, ,28,279,380462,680000,0.0290259403659998
6397,Guelph St,King's Highway 7,7,0,0,0,0.000645842635608015
6398,Causley Street, ,17,570,6706821,38450000,0.00415154735634867
6399,Hwy 34, ,34,443,1469009,2325000,0.00011073808998378
6400,Highway 11, ,11,512,6061996,29353000,0.00816591497257742
6401,Highway 11, ,11,512,6061996,29353000,0.028382575353951
6402,Highway 3,Concession 1 Rd,3,222,548419,1120000,0.00127303928457364
6403,Lundy's Lane,Regional Road 20,20,0,0,0,0.00137605032467735
6404,Tc Hwy, ,17,519,3426437,15720000,0.0668598546273873
6405,County Road 2,Highway 2,2,0,0,0,0.000984322101754252
6406,Dundas St,Regional Road 5,5,718,96412,382000,0.00258512707613478
6407,Tc Hwy,King's Highway 17,17,548,4607864,21862000,0.0196545119034978
6408,Hwy 6,King's Highway 6,6,159,0,0,0.0108627024250827
6409,Highway 7, ,7,633,2583103,7214000,0.00149700617963932
6410,Yonge St,Simcoe County Road 4,11,0,0,0,0.00500851574945833
6411,County Road 2, ,2,0,0,0,0.00147082349183854
6412,Centre St N,County Road 41,41,0,0,0,0.0036410991063009
6413,County Road 41, ,41,0,0,0,0.00621041498272273
6414,Yonge St, ,11,0,0,0,0.0184601203870471
6415,Yonge St, ,11,0,0,0,0.00402417943691103
6416,Hwy 41, ,41,94,260852,948000,0.00205193788939546
6417,Hwy 41,Walford Rd,41,182,91024,356000,0.0212143867582616
6418,William St,County Road 2,2,0,0,0,0.0121512290893498
6419,Cannifton Pky,Highway 37,37,0,0,0,0.000917005186426024
6420,Hurontario St,Highway 10,10,0,0,0,0.000659357262801684
6421,Main St W,Hwy 8,8,0,0,0,0.00422191590587794
6422,Main St W,Hwy 8,8,0,0,0,0.00031915200140156
6423,Main St W,Hwy 8,8,4596,13821154,42724000,0.000907218133647788
6424,Highway 588, ,588,27,29434,2000,0.0836301818895633
6425,Highway 17 E, ,17,1042,2780500,13497000,0.0451643068525639
6426,Highway 3 E,S Talbot Rd,3,347,474287,742000,0.00618894325620161
6427,St Clair St,King's Highway 40,40,0,0,0,0.0148346408857081
6428,St Clair Rd,King's Highway 40,40,249,2623791,2870000,0.014790556267444
6429,St Clair St,King's Highway 40,40,0,0,0,0.0113200966056046
6430,St Clair St,King's Highway 40,40,0,0,0,0.0147950053767636
6431,County Road 3,Talbot Trail,3,0,0,0,0.000751720062477247
6432,County Road 3,Talbot Trail,3,0,0,0,0.000397453499375184
6433,Base Line,County Road 21,21,0,0,0,0.017123387081742
6434,County Road 21,Hwy 21,21,0,0,0,0.0138329030350012
6435,Highway 17, ,17,434,4618076,33525000,0.0238672394639021
6436,Base Line,County Road 21,21,0,0,0,0.0127666854434452
6437,Base Line,County Road 21,21,0,0,0,0.00429451568908397
6438,Oil Heritage Road Hwy,County Road 21,21,0,0,0,0.0260350545967661
6439,Oil Heritage Rd,County Road 21,21,0,0,0,0.0120777568084603
6440,Oil Heritage Rd,County Road 21,21,0,0,0,0.0122445041395288
6441,Oil Heritage Rd,County Road 21,21,0,0,0,0.0245057184001088
6442,Oil Heritage Rd,County Road 21,21,0,0,0,0.0123248688124505
6443,County Road 21,Oil Heritage Rd,21,0,0,0,0.00126120873689742
6444,Lakeshore Rd,King's Highway 21,21,311,1179748,2488000,0.000693349784716255
6445,County Road 21,Hwy 21,21,0,0,0,0.00368632060135372
6446,Hwy 9, ,9,920,4331739,6467000,0.00696892683087958
6447,County Road 2,Highway 2,2,0,0,0,0.0127428192023575
6448,Hwy 62, ,62,205,234654,379000,0.023694261906942
6449,Dundas St W,County Road 2,2,0,0,0,0.000471580321952473
6450,Dundas St,Regional Road 5,5,983,199418,11000,0.00657865650692073
6451,Highway 518, ,518,140,8416,18000,0.000922102488910687
6452,Dundas St W,Regional Road 5,5,0,0,0,0.0106586895119053
6453,Highway 7, ,7,307,3110936,8843000,0.00685240756556415
6454,Highway 41, ,41,133,395662,1049000,0.0783447232304512
6455,Highway 7a, ,7,342,518859,237000,0.000386855270055388
6456,Elginfield Rd,King's Highway 7,7,172,393950,1454000,0.0164187673851923
6457,Dundas St E,County Road 2,2,0,0,0,0.0165661374053749
6458,Highway 17, ,17,112,0,0,0.0304474491938944
6459,Hwy 62, ,62,252,192779,631000,0.0122193971638324
6460,County Road 2,Highway 2,2,0,0,0,0.013623273468996
6461,Warren St,County Road 21,21,0,0,0,0.00478737505778368
6462,Highway 17, ,17,112,0,0,0.0367273985235509
6463,Highway 15, ,15,276,381369,935000,0.0106420778200965
6464,Kingston Rd, ,2,0,0,0,0.0610290221459322
6465,County Road 31,Hwy 93,93,0,0,0,0.0212031916331444
6466,County Road 31,Hwy 93,93,0,0,0,0.000492760591001257
6467,County Road 31,Hwy 93,93,0,0,0,0.000138621095058182
6468,Wharncliffe Rd S,King's Highway 4,4,0,0,0,0.00439253130168639
6469,Hurontario St,Hwy 10,10,1026,7641823,9612000,0.03335327078617
6470,Dundas St E,Regional Road 5,5,0,0,0,0.00418814266522142
6471,Dundas St E,Regional Road 5,5,0,0,0,0.0057601668415169
6472,Plank Line,King's Highway 19,19,454,1913961,6162000,0.0126323022142391
6473,Hurontario St,Hwy 10,10,943,7727152,9298000,0.0199549643860328
6474,Highway 7, ,7,799,1191794,2917000,0.00773283772995568
6475,27th Sideroad,King's Highway 7,7,529,336951,946000,0.0145165026959697
6476,Highway 15, ,15,166,202254,479000,0.0167373608884944
6477,Highway 10,Hwy 24,10,568,2769582,4225000,0.027693762071089
6478,Tc Hwy, ,17,518,3426468,15721000,0.0329211718109987
6479,Hwy 20, ,20,0,0,0,0.00511809870362646
6480,Highway 15, ,15,276,381369,935000,0.0261504124488504
6481,Kingston Rd, ,2,0,0,0,0.0283567725306947
6482,Highway 15, ,15,276,381369,935000,0.0307594996263701
6483,Highway 12, ,12,370,439998,626000,0.00125783756583811
6484,King St E,Tc Hwy,7,0,0,0,0.00712264120296581
6485,Hwy 8,Queenston Rd,8,0,0,0,0.0104422044479122
6486,Highway 21,Bluewater Hwy,21,177,302761,542000,0.0152792679845562
6487,Victoria St N,King's Highway 21,21,0,0,0,0.00242205284827603
6488,Kingston Rd, ,2,0,0,0,0.0525571624068343
6489,Hwy 8,Queenston Rd,8,0,0,0,0.0105471872209719
6490,Highway 7,Tc Highway,7,504,545870,1334000,0.0145300773353421
6491,Hwy 23,164 Road,23,280,1565498,3078000,0.0022323713029981
6492,County Road 119,King's Highway 7,7,422,2310664,5588000,0.00129346937571604
6493,Yonge St, ,11,0,0,0,0.00141695250524804
6494,County Road 2,Highway 2,2,0,0,0,0.0156636446851205
6495,County Road 33,Highway 33,33,0,0,0,0.00141526237353985
6496,Highway 7, ,7,265,1949239,5342000,0.01528463507634
6497,Highway 15, ,15,275,381369,935000,0.010381107060694
6498,Bovaird Dr W,King's Highway 7,7,0,0,0,0.00716924890875848
6499,Main St N,Highway 10,10,0,0,0,0.0116636042742378
6500,Hwy 9,Highway 9,9,1094,3351391,5157000,0.00729755680378327
6501,Forks Rd,King's Highway 3,3,194,361301,935000,0.0100952808833196
6502,164 Road,Hwy 23,23,357,1164671,2398000,0.0207484789298108
6503,Highway 15, ,15,266,361043,616000,0.00532070818742783
6504,County Road 2, ,2,0,0,0,0.0402236209275311
6505,Highway 69, ,69,14,77425,324000,0.000619534357359842
6506,Highway 69, ,69,639,9208331,41036000,0.0262537240628461
6507,Highway 69, ,69,639,9208331,41036000,0.000983246154313013
6508,County Road 2, ,2,112,131253,351000,0.000202785601043063
6509,Highway 518, ,518,19,9909,179000,0.00100807282278573
6510,Causley Street, ,17,577,6754407,40515000,0.00111751417171883
6511,Highway 17, ,17,242,105517,69000,0.0020738664373593
6512,Causley Street, ,17,402,4408270,24649000,0.000651605313062763
6513,Lawton Avenue, ,557,0,0,0,0.00284194035829218
6514,Highway 12, ,12,1029,2258546,3036000,0.000806504288869948
6515,Highway 12, ,12,955,598553,1365000,0.0166839359219727
6516,Highway 12, ,12,642,645749,1391000,0.00810950071415117
6517,Secord Road, ,7042,11,12779,300000,0.00251735992059972
6518,Secord Road, ,7042,11,12779,300000,0.000792729504929768
6519,Secord Road, ,7042,11,1452,6000,0.00117910151810991
6520,Ramp, ,537,0,0,0,0.000210060852151612
6521,Ramp, ,537,68,34042,200000,0.00171514223908826
6522,Highway 144, ,144,534,1010981,9501000,0.0567221615790129
6523,Bridge St, ,15,0,0,0,0.00290967791169799
6524,Highway 7, ,7,633,2583103,7214000,0.00557805191051363
6525,Regional Road 20,Hwy 20,20,0,0,0,0.0133388892713206
6526,Hwy 9,County Road 4,9,254,188139,829000,0.0215287067512957
6527,Kincardine Hwy,County Road 4,9,406,157429,721000,0.00322830524578851
6528,Highway 21, ,21,241,125241,803000,0.016620908908625
6529,Highway 21, ,21,241,125241,803000,0.00875217535242333
6530,Bloor St W,Hwy 5,5,0,0,0,0.00333141172236535
6531,Highway 21, ,21,241,125241,803000,0.0159036832136354
6532,Highway 21, ,21,241,125241,803000,0.00947787101908899
6533,Highway 21, ,21,239,125596,804000,0.0101335968506343
6534,Canboro Rd,Regional Road 20,20,0,0,0,0.00856406645880516
6535,Main St,King's Highway 3,3,354,2274413,4178000,0.000222766694116259
6536,Highway 7, ,7,331,912429,2639000,0.0154692086649923
6537,Colonel Talbot Rd,King's Highway 4,4,0,0,0,0.00114215449042008
6538,Highway 10,Hwy 24,10,707,3967188,4454000,0.00194526617561927
6539,Dundas St W,Hwy 5,5,0,0,0,0.00647357329598287
6540,Dundas St W,Hwy 5,5,0,0,0,0.000703568759959686
6541,Simcoe County Road 4,Yonge St,11,0,0,0,0.0126450692328216
6542,Woodbine Ave,Highway 2,2,0,0,0,0.00560142681592746
6543,Highway 3,Talbot Rd,3,169,370647,584000,0.0444407350512575
6544,Hwy 6,King's Highway 6,6,428,1380104,3048000,0.0196873264969532
6545,Regional Road 7, ,7,0,0,0,0.00461474257286763
6546,County Road 2,Highway 2,2,0,0,0,0.0356842586661096
6547,Toronto Rd,County Road 2,2,0,0,0,0.00812163750938521
6548,County Road 2,Highway 2,2,0,0,0,0.0102756780871107
6549,Peter St,County Road 2,2,0,0,0,0.010008927858817
6550,County Road 2,Highway 2,2,0,0,0,0.020369743656812
6551,County Road 2,Highway 2,2,0,0,0,0.015080833018901
6552,County Road 2,Highway 2,2,0,0,0,0.014878180441703
6553,Talbot Rd,King's Highway 3,3,328,1711194,3007000,0.0165283849337138
6554,County Road 2,Highway 2,2,0,0,0,0.00748052125144654
6555,County Road 2,Highway 2,2,0,0,0,0.00187265601166006
6556,County Road 2,Highway 2,2,0,0,0,0.00552873644982424
6557,County Road 2,Highway 2,2,0,0,0,0.0147213412078942
6558,County Road 2,Highway 2,2,0,0,0,0.00735893568722163
6559,County Road 2,Highway 2,2,0,0,0,0.0111075450696193
6560,County Road 2,Highway 2,2,0,0,0,0.00483969323534769
6561,Regional Hwy 2,Highway 2,2,0,0,0,0.0030722318766354
6562,County Road 2, ,2,0,0,0,0.058556284501172
6563,Woodlawn Rd W,King's Highway 6,6,0,0,0,0.0118555175457058
6564,Highway 17, ,17,620,730831,2268000,0.0159237432648392
6565,Highway 11, ,11,107,52706,15000,0.156415444413327
6566,St Clair Street, ,17,0,0,0,0.0100110131839843
6567,None, ,600,0,0,0,9.83514107604129e-05
6568,Highway 11, ,11,46,652194,53000,0.00219940324954747
6569,Main St,King's Highway 3,3,424,2009111,4303000,0.0094709414214004
6570,Highway 71, ,71,107,1493613,786000,0.165901293519615
6571,Highway 11,3rd Street West,11,0,0,0,0.000757445398665702
6572,Hwy 89, ,89,160,1242160,1019000,0.0237892565948824
6573,Highway 17, ,17,651,7031771,38537000,0.0650089994166411
6574,Highway 11, ,17,221,6349842,8650000,0.029413114852994
6575,Highway 17, ,17,0,0,0,0.00170104921211142
6576,Highway 17, ,17,0,0,0,0.000402799399255111
6577,Highway 17 & 64, ,17,634,2730593,13430000,0.00503723336463568
6578,Front Street, ,17,0,0,0,0.00214451411886011
6579,Highway 599, ,599,26,485869,554000,0.00239529300879955
6580,Hwy 6,Main St N,6,278,1380104,3048000,0.0157945545007975
6581,Hwy 6,Main St S,6,205,805201,1198000,0.0157872311350286
6582,County Road 2,Highway 2,2,0,0,0,0.0157341148835737
6583,None, ,527,0,0,0,0.000847580778488676
6584,Bridge St,King's Highway 6,6,0,0,0,0.00286537979547965
6585,Highway 590, ,590,67,830380,387000,0.0742065867407231
6586,Hurontario St,Highway 10,10,0,0,0,0.00767532224108876
6587,Talbot Line,County Road 3,3,0,0,0,0.0222056970288862
6588,Highway 17, ,17,407,4798285,34125000,0.0411207047090314
6589,Highway 21, ,21,281,218888,1159000,0.01544675524285
6590,Dundas St W,Regional Road 5,5,0,0,0,0.000143401534163782
6591,Hwy 89, ,89,159,1241936,1019000,0.0165672158515589
6592,Highway 21, ,21,205,153929,1042000,0.00161510834064326
6593,Highway 21, ,21,281,218888,1159000,0.0203658599044361
6594,Highway 21, ,21,281,218888,1159000,0.020223062293764
6595,7th Line,Hwy 89,89,481,2041744,9518000,0.0016711246895698
6596,2nd Line East, ,550,0,0,0,0.0163411043943619
6597,Hwy 89, ,89,935,1567476,4102000,0.0129468924193288
6598,Owen Sound St,Hwy 10,10,389,1356100,2612000,0.0131439499746268
6599,Church Street East, ,638,25,0,0,0.022844031607822
6600,Highway 6, ,6,400,1923289,6113000,0.000267884303371426
6601,Highway 6, ,6,427,1906673,6097000,0.000243186315415856
6602,Ranger Lake Road, ,556,10,66049,178000,0.00285840722709615
6603,Highway 12, ,12,797,1913975,2722000,0.0261768415071945
6604,Highway 48,King's Highway 48,48,0,0,0,0.00844984378953925
6605,Regional Road 46 S,King's Highway 6,6,786,4218844,15414000,0.000108811764079347
6606,Highway 17, ,17,433,4798285,34125000,0.0122613472573738
6607,Highway 3, ,3,239,381906,679000,0.0280381635878761
6608,Highway 77, ,77,207,1028219,2188000,0.00522172794271867
6609,Hwy 26, ,26,265,142427,210000,0.0342494804884664
6610,Highway 77, ,77,225,1143544,2404000,0.0126407425544773
6611,Highway 77, ,77,193,1161706,2414000,0.0123725492257286
6612,Highway 77, ,77,228,1161706,2414000,0.0126153297753583
6613,Highway 77, ,77,194,1172177,2422000,0.0124447970290394
6614,Hwy 5,Dundas St W,5,885,1474783,1118000,0.000650201339620157
6615,Highway 547, ,547,16,30950,37000,0.00552000729499804
6616,Hurontario Street,Highway 10,10,127,236104,427000,0.00965146442605486
6617,Hurontario Street,Highway 10,10,245,1155288,1254000,0.000156130128183917
6618,Hurontario Street,Highway 10,10,127,236104,427000,0.000198092549096292
6619,Peter St,County Road 2,2,0,0,0,0.00604180350160537
6620,Dunlop St W,Hwy 27,11,0,0,0,0.00423604169573815
6621,Highway 6,King's Highway 6,6,894,2710464,4152000,0.00762914117670662
6622,County Road 2, ,2,112,131253,351000,0.000640346715413348
6623,Garrison Rd,King's Highway 3,3,367,269336,798000,0.01638099500002
6624,Highway 77,County Road 8,77,216,1280351,2616000,0.0301015441916898
6625,Hwy 6,King's Highway 6,6,531,1987035,3288000,0.021581139289882
6626,Highway 518, ,518,140,8416,18000,0.00271630747334723
6627,Dundas St W,Regional Road 5,5,0,0,0,0.00978388949711224
6628,Highway 7, ,7,370,1008002,3825000,0.0244869557254835
6629,Hwy 60, ,60,168,383086,1092000,0.0151657230661579
6630,Hwy 60, ,60,170,327311,1050000,0.0161499069974807
6631,Hwy 26, ,26,277,823850,3492000,0.00154914135632392
6632,Tc Hwy, ,17,473,4262114,16369000,0.0297316642033791
6633,Tc Hwy, ,17,473,4262114,16369000,0.019621923573098
6634,Stewart St, ,60,230,246358,765000,0.00868941130225158
6635,Tc Hwy, ,17,413,4180797,16131000,0.0105837500281504
6636,Tc Hwy,King's Highway 17,17,484,3276100,15377000,0.00512404799220495
6637,Highway  631, ,631,55,428381,69000,0.029034571425619
6638,Broadway,Hwy 9,9,0,0,0,0.00606596931325804
6639,Broadway,Hwy 9,9,0,0,0,0.00199068279744247
6640,Hwy 148, ,148,519,75831,40000,0.0147571462140258
6641,Hwy 148, ,148,519,75831,40000,0.00818077121033617
6642,William St,County Road 2,2,0,0,0,0.00453915139653628
6643,Hwy 89, ,89,159,1241936,1019000,0.00635034034601882
6644,Woodbine Ave,Highway 2,2,0,0,0,0.00261535755721391
6645,Danforth Ave,Hwy 5,5,0,0,0,0.0110439955170213
6646,Danforth Ave,Hwy 5,5,0,0,0,0.0112328027327753
6647,Dundas St E,Hwy 5,5,0,0,0,0.00881497147178458
6648,Regional Road 20,Hwy 20,20,0,0,0,0.00988314645984014
6649,Highway 12, ,12,363,811443,998000,0.00319746132860748
6650,Highway 12, ,12,420,1913975,2722000,0.00238720851081524
6651,Forks Rd,King's Highway 3,3,194,361301,935000,0.0100078784758787
6652,Hwy 41, ,41,107,76370,325000,0.0371345094959388
6653,County Road 31,Hwy 93,93,0,0,0,0.0211083742542464
6654,Highway 7, ,7,540,2596278,7474000,0.00438493064030419
6655,Highway 15, ,15,313,220317,9049000,0.00282536023012573
6656,Highway 15, ,15,313,220317,9049000,0.00823523542902434
6657,Highway 7,Tc Highway,7,608,530880,1166000,0.00148539754004199
6658,Hwy 9,Highway 9,9,1198,4934321,6564000,0.0251162093473027
6659,Hwy 9, ,9,153,67009,145000,0.0239325616103935
6660,Sugar Loaf St,King's Highway 3,3,166,907076,1323000,0.00119364986492253
6661,Forks Rd,King's Highway 3,3,191,356244,925000,0.0199886637912211
6662,Highway 144, ,144,570,807782,766000,0.00522000139465493
6663,Elora St,Hwy 9,9,116,137073,413000,0.023292119268561
6664,Hwy 3,King's Highway 3,3,189,905037,1318000,0.0101503060507265
6665,Highway 11, ,11,104,52706,15000,0.128310496344115
6666,Lakeview Drive, ,17,0,0,0,0.0272977180135714
6667,2nd Street South, ,17,0,0,0,0.00270411681773687
6668,Highway 61, ,61,468,503693,1220000,0.00044104081446109
6669,Highway 61, ,61,49,580090,1855000,0.00356510956439496
6670,Highway 599, ,599,24,485869,554000,0.00129837321288872
6671,Highway 11, ,17,465,2827956,12156000,0.0256890288748302
6672,Highway 24, ,24,341,667404,767000,0.00174602742359739
6673,Highway 24, ,24,341,667404,767000,0.000405434335024868
6674,Hwy 6,King's Highway 6,6,278,1380104,3048000,0.0119011930997523
6675,Highway 3 E,S Talbot Rd,3,470,800379,1185000,0.0163462845750631
6676,Highway 3, ,3,347,474287,742000,0.0171470572554773
6677,Highway 3,Talbot Rd E,3,0,0,0,0.00283939746565457
6678,Highway 3, ,3,181,521377,880000,0.02064886121207
6679,Highway 3, ,3,181,521377,880000,0.023921162213948
6680,York Rd,King's Highway 7,7,0,0,0,0.0111724802842315
6681,Highway 77, ,77,194,1172177,2422000,0.00894401264264792
6682,Highway 77,County Road 8,77,216,1280351,2616000,0.00195914595321789
6683,County Road 2,Highway 2,2,0,0,0,0.000619542573245661
6684,County Road 2,Highway 2,2,0,0,0,0.00724446149013063
6685,Talbot Rd E,County Road 34,3,0,0,0,0.0263802772007511
6686,County Road 41, ,41,0,0,0,0.00945345647075719
6687,County Road 41, ,41,0,0,0,0.00934197226827812
6688,Talbot Rd E,County Road 34,3,0,0,0,0.0262921430758683
6689,Highway 17, ,17,138,730831,2268000,0.0132841000235154
6690,Bloor St W,Hwy 5,5,0,0,0,0.00302469802856357
6691,Cornelia St E, ,15,0,0,0,0.00269372975629853
6692,Elmsley St N, ,15,0,0,0,0.00453868539292184
6693,Highway 17, ,17,528,4471950,32933000,0.0157326545392762
6694,Highway 17, ,17,527,4480247,32817000,0.0345353963341128
6695,Lombard St, ,15,0,0,0,0.00466366878154986
6696,Talbot St E,King's Highway 3,3,0,0,0,0.00294869515313025
6697,Talbot Rd,King's Highway 3,3,474,889044,1281000,0.0222723828531157
6698,Highway 7, ,7,633,2583103,7214000,0.000723249117537541
6699,Highway 6, ,6,1533,10845265,28596000,0.000274235887543296
6700,Highway 48,King's Highway 48,48,427,55138,56000,0.00898897947490488
6701,County Road 2,Highway 2,2,0,0,0,0.000101867561055272
6702,Garrison Rd,King's Highway 3,3,383,269336,798000,0.0118889690917431
6703,Garrison Rd,King's Highway 3,3,367,269336,798000,0.0102756163550744
6704,Forest Rd,King's Highway 21,21,285,479076,1617000,0.0228728163177732
6705,Forest Rd,King's Highway 21,21,272,479076,1617000,0.022773827508159
6706,Regional Road 24, ,24,0,0,0,0.0136602274097728
6707,Forest Rd,King's Highway 21,21,272,479076,1617000,0.0084069025109157
6708,Forest Rd,King's Highway 21,21,272,479076,1617000,0.000967434782302249
6709,Forest Rd,King's Highway 21,21,272,479076,1617000,0.00127586715611754
6710,Dundas St,Regional Road 5,5,983,199418,11000,0.00449473265547747
6711,King St E,King's Highway 21,21,0,0,0,0.00990674661007946
6712,Osler Dr,Hwy 8,8,0,0,0,0.00128132669836834
6713,Main St W,Hwy 8,8,0,0,0,0.00467740619721237
6714,Rawlings Rd,King's Highway 21,21,326,398442,1440000,0.0149454303167857
6715,Hwy 26,Hwy 27,26,372,1010460,3769000,0.00600735515848709
6716,County Road 27,Hwy 26,26,372,1010460,3769000,0.00239360870113294
6717,Hwy 26, ,26,286,823850,3492000,0.00280333055177218
6718,Danforth Ave,Hwy 5,5,0,0,0,0.00247877132144791
6719,Highway 28, ,28,302,322255,528000,0.0117388053891457
6720,Tc Hwy, ,17,866,4957282,20515000,0.0265265393099312
6721,164 Road,Hwy 23,23,455,1416930,2582000,0.0101722361820889
6722,Highway 12, ,12,399,149216,1201000,0.00126572139270578
6723,Highway 11,Government Road,11,0,0,0,0.0099792857629171
6724,Regional Hwy 2,Highway 2,2,0,0,0,0.00126516664280252
6725,Highway 11, ,17,357,6191729,8601000,0.0756369110048039
6726,Bloor St E,Hwy 5,5,0,0,0,0.00237714639853901
6727,Yonge St, ,11,0,0,0,0.000403635974584404
6728,Hurontario St,Hwy 10,10,1321,7556361,9299000,0.0332653062057541
6729,Bloor St E,Hwy 5,5,0,0,0,0.00120469124672317
6730,Bloor St W,Hwy 5,5,0,0,0,0.00331736335963424
6731,Bloor St W,Hwy 5,5,0,0,0,0.0012295212865684
6732,Highway 61, ,61,598,975979,3866000,0.00256612567892905
6733,Highway 7,Highway 12,7,721,409043,779000,0.0084225066993606
6734,Kent St W,King's Highway 35,35,365,80497,224000,0.000611897844440882
6735,Hwy 62, ,62,305,192779,631000,0.0133346343589892
6736,Hwy 62, ,62,305,192779,631000,0.0100426029722539
6737,King St E,Regional Highway 2,2,0,0,0,0.00340389339113556
6738,Highway 21,Bluewater Hwy,21,243,165416,1719000,0.00643451773659775
6739,Bloor St W,Hwy 5,5,0,0,0,0.00755308787011939
6740,Hwy 62, ,62,305,192779,631000,0.00393230292951822
6741,Hwy 62, ,62,205,234654,379000,0.0384045267401342
6742,Highway 7, ,7,261,1679106,5191000,0.00458982810833052
6743,St. Lawrence St W, ,62,0,0,0,0.00144679576994208
6744,Hwy 37, ,37,243,1425327,4904000,0.0143204008211956
6745,County Road 49,Highway 49,49,631,324482,1484000,0.0101546454353959
6746,County Road 2,Highway 2,2,0,0,0,0.000662725433378784
6747,Bloor St W,Hwy 5,5,0,0,0,0.00410622124927531
6748,Highway 6,King's Highway 6,6,272,495233,1912000,0.0169526615290691
6749,Regional Hwy 2,Highway 2,2,0,0,0,0.00153439210637058
6750,Regional Hwy 2,Highway 2,2,0,0,0,0.0106782531324845
6751,King St E,Regional Highway 2,2,0,0,0,0.00735825875678726
6752,Yonge St, ,11,0,0,0,0.000786084258842009
6753,Norfolk St N,Regional Road 24,24,0,0,0,0.00304654497493685
6754,Highway 11,Highway 17,17,602,7148579,37699000,0.0276459782925554
6755,Dawson Road, ,102,0,0,0,0.00310548099238805
6756,County Road 2,Highway 2,2,0,0,0,0.0146263694311743
6757,Highway 11,Highway 17,17,637,7126228,37699000,0.00158436378261759
6758,County Road 2,Highway 2,2,0,0,0,0.00501136462190474
6759,Holland St E, ,11,0,0,0,0.00756019954989163
6760,Portage Road, ,48,0,0,0,0.0527797618911743
6761,Yonge St, ,11,0,0,0,0.0018713101154257
6762,Yonge St, ,11,0,0,0,0.00133851260732472
6763,Yonge St, ,11,0,0,0,0.000106549584700058
6764,Yonge St, ,11,0,0,0,0.0017925741267928
6765,Bloor St W,Hwy 5,5,0,0,0,0.00143306419952166
6766,Yonge St, ,11,0,0,0,0.00292977677237928
6767,Yonge St, ,11,0,0,0,0.000734833062719605
6768,Yonge St, ,11,0,0,0,0.00141128310408139
6769,County Road 31,Hwy 93,93,0,0,0,0.0211091298004622
6770,County Road 2,Highway 2,2,0,0,0,0.000226134915481811
6771,2nd Line West, ,550,0,0,0,0.0210026560701214
6772,2nd Line West, ,550,0,0,0,0.00531678923225135
6773,2nd Line West, ,550,0,0,0,0.0104594378860607
6774,2nd Line East, ,17,0,0,0,0.0266414936264765
6775,Great Northern Road, ,17,0,0,0,0.0149402848402021
6776,Highway 17, ,17,433,4798285,34125000,0.00351357320085446
6777,Trunk Road, ,17,0,0,0,0.00875861363893147
6778,Hwy 9,County Road 4,9,180,169596,776000,0.000731010805711466
6779,Highway 101, ,101,29,52032,121000,0.0776225512759223
6780,Highway 101, ,101,327,419187,1047000,0.00732672450073165
6781,Highway 48,King's Highway 48,48,380,956262,721000,0.00211062763177861
6782,Bloor St W,Hwy 5,5,0,0,0,0.00483064732969701
6783,Bloor St E,Hwy 5,5,0,0,0,0.0026001276745265
6784,Yonge St, ,11,0,0,0,0.00285270803481361
6785,Yonge St, ,11,0,0,0,0.00160255882886371
6786,Bloor St E,Hwy 5,5,0,0,0,0.00107917839120387
6787,Highway 48,Highway 48,48,614,907663,666000,0.000974459333190867
6788,Yonge St, ,11,0,0,0,0.00132327019161396
6789,Yonge St, ,11,0,0,0,0.00176280735358971
6790,Yonge St, ,11,0,0,0,0.000755270150326083
6791,County Road 109,Hwy 9,9,0,0,0,0.00969160936778853
6792,County Road 109,Hwy 9,9,0,0,0,0.00376067176151699
6793,County Road 109,Hwy 9,9,0,0,0,0.00123734982040153
6794,Highway 12, ,12,507,1445074,1548000,0.0218482174079401
6795,Yonge St, ,11,0,0,0,0.00278813908369623
6796,2nd Line West, ,550,83,8143,5000,0.0201391087984341
6797,2nd Line West, ,550,70,0,0,0.00585326104038728
6798,Highway 118 W, ,118,0,0,0,0.000842617557344351
6799,None, ,118,0,0,0,0.0141436329817075
6800,Highway 12,Tc Hwy,12,168,684116,1664000,0.0133676302793674
6801,Highway 7,Tc Highway,7,547,375070,398000,0.00120014870081154
6802,County Road 2, ,2,0,0,0,0.01042422711085
6803,County Road 2, ,2,0,0,0,0.0127386324163312
6804,Main St N,Regional Road 68,48,0,0,0,0.00341509799972988
6805,Kingston Rd,Highway 2,2,0,0,0,0.00217893207789469
6806,Highway 7,Highway 12,7,371,566249,1148000,0.00103010824478553
6807,County Road 41, ,41,0,0,0,0.012351819863571
6808,County Road 41, ,41,0,0,0,0.0267262059515474
6809,Highway 7a,Scugog St,7,460,838659,818000,0.00281273839944259
6810,Regional Hwy 2,Highway 2,2,0,0,0,0.0134017411414548
6811,Kingston Rd W,Regional Highway 2,2,0,0,0,0.00510834711311922
6812,County Road 41, ,41,0,0,0,0.00576507889039353
6813,County Road 41, ,41,0,0,0,0.00455508456128253
6814,County Road 41, ,41,0,0,0,0.00503679220303234
6815,County Road 41, ,41,0,0,0,0.0202010035183442
6816,County Road 41, ,41,0,0,0,0.0142402932100843
6817,Tc Hwy,King's Highway 12,12,174,684116,1664000,0.0130637398169195
6818,164 Road,Hwy 23,23,357,1164671,2398000,0.020794107362124
6819,Yonge St, ,11,0,0,0,0.0060788576731098
6820,Yonge St,County Road 1,11,0,0,0,0.00416495764518659
6821,Yonge St,County Road 1,11,0,0,0,0.00472290196342044
6822,Bovaird Dr W,King's Highway 7,7,0,0,0,0.011248473015379
6823,Highway 35,King's Highway 35,35,256,371712,239000,0.0231843278510122
6824,Yonge St,County Road 1,11,0,0,0,0.0187077039174745
6825,Yonge St,County Road 1,11,0,0,0,0.00928909712858448
6826,Kingston Rd,Regional Highway 2,2,0,0,0,0.00234799619547367
6827,Richmond St,King's Highway 4,4,0,0,0,0.000474127619946912
6828,Regional Hwy 2,Highway 2,2,0,0,0,0.00119504309543175
6829,Highway 15, ,15,275,381369,935000,0.000634233032855958
6830,Highway 141, ,141,921,8683421,29326000,0.00166341822228927
6831,Highway 7, ,7,646,292167,941000,0.000798979935924394
6832,Highway 8,Hwy 8,8,0,0,0,0.011883112329504
6833,Ontario Street, ,520,197,16805,15000,0.0016196234438912
6834,Ferguson Road, ,520,434,9562319,27945000,0.000612434486276487
6835,Hwy 62,King's Highway 62,62,272,127015,594000,0.0111460902910955
6836,Highway 15, ,15,275,381369,935000,0.000588687523229982
6837,Regional Road 20,Hwy 20,20,0,0,0,0.00112214437574647
6838,Highway 522B, ,522,0,0,0,0.0027285350933924
6839,Highway 534, ,534,40,2159,24000,0.000204978047626683
6840,Highway 7,Highway 12,7,721,409043,779000,0.00464205517890036
6841,Baldwin St N,King's Highway 7,7,721,409043,779000,7.11763443928078e-05
6842,Highway 7,Highway 12,7,721,409043,779000,0.000508008864065085
6843,County Road 109,Hwy 9,9,0,0,0,0.0192405893690687
6844,Yonge St, ,11,0,0,0,0.00170794145097859
6845,Yonge St,Simcoe County Road 4,11,0,0,0,0.0121596891706727
6846,Yonge St,Simcoe County Road 4,11,0,0,0,0.00763519769013768
6847,County Road 3,Talbot Trail,3,0,0,0,0.0129598221571574
6848,Hwy 7a, ,7,406,478924,184000,0.0237606053574221
6849,Tc Hwy,King's Highway 7,7,0,0,0,0.0003436291605769
6850,King St W,Tc Hwy,7,0,0,0,0.00487408260725271
6851,Tc Hwy,King's Highway 7,7,547,375070,398000,0.00103238461821931
6852,Highway 7,Tc Highway,7,361,321444,590000,0.0024140458388356
6853,County Road 41, ,41,0,0,0,0.0110521594354962
6854,Highway 28, ,28,286,396246,744000,0.00304737126485775
6855,Highway 118, ,118,213,289375,139000,0.0387783625204331
6856,Yonge St, ,11,0,0,0,0.000157470257498828
6857,Yonge St, ,11,0,0,0,0.00219516644196785
6858,Highway 12, ,12,242,439998,626000,0.000739393655621644
6859,Yonge St, ,11,0,0,0,0.00430091669323821
6860,Hwy 26,Hwy 27,26,368,1237366,3763000,0.00532683160464943
6861,Guelph St,King's Highway 7,7,935,917566,3459000,0.0227036015948368
6862,Victoria St,King's Highway 4,4,0,0,0,0.00531656227220341
6863,Danforth Ave,Hwy 5,5,0,0,0,0.00245636437646657
6864,Broadway,Hwy 9,9,0,0,0,0.000107935165754925
6865,Highway 24, ,24,341,667404,767000,0.0130454745196675
6866,Highway 24, ,24,376,697381,1119000,0.0128678535720209
6867,Highway 24, ,24,376,697381,1119000,0.0108461348711558
6868,Huron Rd,King's Highway 8,8,279,521957,216000,0.0226572888769507
6869,Hwy 62, ,62,305,192779,631000,0.0129818317077613
6870,Highway 6,King's Highway 6,6,221,565072,1745000,0.0173340918351115
6871,Canboro Rd,Regional Road 20,20,0,0,0,0.0113372956906584
6872,Dundas St W,Hwy 5,5,0,0,0,0.000262819329549993
6873,Hwy 35,King's Highway 35,35,226,628026,2407000,0.0289996738358939
6874,County Road 2,Highway 2,2,0,0,0,0.00921879148719769
6875,Dundas St,King's Highway 8,8,0,0,0,0.000943965785427446
6876,Huron Rd,King's Highway 8,8,279,521957,216000,0.0101109868785123
6877,Vincent Massey Dr, ,2,0,0,0,0.00236252857719846
6878,Highway 7,Tc Highway,7,240,75738,934000,0.0164973597891335
6879,Highway 6, ,6,643,3836107,14792000,0.0146399921407539
6880,Kincardine Hwy,County Road 4,9,406,157429,721000,0.00588140078706691
6881,Highway 655, ,655,366,1659377,3682000,0.0397148374346413
6882,Highway 10, ,10,209,664763,1493000,0.023222708036431
6883,Highway 69, ,69,759,9163555,40847000,0.0980067592993812
6884,County Road 2, ,2,3923,46180401,174595000,0.000713815802552674
6885,Huron Rd,King's Highway 8,8,303,475333,136000,0.0131258089082758
6886,Highway 7,Tc Highway,7,945,2625247,6670000,0.00176254588590167
6887,Merritt Rd,Hwy 58,58,0,0,0,0.00151055552033749
6888,Talbot Rd,King's Highway 3,3,503,899765,1374000,0.00189884859849698
6889,County Road 2,Highway 2,2,0,0,0,0.0181701768919081
6890,Broad St E,King's Highway 3,3,219,1505465,1573000,0.00215337412345229
6891,Highway 48,King's Highway 48,48,594,918083,697000,0.0185613864989235
6892,Opeongo Line, ,60,0,0,0,0.0113051323720014
6893,Talbot Line,King's Highway 3,3,394,1199492,2966000,0.0021726050571445
6894,Highway 48,King's Highway 48,48,600,907663,666000,0.0163940515968268
6895,Hwy 7a, ,7,406,478924,184000,0.0325326689674308
6896,Highway 10, ,10,209,664763,1493000,0.000922837757151086
6897,Highway 10, ,10,209,664763,1493000,0.00160164158102627
6898,Highway 7,Tc Highway,7,304,323325,595000,0.00119639582995952
6899,Highway 48,King's Highway 48,48,837,273988,857000,0.0204696560907957
6900,Highway 7,Tc Highway,7,475,2422162,5861000,0.0166618898360162
6901,County Road 3,Talbot Trail,3,0,0,0,0.0140354463332251
6902,Sunset Rd,King's Highway 4,4,494,1394799,5282000,0.0135659732551383
6903,Highway 6,King's Highway 6,6,235,222977,1432000,0.0183878746708671
6904,Highway 6,Berford St,6,0,0,0,0.0109633036356393
6905,Wharncliffe Rd S,King's Highway 4,4,0,0,0,0.0250133932818452
6906,County Road 3,Talbot Trail,3,0,0,0,0.0237742226725323
6907,County Road 3,Talbot Trail,3,0,0,0,0.0232342140896081
6908,Highway 10, ,10,356,869254,2018000,0.0229452171921456
6909,Talbot Line,King's Highway 3,3,349,1272643,3221000,0.0319490093514859
6910,Forks Rd,King's Highway 3,3,194,361301,935000,0.000132015150653389
6911,Highway 10, ,10,356,869254,2018000,0.022970609373014
6912,164 Road,Hwy 23,23,173,454833,1080000,0.0190604351579964
6913,County Road 21,Hwy 21,21,0,0,0,0.00329079424183123
6914,Main St W,King's Highway 3,3,252,618420,1473000,0.0108224248735974
6915,Hwy 23,164 Road,23,280,1541550,3060000,0.00197723189992107
6916,Highway 11,Central Avenue,11,0,0,0,0.00152696960541484
6917,Yonge St, ,11,0,0,0,0.0031302531846584
6918,Main St W,Regional Road 3,3,189,761503,1665000,0.00822235418115443
6919,Talbot Line,County Road 3,3,0,0,0,0.0131811400383916
6920,Yonge St, ,11,0,0,0,0.00252774148202957
6921,Regional Road 24, ,24,0,0,0,0.0287316864536163
6922,Highway 6,King's Highway 6,6,272,495233,1912000,0.0169166429784241
6923,County Road 109,Hwy 9,9,0,0,0,0.00580347703000696
6924,Highway 10,Hwy 24,10,586,2769461,4224000,0.0276507120163906
6925,Regional Road 20,Hwy 20,20,0,0,0,0.0261655245862713
6926,King St W,Highway 8,8,0,0,0,0.000627250951345896
6927,Highway 7, ,7,307,3110936,8843000,0.0151154216323985
6928,Highway 77, ,77,285,2242838,10512000,0.00270256415275282
6929,Yonge St, ,11,0,0,0,0.00286984772591746
6930,Hwy 20, ,20,0,0,0,0.0011710789196386
6931,Main St W,Hwy 8,8,0,0,0,0.0113647034083488
6932,County Road 109,Hwy 9,9,0,0,0,0.00206919621056865
6933,Division St,County Road 33,33,0,0,0,0.000656694929192528
6934,County Road 33,Highway 33,33,0,0,0,0.000354189214928698
6935,Highway 7,Tc Highway,7,687,2421350,5860000,0.0167535687672506
6936,Dundas St W,Hwy 5,5,0,0,0,0.000684131566299214
6937,Hwy 9,Highway 9,9,1094,3351391,5157000,0.00460303064078112
6938,Highway 6,King's Highway 6,6,583,290778,1448000,0.00952828530106052
6939,Highway 12, ,12,412,699069,812000,0.000144837840339565
6940,Highway 12, ,12,412,699069,812000,0.00153481262570468
6941,Highway 141, ,141,143,39544,107000,0.00217783074747802
6942,Main St E,Hwy 10,10,0,0,0,0.00118846539706553
6943,Monteith Road, ,577,35,388634,212000,0.0950845457289651
6944,Hwy 9,Highway 9,9,1098,3351391,5157000,0.00692799819920376
6945,Hwy 9,Highway 9,9,1198,4934321,6564000,0.00606818048628224
6946,Regional Road 54,Hwy 58,58,0,0,0,0.00294511890461809
6947,Main St E,King's Highway 3,3,217,572452,1190000,0.0104541665615322
6948,Hwy 140, ,140,406,523911,1372000,0.0173982907084739
6949,Pinnacle St,King's Highway 62,62,0,0,0,0.0032116034873645
6950,Highway 62, ,62,319,203698,735000,0.00354310736049285
6951,Hwy 62,King's Highway 62,62,319,203698,735000,0.000308183386974551
6952,Pinnacle St,King's Highway 62,62,0,0,0,0.00305399956777729
6953,Hwy 62, ,62,192,125139,587000,0.00712904731079412
6954,Highway 7, ,7,271,2090688,5254000,0.0110243944703576
6955,Highway 7, ,7,307,3110936,8843000,0.0101865755921304
6956,Hwy 37, ,37,223,1444398,4928000,0.00558452248454948
6957,Hwy 89, ,89,118,1250348,1026000,0.0156939925770198
6958,Hwy 37, ,37,236,1425327,4904000,0.00704415405581884
6959,Hwy 62,King's Highway 62,62,192,67584,699000,0.00796526007312001
6960,Main St E,Hwy 8,8,0,0,0,0.010046358596845
6961,Highway 7, ,7,366,3420542,9839000,0.0105544671968526
6962,Hwy 8,Queenston Rd,8,0,0,0,0.00462197029802953
6963,Queenston Rd,Hwy 8,8,0,0,0,0.00718018897593705
6964,County Road 2,Highway 2,2,0,0,0,0.01508068793506
6965,County Road 41,Highway 41,41,0,0,0,0.00266072596975563
6966,Highway 20 E,Regional Road 20,20,0,0,0,0.00228105182401561
6967,Highway 20 E,Regional Road 20,20,0,0,0,0.0103165178819812
6968,Regional Road 20,Hwy 20,20,0,0,0,0.0146501460487679
6969,County Road 2,Highway 2,2,0,0,0,0.00178834252870491
6970,Hwy 8,Queenston Rd,8,0,0,0,0.0106876587130994
6971,Hwy 8,Queenston Rd,8,0,0,0,0.00603919091351851
6972,Yonge St, ,11,0,0,0,0.00285052174938505
6973,Yonge St, ,11,0,0,0,0.000780862343836462
6974,Tc Hwy, ,17,472,4217426,16126000,0.0211716431023494
6975,41 Hwy, ,41,94,260852,948000,0.0133074447472669
6976,Hwy 41,Walford Rd,41,142,76370,325000,0.0192331581670287
6977,Hwy 60, ,60,230,246358,765000,0.00554519645819579
6978,Highway 15, ,15,275,381369,935000,0.00100973709451661
6979,Highway 15, ,15,279,361043,616000,0.0141652714548775
6980,County Road 2, ,2,112,131253,351000,0.000679824406718676
6981,Thorold Rd W,Hwy 58,58,0,0,0,0.006970046493434
6982,Highway 6, ,6,643,3836107,14792000,0.0105573993540019
6983,Highway 6,King's Highway 6,6,643,3836107,14792000,0.00475465162086732
6984,Dundas St E,Regional Road 5,5,0,0,0,0.0172756925722513
6985,Hwy 33, ,33,88,204258,45000,0.000432949516689253
6986,Highway 15, ,15,157,202254,479000,0.0225873713709224
6987,Highway 15, ,15,153,360116,607000,0.00649448764814566
6988,Highway 15, ,15,270,280233,535000,0.00324398001388195
6989,Highway 7, ,7,397,3075238,8786000,0.0136783903849944
6990,Highway 7, ,7,397,3075238,8786000,0.00164923558051786
6991,Highway 101, ,101,67,524613,1385000,0.198505493318911
6992,Hwy 41, ,41,182,91024,356000,0.0161513870968204
6993,Bruham Ave,County Road 58,148,0,0,0,0.0156716621238089
6994,County Road 58,Highway 62,62,0,0,0,0.00979381862065565
6995,County Road 58,Hwy 148,148,0,0,0,0.0159253863675102
6996,Tc Hwy,King's Highway 17,17,676,4523192,21815000,0.00154820573564431
6997,County Road 2, ,2,0,0,0,0.0217243704737435
6998,County Road 2, ,2,0,0,0,0.0179817220095082
6999,Danforth Ave,Hwy 5,5,0,0,0,0.00898013931424712
7000,Pembroke St W, ,148,0,0,0,0.00626939126851326
7001,Tc Hwy,King's Highway 17,17,396,4500963,21670000,0.0183590039262683
7002,Tc Hwy,King's Highway 17,17,548,4607864,21862000,0.000715186894460194
7003,Tc Hwy,King's Highway 17,17,396,4500963,21670000,0.00091575765569983
7004,Tc Hwy,King's Highway 17,17,396,4500963,21670000,0.00032782377890338
7005,Garrison Rd,King's Highway 3,3,0,0,0,0.00455932514391834
7006,Hurontario St,Highway 10,10,0,0,0,0.00235609189130588
7007,Talbot Line,County Road 3,3,0,0,0,0.0394454513392872
7008,Talbot Line,County Road 3,3,0,0,0,0.0394710847705345
7009,Regional Road 5,Hwy 5,5,0,0,0,0.00564111418981122
7010,Talbot Line,County Road 3,3,0,0,0,0.0215087913639435
7011,Regional Road 7, ,7,0,0,0,0.00513327550834757
7012,Hwy 3,Talbot Rd,3,424,2009111,4303000,0.0101207227060049
7013,Talbot Line,County Road 3,3,0,0,0,0.0215021029019135
7014,Talbot Line,County Road 3,3,0,0,0,0.0136716650442112
7015,Talbot Line,County Road 3,3,0,0,0,0.0111401881009035
7016,Colonel Talbot Rd,King's Highway 4,4,724,1817159,5305000,0.00574229664613167
7017,Colonel Talbot Rd,King's Highway 4,4,811,1402794,3691000,7.90757484806873e-05
7018,Colonel Talbot Rd,King's Highway 4,4,724,1817159,5305000,0.012497989601962
7019,Government Road, ,66,51,287209,521000,0.00547165864630162
7020,Dundas St W,Hwy 5,5,893,1498691,1091000,0.026786446779979
7021,Colonel Talbot Rd,King's Highway 4,4,0,0,0,0.0156089283998571
7022,Colonel Talbot Rd,King's Highway 4,4,0,0,0,0.00186077629284359
7023,Colonel Talbot Rd,King's Highway 4,4,0,0,0,0.00113459948882358
7024,Colonel Talbot Rd,King's Highway 4,4,0,0,0,0.000912509178054411
7025,Colonel Talbot Rd,King's Highway 4,4,0,0,0,0.000142863571251893
7026,Colonel Talbot Rd,King's Highway 4,4,0,0,0,0.00593036207698022
7027,Wharncliffe Rd S,King's Highway 4,4,0,0,0,0.0128828722499785
7028,Hwy 62,King's Highway 62,62,238,192779,631000,0.00148525217787429
7029,Hwy 62,King's Highway 62,62,192,125139,587000,0.0118022230071372
7030,North Front St N,King's Highway 62,62,0,0,0,0.0128146199134483
7031,Hwy 37, ,37,369,2772236,5983000,0.00147797137720037
7032,Wharncliffe Rd S,King's Highway 4,4,0,0,0,0.000652754811590268
7033,Hwy 12,Tc Hwy,12,276,960046,2175000,0.0124977781966149
7034,Regional Road 24, ,24,0,0,0,0.0019232676942882
7035,Highway 24, ,24,341,667404,767000,0.0108114010734858
7036,Dundas St E,Hwy 5,5,0,0,0,0.0254714738556204
7037,Kingston Rd,Highway 2,2,0,0,0,0.009912267518896
7038,Hwy 6,King's Highway 6,6,205,805201,1198000,0.0162969467977819
7039,Hwy 6,King's Highway 6,6,428,1380104,3048000,0.00498747289798603
7040,Grand Ave E,County Road 2,40,0,0,0,0.0332595578909602
7041,Mill St E,King's Highway 7,7,0,0,0,0.00710197310302736
7042,Hwy 26, ,26,291,270910,887000,0.00962506971210466
7043,County Road 109,Hwy 9,9,0,0,0,0.0156833028849524
7044,Highway 621, ,621,18,2633,3000,0.0136517242194527
7045,None, ,621,0,0,0,0.000226504737263638
7046,County Road 2, ,2,0,0,0,0.0346370469317942
7047,County Road 109,Hwy 9,9,0,0,0,0.018873446102689
7048,County Road 109,Hwy 9,9,0,0,0,0.00213649427989035
7049,Highway 6,King's Highway 6,6,272,495233,1912000,0.0169136048947013
7050,Sunset Rd,County Road 4,4,0,0,0,0.0145493949170024
7051,Hwy 8,Queenston Rd,8,0,0,0,0.0102025550516713
7052,Plank Rd,County Road 19,19,0,0,0,0.0338442671938505
7053,Lundy's Lane,Regional Road 20,20,0,0,0,0.0113358327257822
7054,Ferry St, ,20,0,0,0,0.0078192195881844
7055,Highway 48,King's Highway 48,48,427,55138,56000,0.000577955880714896
7056,County Road 119,King's Highway 7,7,488,2441071,5702000,0.019493466825905
7057,Dundas St S,King's Highway 8,8,492,2308949,2897000,0.0225724598668406
7058,Vincent Massey Dr, ,2,0,0,0,0.00102556278109315
7059,Sunset Rd,County Road 4,4,0,0,0,0.00433992552829325
7060,Dundas St S,King's Highway 8,8,508,876329,1647000,0.0117912770683556
7061,Broadway,Hwy 9,9,0,0,0,0.00400110487436616
7062,Broadway,Hwy 9,9,0,0,0,0.00539401401185464
7063,Highway 28, ,28,289,590805,152000,0.0188802763648412
7064,Kingston Rd,Regional Highway 2,2,0,0,0,0.00137427081975011
7065,Highway 77, ,77,285,2242838,10512000,0.00271297419816186
7066,Atherley Road, ,12,487,1056719,898000,0.00557017839698656
7067,Highway 118, ,118,162,30804,35000,0.00551183893378225
7068,Sunset Rd,County Road 4,4,0,0,0,0.01397230927135
7069,Sunset Rd,County Road 4,4,0,0,0,0.000902141895708332
7070,Sunset Rd,County Road 4,4,0,0,0,0.0142215747912336
7071,Kent St W,King's Highway 35,35,365,80497,224000,0.00618851005464067
7072,Yonge St, ,11,0,0,0,0.00191131197555799
7073,Hwy 89,Church St,89,507,1498350,11378000,0.0379783295174243
7074,Hwy 9,Highway 9,9,1181,5058379,6669000,0.0183206040149413
7075,Highway 8,Hwy 8,8,0,0,0,0.0100923940372638
7076,Highway 7, ,7,531,2610748,7474000,0.0116345621459309
7077,Highway 7, ,7,406,2596278,7474000,0.0156590175476033
7078,Highway 7, ,7,406,2596278,7474000,0.00447044642063538
7079,Highway 7, ,7,540,2596278,7474000,0.00347620334618353
7080,Highway 7, ,7,397,1189807,6822000,0.0157005775575035
7081,Hwy 9, ,9,920,4331739,6467000,0.0147713335433443
7082,Highway 10,Hwy 9,10,962,6657130,10362000,0.00161157710149619
7083,Hwy 9, ,9,919,4329188,6457000,0.00613801388282449
7084,Hwy 37, ,37,187,1523926,4049000,0.00830073888449514
7085,Tc Hwy,King's Highway 17,17,541,4643663,21998000,0.0217044984989994
7086,Mackay St,Highway 41,41,0,0,0,0.00392264745270366
7087,Hwy 9, ,9,153,67009,145000,0.00444313777328496
7088,Hwy 9, ,9,153,67009,145000,0.0240350003794546
7089,Hwy 20, ,20,0,0,0,0.00976513099480314
7090,Highway 7, ,7,278,1748659,5261000,0.00841642756474164
7091,Hwy 26, ,26,286,823850,3492000,0.0202386928661306
7092,Queen St E,Regional Road 107,7,0,0,0,0.00195821910927106
7093,Queen St E,Regional Road 107,7,0,0,0,0.00717866086005781
7094,Highway 15, ,15,415,207607,9020000,0.00786501938810678
7095,Highway 118 W, ,118,0,0,0,0.000111401508088103
7096,Highway 118 W, ,118,162,30804,35000,0.000496614466175317
7097,Highway 10, ,10,395,1364201,2610000,0.0226100456905534
7098,Highway 7,Victoria St N,7,411,662300,3175000,0.0190002911702228
7099,Dundas St W,Hwy 5,5,893,1498691,1091000,0.0232993611485696
7100,Dundas St,King's Highway 8,8,2775,534504,987000,0.00701413103467993
7101,Hwy 9,Highway 9,9,1163,7361092,17566000,0.0033418579987901
7102,Dundas St,King's Highway 8,8,0,0,0,0.00896537614066729
7103,Highway 599, ,599,23,485869,554000,0.0198933758016631
7104,Highway 7a,Scugog St,7,460,838659,818000,0.0106076571514805
7105,Hwy 35,King's Highway 35,35,413,1065127,5683000,0.0141399314334107
7106,Highway 21, ,21,241,125241,803000,0.0314677976528457
7107,Hwy 9,Highway 9,9,1163,7361092,17566000,0.00538045967031817
7108,Dundas St S,King's Highway 8,8,508,876329,1647000,0.00782303511230439
7109,King St E,King's Highway 8,8,3297,1123089,2665000,0.00566673571540788
7110,Coronation Blvd,King's Highway 8,8,3217,1141633,2705000,0.000370094582487536
7111,Hwy 89, ,89,633,2042667,9524000,0.00152208179806911
7112,Muskoka 10 Road, ,141,0,0,0,0.000213284184581648
7113,Highway 7,Tc Highway,7,944,2639018,6786000,0.0172388099611513
7114,Yonge St, ,11,0,0,0,0.00116478269215908
7115,Highway 7,Tc Highway,7,687,2421350,5860000,0.00536333545519448
7116,Highway 3, ,3,583,889044,1281000,0.00552446923605261
7117,St Clair Rd,King's Highway 40,40,342,3345689,3107000,0.0140904978697273
7118,Wellington Main St,County Road 33,33,0,0,0,0.0236441393561634
7119,Loyalist Pky,County Road 33,33,0,0,0,0.00230306646013908
7120,Loyalist Pky,County Road 33,33,0,0,0,0.00409199836020038
7121,Loyalist Pky,County Road 33,33,0,0,0,0.00176873224883858
7122,Loyalist Pky,County Road 33,33,0,0,0,0.0447137363219776
7123,Bloomfield Main St,Highway 33,33,0,0,0,0.00602781281394436
7124,Bridge St,Highway 33,33,0,0,0,0.00411000483125499
7125,Hwy 33,Picton Main St,33,75,105477,594000,0.0294856742732932
7126,Hwy 33,Picton Main St,33,0,0,0,0.0123032610372057
7127,Tc Hwy, ,17,627,4957282,20515000,0.0521435293674949
7128,County Road 33, ,33,0,0,0,0.00988820680689681
7129,County Road 2,Highway 2,2,0,0,0,0.0266171413247701
7130,Broadway,Hwy 9,9,0,0,0,0.00865200194545217
7131,Broadway,Hwy 9,9,0,0,0,0.0025883873222278
7132,Hwy 62, ,62,307,192779,631000,0.00660472641686774
7133,Highway 7, ,7,275,2279560,5351000,0.00613596178188853
7134,County Road 2,Highway 2,2,0,0,0,0.0044801566887271
7135,County Road 2,Highway 2,2,0,0,0,0.00263846294795514
7136,Highway 8, ,8,194,322238,690000,0.0237466106309619
7137,Hwy 37, ,37,0,0,0,0.00645905145199898
7138,Hwy 37, ,37,213,1328068,4789000,0.00863499432810912
7139,County Road 2, ,2,0,0,0,0.0150671180939696
7140,Tc Hwy,King's Highway 17,17,500,3293761,15422000,0.0407731852112857
7141,Hwy 9, ,9,920,4331739,6467000,0.0118824006156772
7142,Broadway,Hwy 9,9,0,0,0,0.00660282380105058
7143,O'brien Rd, ,60,0,0,0,0.00767115439735812
7144,O'brien Rd, ,60,289,975139,3282000,0.00181780277755771
7145,County Road 3,Talbot Trail,3,0,0,0,0.0115949001313334
7146,Highway 35,Highway 35,35,233,628026,2407000,0.00102695131335887
7147,County Road 2, ,2,0,0,0,0.000209060206669249
7148,County Road 2, ,2,0,0,0,0.000126909416525334
7149,Highway 7, ,7,272,1840375,4996000,0.0326005708478142
7150,Highway 15, ,15,270,280233,535000,0.0191484700991757
7151,Highway 15, ,15,126,194137,410000,0.000466182262639861
7152,Highway 7, ,7,540,2596278,7474000,0.0191047148276809
7153,First St,Hwy 26,26,0,0,0,0.00121565208840629
7154,Richmond St,King's Highway 4,4,0,0,0,0.00605400655370773
7155,Elginfield Rd,King's Highway 7,7,172,393950,1454000,0.0159127570656921
7156,County Road 4,Hwy 4,4,0,0,0,0.00462543356586351
7157,Highway 518, ,518,6,9909,179000,0.154331369693934
7158,Elginfield Rd,King's Highway 7,7,172,393950,1454000,0.0129942992490967
7159,Elginfield Rd,King's Highway 7,7,172,393950,1454000,0.00324857459481436
7160,Elginfield Rd,King's Highway 7,7,205,402922,1508000,0.00804638154191872
7161,Dufferin Ave,King's Highway 40,40,280,647784,1057000,0.0222453845465676
7162,Murray St,King's Highway 40,40,0,0,0,0.00593122640139048
7163,Dufferin Ave,King's Highway 40,40,292,3122067,2642000,0.00106022727747083
7164,Highway 546, ,546,30,139108,139000,0.0960823759261413
7165,Highway 40, ,40,269,2788430,2481000,0.00070413921071037
7166,Elginfield Rd,King's Highway 7,7,206,1334742,2678000,0.0146149905217232
7167,Highway 8, ,8,297,643096,990000,0.0236030384694885
7168,164 Road,Hwy 23,23,280,1541550,3060000,0.0207122264808542
7169,Murray St,King's Highway 40,40,0,0,0,0.000658366678985266
7170,Regional Road 54,Hwy 58,58,0,0,0,0.000697121204672296
7171,Sunset Rd,King's Highway 4,4,490,1394799,5282000,0.0193350378508367
7172,Sunset Dr,County Road 4,4,0,0,0,0.00128410591464846
7173,Talbot Branch Rd N, ,4,0,0,0,0.00139382451551112
7174,164 Road,Hwy 23,23,280,1541550,3060000,0.018747628764619
7175,Murray St,King's Highway 40,40,0,0,0,0.0127615280688341
7176,Murray St,King's Highway 40,40,0,0,0,0.00166811570341725
7177,Highway 40,Mcnaughton Ave,40,0,0,0,0.00181345596249536
7178,Ontario Rd,King's Highway 8,8,0,0,0,0.0021179370004346
7179,Highway 8, ,8,297,643096,990000,0.0236339133478863
7180,Highway 8, ,8,173,322238,690000,0.0236594715675077
7181,Highway 8, ,8,173,322238,690000,0.0214922596575393
7182,Ontario Rd,King's Highway 8,8,297,643096,990000,0.0236981469367361
7183,164 Road,Hwy 23,23,353,1164671,2398000,0.0207144596173021
7184,County Road 119,King's Highway 7,7,488,2441071,5702000,0.00115400158143554
7185,Huron Rd,King's Highway 8,8,341,867098,1255000,0.00939196899596123
7186,County Road 119,King's Highway 7,7,422,2310664,5588000,0.0208272655155843
7187,Highway 8, ,8,297,643096,990000,0.0236458128097721
7188,Huron Rd,King's Highway 8,8,352,867098,1255000,0.0235386078132071
7189,Bovaird Dr W,King's Highway 7,7,0,0,0,0.000540378806034198
7190,Hurontario St,Highway 10,10,1257,667165,1559000,0.00613850575206246
7191,Sunset Rd,King's Highway 4,4,490,1394799,5282000,0.000352464205301131
7192,St Clair Rd,King's Highway 40,40,342,3345689,3107000,0.014761973521848
7193,Plank Line,King's Highway 19,19,587,2000759,6317000,0.0115986836309009
7194,Plank Line,King's Highway 19,19,593,2062079,6437000,0.00329284712953149
7195,Highway 17, ,17,678,7218217,41199000,0.504248089877296
7196,Highway 40, ,40,295,583209,903000,0.0123261152690967
7197,County Road 4,Hwy 4,4,0,0,0,0.00393706047326491
7198,Highway 3, ,3,277,955954,2334000,0.0327831246205622
7199,Highway 40, ,40,269,2788430,2481000,0.0122681668040121
7200,Highway 40, ,40,253,589362,995000,0.0123120553129239
7201,Highway 40, ,40,253,589362,995000,0.0123456071795054
7202,Regional Road 20,Hwy 20,20,0,0,0,0.0103545909598524
7203,Highway 8,King's Highway 7,7,554,1892855,4341000,0.0251900881984397
7204,Erie St,King's Highway 7,7,0,0,0,0.0106082476908229
7205,Ontario St,King's Highway 7,7,0,0,0,0.00271718743664309
7206,Highway 40, ,40,295,583209,903000,0.0123086360253346
7207,Highway 8,King's Highway 7,7,386,2340914,5259000,0.0251780123364929
7208,Highway 3,St Thomas Expy,3,271,1203673,3600000,0.00270015223157799
7209,Hwy 9, ,9,507,760719,1200000,0.0206229270098962
7210,Highway 3,Concession 1 Rd,3,222,548419,1120000,0.0024150607696035
7211,Hwy 6,Main St S,6,529,1380104,3048000,0.00812212472558385
7212,County Road 109,Hwy 9,9,0,0,0,0.022648183710164
7213,Highway 40, ,40,303,1212486,4597000,0.0245164397711833
7214,Hwy 26, ,26,0,0,0,0.000375740375771147
7215,Highway 7, ,7,466,2601400,7532000,0.000146986393966196
7216,Highway 7a, ,7,336,518859,237000,0.0342301224598626
7217,Regional Road 20,Hwy 20,20,0,0,0,0.00391416956104746
7218,Highway 60, ,60,87,100551,276000,0.0506383427523411
7219,Highway 3,St Thomas Expy,3,306,1305434,3885000,0.0029261342635886
7220,Highway 3,St Thomas Expy,3,271,1203673,3600000,0.00117528902877873
7221,Highway 3,St Thomas Expy,3,271,1203673,3600000,0.0174610761705696
7222,Opeongo Line, ,60,0,0,0,0.00131293640361337
7223,Loyalist Pky,County Road 33,33,0,0,0,0.0196747550485531
7224,Dundas St W,Hwy 5,5,0,0,0,0.00932493294671811
7225,Highway 24, ,24,578,2989267,5111000,0.0135813548129331
7226,Highway 6,King's Highway 6,6,364,1515148,4248000,0.0167892578319703
7227,County Road 2, ,2,0,0,0,0.000535616256281375
7228,Huron Rd,King's Highway 8,8,306,1188208,1387000,0.0237621205922801
7229,County Road 2, ,2,0,0,0,0.0117839134542361
7230,Talbot Line,King's Highway 3,3,558,1228607,4448000,0.00614850021641239
7231,Talbot Line,King's Highway 3,3,558,1228607,4448000,0.0010120000000029
7232,Hwy 3,King's Highway 3,3,168,906871,1322000,0.00945296398349942
7233,Highway 6, ,6,826,4185338,15323000,0.0220665530096483
7234,King St E,Regional Highway 2,2,0,0,0,0.0122478910697483
7235,Hwy 3,King's Highway 3,3,189,905037,1318000,0.00766228992496519
7236,Regional Hwy 2,Highway 2,2,0,0,0,0.0182404645289992
7237,Hwy 140, ,140,406,523911,1372000,0.00106248723190737
7238,County Road 3,Talbot Trail,3,0,0,0,0.0255306494877876
7239,Hurontario St,Hwy 10,10,935,7543702,9247000,0.035211268785686
7240,Highway 11, ,11,558,7265127,29875000,0.00344903301348903
7241,Talbot Trail,County Road 3,3,0,0,0,0.0152048512661188
7242,Talbot Trail,County Road 3,3,0,0,0,0.0255894460546107
7243,Hwy 140, ,140,406,523911,1372000,0.00630659082057989
7244,Hurontario St,Hwy 10,10,832,3865992,6086000,0.00496883163731658
7245,Highway 7,Highway 12,7,472,744363,2128000,0.0134892123111165
7246,Highway 542, ,542,60,0,0,0.0261600668599938
7247,Hwy 9, ,9,919,4329188,6457000,0.0123209417576885
7248,Hwy 60, ,60,170,327311,1050000,0.0203017203943828
7249,Highway 6,King's Highway 6,6,249,556045,1973000,0.0172561948559257
7250,Highway 3,Concession 1 Rd,3,218,520189,1111000,0.00668199799997637
7251,Wharncliffe Rd S,King's Highway 4,4,0,0,0,0.00967436157301811
7252,Highway 3,Concession 1 Rd,3,222,548419,1120000,0.00113701483629765
7253,Hurontario St,Highway 10,10,1321,7556361,9299000,0.0149654126683505
7254,Guelph St,King's Highway 7,7,0,0,0,0.00357710187948381
7255,Wharncliffe Rd S,King's Highway 4,4,0,0,0,0.00209009569162186
7256,Wharncliffe Rd S,King's Highway 4,4,0,0,0,0.000930204725839414
7257,Highway 3,Concession 1 Rd,3,218,520189,1111000,0.00141700417576737
7258,Tc Hwy, ,17,473,4262114,16369000,0.00546231433346875
7259,Wharncliffe Rd S,King's Highway 4,4,0,0,0,0.0121278925375029
7260,Richmond St,King's Highway 4,4,0,0,0,0.00261622297215804
7261,Wharncliffe Rd S,King's Highway 4,4,0,0,0,0.00477551609259177
7262,Horton St E,King's Highway 4,4,0,0,0,0.00446436434447713
7263,Davis Rd,King's Highway 58,58,300,254678,356000,0.000841832587878177
7264,Wellington Main St,County Road 33,33,0,0,0,0.0151980446154848
7265,Horton St E,King's Highway 4,4,0,0,0,0.00740143595342958
7266,Highway 10,Hurontario St,10,0,0,0,0.000128405607314208
7267,Maddison Ave W,Hwy 23,23,232,196650,813000,0.0102471697265594
7268,Winstanley St,Hwy 23,23,251,196650,813000,0.00780364722958293
7269,164 Road,Hwy 23,23,352,1140810,2372000,0.0200849942724382
7270,164 Road,Hwy 23,23,352,1140810,2372000,0.0203191052179687
7271,Bloomfield Main St,Highway 33,33,0,0,0,0.005098863280613
7272,Richmond St,King's Highway 4,4,0,0,0,0.00132644593860121
7273,Hwy 93,Penetanguishene Rd,93,415,1718530,3774000,0.0213233097033954
7274,Plank Line,King's Highway 19,19,448,1913961,6162000,0.014870224919825
7275,Plank Line,King's Highway 19,19,446,1935398,6156000,0.0166415259331697
7276,Hwy 89, ,89,495,3125448,8886000,0.0111760494439073
7277,Hwy 89, ,89,497,3107686,8875000,0.000822192191596682
7278,Horton St E,King's Highway 4,4,0,0,0,0.00265605054811221
7279,Highway 17, ,17,408,3970137,25024000,0.025026784227407
7280,Main St N,King's Highway 19,19,587,1989009,6258000,0.0168989618929585
7281,Richmond St,King's Highway 4,4,0,0,0,0.00938014916452341
7282,Highway 8, ,8,194,322238,690000,0.0236451330851604
7283,Richmond St,King's Highway 4,4,393,192914,670000,0.0186394176320991
7284,Hwy 37, ,37,236,1425327,4904000,0.0128959212870735
7285,County Road 2,Highway 2,2,0,0,0,0.0248325206395566
7286,Highway 10,Sydenham St,10,357,879337,2054000,0.0207557130018575
7287,Highway 12, ,12,412,402373,1317000,0.012398613251461
7288,Highway 41, ,41,240,538835,1219000,0.0985618734572922
7289,Highway 518, ,518,6,9909,179000,0.00118589249090884
7290,Highway 518, ,518,6,9909,179000,0.0026306936260289
7291,Horton St E,King's Highway 4,4,0,0,0,0.0007146082842874
7292,Oil Heritage Rd,County Road 21,21,0,0,0,0.0243826564471349
7293,Kingston Rd,Highway 2,2,0,0,0,0.00781601067453028
7294,Highway 108, ,108,194,242581,2449000,0.0059007271660803
7295,Wortley Rd,King's Highway 4,4,0,0,0,0.00112080016063237
7296,Bloor St W,Hwy 5,5,0,0,0,0.00607375313408554
7297,County Road 2, ,2,0,0,0,0.0546670276498669
7298,County Road 2, ,2,0,0,0,0.0318740888130593
7299,Highway 522, ,522,19,0,0,0.152030897486838
7300,Regional Road 20,Hwy 20,20,0,0,0,0.0261416355784986
7301,Hwy 62, ,62,205,234654,379000,0.00287872092155047
7302,Richmond St,King's Highway 4,4,0,0,0,0.00134704965608563
7303,Richmond St,King's Highway 4,4,0,0,0,0.000265120697056582
7304,Highway 7,Highway 12,7,456,744363,2128000,0.0121751465706375
7305,Vincent Massey Dr, ,2,0,0,0,0.0341256874254993
7306,164 Road,Hwy 23,23,344,1123580,2407000,0.0269685279860471
7307,164 Road,Hwy 23,23,344,1123580,2407000,0.0268125354459007
7308,County Road 21,Oil Heritage Rd,21,0,0,0,0.0012352331958059
7309,Highway 3,Talbot Rd,3,154,419093,767000,0.0589301435320145
7310,Highway 23,Hwy 89,23,252,571992,1181000,0.0174694076042231
7311,164 Road,Hwy 23,23,306,1123580,2407000,0.0269280154549378
7312,Hwy 9, ,9,565,996498,1397000,0.0231652431115215
7313,Highway 40,Communication Rd,40,466,1280855,4796000,0.0278077497005671
7314,Highway 11, ,11,561,6779319,29504000,0.140297321663485
7315,Hwy 12,Tc Hwy,12,277,1468268,2381000,0.0128625801915947
7316,Hwy 9,Elora St N,9,199,292922,732000,0.0235258237607225
7317,County Road 109,Hwy 9,9,0,0,0,0.0231069388718028
7318,County Road 109,Hwy 9,9,0,0,0,0.000671941217657831
7319,County Road 109,Hwy 9,9,0,0,0,0.023130771193877
7320,Hwy 89, ,89,171,978565,941000,0.026478521543426
7321,Communication Rd,King's Highway 40,40,472,1391605,5083000,0.00239848633353284
7322,Communication Rd,King's Highway 40,40,0,0,0,0.000172235304135717
7323,Broadway St,King's Highway 19,19,0,0,0,0.00430548240757482
7324,Simcoe St,King's Highway 19,19,0,0,0,0.00346352080807846
7325,Vienna Rd,King's Highway 19,19,0,0,0,0.000199000000009164
7326,Hwy 3,King's Highway 3,3,343,1468535,2217000,0.01495661971917
7327,Highway 3,King's Highway 3,3,424,2009111,4303000,0.0027758991559134
7328,Deer Lake Rd,Hwy 518,518,0,0,0,0.00504400426523673
7329,Chatham St S,County Road 3,3,0,0,0,0.00173098497973777
7330,Talbot Rd,King's Highway 3,3,354,2282397,4195000,0.0260128733297567
7331,James St,King's Highway 3,3,440,1044394,3603000,0.0117784302282608
7332,Niagara St,Regional Road 50,58,0,0,0,0.007608456147849
7333,The Parkway, ,115,0,0,0,0.0086468419254453
7334,Highway 3, ,3,454,1051082,3668000,0.0156355095733253
7335,Regional Road 24, ,24,0,0,0,0.0137654074292544
7336,Lansdowne St W, ,115,0,0,0,0.0073540081393755
7337,Bovaird Dr W,King's Highway 7,7,0,0,0,0.00380261375922702
7338,Bovaird Dr W,King's Highway 7,7,0,0,0,0.00475966170413295
7339,Highway 10,Highway 10,10,0,0,0,0.00087536398144197
7340,Bovaird Dr E,King's Highway 7,7,0,0,0,0.000172817076678254
7341,Main St N,Hwy 10,10,0,0,0,0.000128405607314208
7342,Dundas St W,Regional Road 5,5,0,0,0,0.00135146704881658
7343,Highway 24, ,24,376,697381,1119000,0.0127981085204364
7344,Highway 24, ,24,382,713857,1150000,0.010948652912691
7345,Highway 24, ,24,382,713857,1150000,0.00192042078723155
7346,Highway 3, ,3,383,881011,2300000,0.0223631821922508
7347,County Road 6, ,6,0,0,0,0.0533407223168698
7348,Regional Road 24, ,24,0,0,0,0.00130432020457676
7349,Regional Road 24, ,24,0,0,0,0.00215153456672979
7350,County Road 6, ,6,0,0,0,0.00155061390939472
7351,Regional Road 24, ,24,0,0,0,0.000733618429447611
7352,County Road 6, ,6,0,0,0,0.000136498893775105
7353,Norfolk St S,Regional Road 24,24,0,0,0,0.00552583125911467
7354,Queensway E,King's Highway 3,3,383,881011,2300000,0.0218383894078752
7355,Regional Road 24, ,24,0,0,0,0.00273399869974023
7356,Highway 3, ,3,377,955954,2334000,0.043714851073888
7357,The Parkway, ,115,1102,1634899,3399000,0.00682736705004281
7358,Hill Rd,County Road 17,21,0,0,0,0.0217271156851936
7359,County Road 3,Talbot Trail,3,0,0,0,0.0406604281735402
7360,Highway 3,Essex Bypass,3,728,969625,2730000,0.0235914681756806
7361,Erie St N, ,77,0,0,0,0.00642171965971733
7362,Highway 11, ,11,433,5811014,29198000,0.407264026853934
7363,Hwy 6,King's Highway 6,6,159,0,0,0.0344265494413019
7364,Highway 600, ,600,10,2633,3000,0.044445605570577
7365,Highway 3,Talbot Rd,3,183,370647,584000,0.0213715764923776
7366,Highway 17, ,17,592,7883720,52990000,0.0263772213224355
7367,Highway 15, ,15,313,257023,258000,0.025998249231873
7368,King St E, ,2,0,0,0,0.00219091555659703
7369,Oil Heritage Rd,County Road 21,21,0,0,0,0.0247239124408852
7370,Highway 3,Talbot Rd,3,188,370647,584000,0.0338853367095032
7371,Duke Street, ,594,0,0,0,0.00740399806769554
7372,Highway 11,Scott Street,11,270,635494,726000,0.0226970175608507
7373,Highway 3,Talbot Rd,3,178,549014,680000,0.0132269657398703
7374,Lakeshore Rd,King's Highway 21,21,311,1179748,2488000,0.0634506801515191
7375,Highway 21,Bluewater Hwy,21,90,65740,378000,0.0267968325074159
7376,Highway 17, ,17,302,3416109,22899000,0.00121706605574299
7377,Danforth Ave,Hwy 5,5,0,0,0,0.00503477251804086
7378,2nd Line West, ,550,0,0,0,0.0209750020826567
7379,2nd Line West, ,550,83,8143,5000,0.0209984331833643
7380,Queen St E,Regional Road 7,7,0,0,0,0.0142856276519885
7381,Dundas St W,Regional Road 5,5,0,0,0,0.0143262329675222
7382,Trunk Road, ,17,0,0,0,0.0138426221120334
7383,Great Northern Road, ,17,0,0,0,0.0145983831437242
7384,County Road 2, ,2,0,0,0,0.00905513193099904
7385,Highway 101, ,101,11,15977,82000,0.115407206541152
7386,Sunset Dr,County Road 4,4,0,0,0,0.0118027411437898
7387,Highway 6,King's Highway 6,6,210,564635,1744000,0.00150484963830681
7388,Main St E,King's Highway 3,3,225,584691,1218000,0.0102279673825931
7389,Highway 69, ,69,639,9208331,41036000,0.0252670073886341
7390,Highway 48,King's Highway 48,48,380,956262,721000,0.00211439160471955
7391,Highway 6,King's Highway 6,6,366,1518094,4254000,0.0335451618864299
7392,Regional Road 7, ,7,840,334006,653000,0.00592956066637374
7393,Highway 6,King's Highway 6,6,358,1572166,4368000,0.00184146426084754
7394,Highway 10, ,10,196,664763,1493000,0.0266089081079449
7395,Highway 10, ,10,302,824079,2437000,0.0234551397254829
7396,Highway 7,Highway 12,7,371,566249,1148000,0.0101780124949999
7397,Highway 6,King's Highway 6,6,235,222977,1432000,0.0220806953831751
7398,Highway 6,King's Highway 6,6,235,222977,1432000,0.018543227466807
7399,Highway 6,King's Highway 6,6,235,222977,1432000,0.0223069617293013
7400,Richmond St,King's Highway 4,4,283,132833,149000,0.0135243464767298
7401,Highway 21,Bluewater Hwy,21,149,153613,1702000,0.0236554779674929
7402,Guelph St,King's Highway 7,7,0,0,0,0.000584670895464864
7403,County Road 109,Hwy 9,9,0,0,0,0.00822054208589681
7404,County Road 2,Highway 2,2,0,0,0,0.0410389567078729
7405,Yonge St,County Road 1,11,0,0,0,0.00053833911249038
7406,County Road 41, ,41,0,0,0,0.0296976436776513
7407,Hwy 62, ,62,192,125139,587000,0.0110179693129434
7408,Broadway,Hwy 9,9,0,0,0,0.0036024572078077
7409,Highway 48,King's Highway 48,48,600,907663,666000,0.00551710345252734
7410,Highway 7,Highway 12,7,456,744363,2128000,0.0139271926083427
7411,Highway 8, ,8,352,867098,1255000,0.0235407863083093
7412,Highway 21,Bluewater Hwy,21,116,127356,416000,0.0284963176336575
7413,Highway 48,King's Highway 48,48,741,273988,857000,0.0169568071034636
7414,Highway 6,King's Highway 6,6,492,2600172,3448000,0.0133041464048876
7415,Talbot Line,King's Highway 3,3,308,1262588,3171000,0.0259539617528556
7416,Highway 15, ,15,275,381369,935000,0.00049504044480052
7417,Highway 15, ,15,275,381369,935000,0.00127282049009522
7418,Highway 8,King's Highway 7,7,1109,2724923,6002000,0.0159547624676642
7419,Highway 6,King's Highway 6,6,232,178560,351000,0.0206091296718785
7420,Highway 6,King's Highway 6,6,229,226069,1435000,0.0468821539511337
7421,Highway 6,Sir John Cres,6,258,287211,1448000,0.0482568847559089
7422,9th Ave E,King's Highway 6,6,0,0,0,0.00388555989709993
7423,Hwy 26, ,26,265,142427,210000,0.0345805150727673
7424,Hwy 26, ,26,265,142427,210000,0.0170913093556204
7425,Ontario St,King's Highway 7,7,0,0,0,0.00039312718041412
7426,County Road 33,Highway 33,33,0,0,0,0.0048701085749702
7427,Yonge St,County Road 1,11,0,0,0,0.00507760975834606
7428,Beckwith St N, ,15,0,0,0,0.00419735072253788
7429,Hwy 9,Highway 9,9,1108,6774570,8455000,0.0147952120338105
7430,Yonge St, ,11,0,0,0,0.00318178817645286
7431,Highway 48,King's Highway 48,48,630,273988,857000,0.0144392112233528
7432,Hwy 9, ,9,565,996498,1397000,0.0184081126766634
7433,County Road 109,Hwy 9,9,0,0,0,0.0233376962065367
7434,Hwy 59,King's Highway 3,3,354,2274413,4178000,0.0166371456904612
7435,Loyalist Pky,County Road 33,33,0,0,0,0.0132736626620958
7436,Danforth Ave,Hwy 5,5,0,0,0,0.00516120575795362
7437,Highway 7, ,7,311,2335128,5351000,0.0173466719821329
7438,Hwy 33, ,33,61,0,0,0.0878741733202365
7439,Hwy 9,Highway 9,9,1198,4934321,6564000,0.00660269218942031
7440,Hwy 9,Highway 9,9,1181,5058379,6669000,0.00377033654044004
7441,Highway 17, ,17,636,2751673,13402000,0.107336484085142
7442,Hwy 9, ,9,153,67009,145000,0.024058310763025
7443,Hwy 9, ,9,153,67009,145000,0.0240336137321364
7444,Highway 8,King's Highway 7,7,553,1892855,4341000,0.0250205836637623
7445,Hwy 62,King's Highway 62,62,135,67584,699000,0.0203189599038672
7446,Yonge St, ,11,0,0,0,0.000857462535602361
7447,Hwy 9, ,9,153,67009,145000,0.0124078840940891
7448,County Road 49,Highway 49,49,0,0,0,0.03674203841907
7449,County Road 49,Highway 49,49,0,0,0,0.0154861254322794
7450,Highway 10, ,10,302,824079,2437000,0.00297210819722617
7451,Highway 10, ,10,302,824079,2437000,0.00440365274245451
7452,Yonge St, ,11,0,0,0,0.0042888699206426
7453,Highway 7, ,7,278,1748659,5261000,0.0182886280856221
7454,Highway 7a, ,7,417,837260,809000,0.00290246890044525
7455,Highway 12 & 48, ,12,282,1468268,2381000,0.023993807213487
7456,Highway 10, ,10,323,1021703,2456000,0.0254979230680839
7457,Highway 10, ,10,395,1364201,2610000,0.0229379794406239
7458,Hwy 89, ,89,118,1250348,1026000,0.00949491009818162
7459,Highway 10, ,10,395,1364201,2610000,0.0160172895104058
7460,Highway 10, ,10,395,1364201,2610000,0.00693208086394645
7461,County Road 21,Hwy 21,21,0,0,0,0.00214623502346222
7462,Base Line,County Road 21,21,0,0,0,0.00895604395488168
7463,Base Line,County Road 21,21,0,0,0,0.00493784278644307
7464,County Road 2, ,2,0,0,0,0.000899634314640518
7465,Highway 7,Tc Highway,7,895,2926865,6867000,0.000135793961577061
7466,Highway 21,Bluewater Hwy,21,110,127356,416000,0.0112148917379361
7467,Ottawa St E, ,7,265,1949239,5342000,0.0201581202946779
7468,Hwy 89, ,89,929,1567476,4102000,0.00237334272958576
7469,Dundas St E,County Road 2,2,0,0,0,0.00172462305967111
7470,Talbot Rd,King's Highway 3,3,474,889044,1281000,0.0303155675539796
7471,Dundas St W,King's Highway 62,62,0,0,0,0.00185231989679472
7472,Forks Rd,King's Highway 3,3,191,356244,925000,0.000271046121534218
7473,Hwy 62, ,62,189,145036,379000,0.0175449332315394
7474,Norfolk St N,King's Highway 24,24,0,0,0,0.00339610908304621
7475,Norfolk St N,Regional Road 24,24,0,0,0,0.00209025476918707
7476,Hwy 9,Highway 9,9,1082,6125196,12172000,0.00860272954658479
7477,Bath Rd, ,33,116,81993,130000,0.00534188085937798
7478,Highway 21, ,21,279,200217,984000,0.0202385734750307
7479,Hwy 132, ,132,134,31857,117000,0.0106690029514433
7480,Highway 21, ,21,272,103018,755000,0.0207605200960414
7481,Highway 21, ,21,272,103018,755000,0.0201694105017456
7482,Highway 21, ,21,272,103018,755000,0.0206354110136121
7483,First St,Hwy 26,26,425,4063301,2984000,0.0159112392724439
7484,Highway 11,Highway 17,17,603,2449715,8346000,0.0142621484194153
7485,Highway 6,King's Highway 6,6,272,495233,1912000,0.0131703103467205
7486,Hwy 26, ,26,259,167215,844000,0.014644667277035
7487,Hwy 89, ,89,423,2255194,4030000,0.0147161089362567
7488,Highway 10,Hwy 24,10,669,4814394,7344000,0.0158680055393623
7489,Lambton Line,County Road 21,21,0,0,0,0.0169938999636162
7490,Oil Heritage Rd,County Road 21,21,0,0,0,0.0278100160568907
7491,Hwy 35,King's Highway 35,35,405,1230260,5652000,0.0140763464522496
7492,Hwy 35,King's Highway 35,35,409,1065127,5683000,0.00107890502637353
7493,Highway 35, ,35,378,521942,1490000,0.0132202998205009
7494,Danforth Ave,Hwy 5,5,0,0,0,0.00135364393548249
7495,Highway 10,Hwy 24,10,549,2690951,4215000,0.000823407798103214
7496,Highway 10,Hwy 24,10,669,4814394,7344000,0.000907428906289059
7497,Highway 10,Hwy 24,10,549,2690951,4215000,0.0278226734296531
7498,Hwy 89, ,89,421,2281203,4093000,0.0157354061367591
7499,County Road 17,Hwy 21,21,0,0,0,0.0144035048425297
7500,County Road 2, ,2,3923,46180401,174595000,0.060288549661648
7501,County Road 21,Hwy 21,21,0,0,0,0.00462988149563365
7502,Hwy 89, ,89,423,2255194,4030000,0.00411530013530358
7503,Hwy 89,Concession Road 2,89,935,1567476,4102000,0.001983714697239
7504,Hwy 89,Concession Road 3,89,935,1567476,4102000,0.00362231618636059
7505,Hwy 9,Highway 9,9,1111,6805127,8458000,0.0018053102071406
7506,Hwy 89, ,89,166,995865,1265000,0.0160346825649329
7507,Highway 6,King's Highway 6,6,253,605894,2390000,0.0165489855894304
7508,Queen St W,Hwy 89,89,375,1045777,2172000,0.00919128617966986
7509,Hwy 26, ,26,0,0,0,0.00450146736120032
7510,Hwy 26, ,26,515,4439514,3321000,0.016782390904172
7511,Highway 11, ,11,307,326076,860000,0.0908930348217558
7512,Hwy 89, ,89,601,2065071,9639000,0.0143512022396518
7513,Hwy 26, ,26,425,4063301,2984000,0.0169836013390507
7514,Hwy 37, ,37,243,1425327,4904000,0.00249221756149696
7515,Norfolk St N,King's Highway 24,24,400,771450,2481000,0.0128817215425464
7516,Hwy 26,Highway 26,26,769,5826466,7455000,0.0289091059174625
7517,Hwy 6,Hamilton Plank Rd,6,262,11506,25000,0.00579698741479108
7518,Hwy 26, ,26,758,5818236,6998000,0.00289157483041507
7519,Hwy 26,Highway 26,26,763,5896891,7643000,0.020261140590112
7520,Young St,Hwy 89,89,652,2299992,6818000,0.00866065456046102
7521,Hwy 89,Young St,89,652,2299992,6818000,0.0019010274343189
7522,Hwy 89, ,89,487,3707685,17007000,0.00169460142806041
7523,Highway 7,Tc Highway,7,327,449292,1268000,0.0311059415247331
7524,Highway 7,Tc Highway,7,327,449292,1268000,0.0297307639360707
7525,Victoria St E,Hwy 89,89,0,0,0,0.0183589998941407
7526,Victoria St W,Hwy 89,89,0,0,0,0.00974546831642121
7527,Victoria St E,Hwy 89,89,0,0,0,0.00745188393102362
7528,Young St,Hwy 89,89,0,0,0,0.00437894868616329
7529,Victoria St E,Hwy 89,89,495,3125448,8886000,0.0124684540446485
7530,Highway 17, ,17,346,1638486,8688000,0.0199108550333449
7531,Victoria St E,Hwy 89,89,0,0,0,0.00251707769205242
7532,Highway 7,Tc Highway,7,316,438406,1268000,0.0105139606002483
7533,Highway 7,Tc Highway,7,316,438406,1268000,0.00102593860050053
7534,Highway 7,Tc Highway,7,316,438406,1268000,0.00930824495029912
7535,Highway 35,Highway 35,35,256,371712,239000,0.00151305075195426
7536,Hwy 89, ,89,507,3829562,9075000,0.0168302227075185
7537,Hwy 93,Penetanguishene Rd,93,434,2083547,3998000,0.000163049691805484
7538,County Road 49,Highway 49,49,0,0,0,0.00016995501757049
7539,Hwy 26, ,26,272,1131093,4257000,0.0147082426382482
7540,Highway 35, ,35,370,521942,1490000,0.000744699939602662
7541,Hwy 26, ,26,272,1131093,4257000,0.0142127105952407
7542,Hwy 26, ,26,286,823850,3492000,0.00747769687998647
7543,Hwy 26, ,26,277,823850,3492000,0.00139145997284167
7544,Bayfield St,Hwy 26,11,0,0,0,0.00396444558746902
7545,Hwy 26,Hwy 27,26,0,0,0,0.000193876249182565
7546,Hwy 26,Hwy 27,11,0,0,0,0.00098356341942306
7547,Bayfield St,Hwy 26,11,0,0,0,0.00202460916727647
7548,Bayfield St,Hwy 26,26,922,2249575,6049000,0.0244571680653936
7549,Bayfield St,Hwy 26,26,0,0,0,0.00685772612926116
7550,Talbot Rd E,County Road 34,3,0,0,0,0.0164747241285006
7551,Hwy 26, ,26,286,823850,3492000,0.0116543611356253
7552,Hwy 26, ,26,286,823850,3492000,0.0138713932801235
7553,Hwy 93,Penetanguishene Rd,93,0,0,0,0.000757430524844025
7554,Hwy 93,Penetanguishene Rd,93,434,2083547,3998000,0.00246234166473876
7555,Hwy 93,Penetanguishene Rd,93,434,2083547,3998000,0.00643039519763743
7556,Highway 12, ,12,1029,2258546,3036000,0.00391121715980449
7557,Hwy 93,Penetanguishene Rd,93,434,2083547,3998000,0.00167146585611063
7558,Hwy 93,Penetanguishene Rd,93,434,2083547,3998000,0.00103217422558237
7559,Hwy 93,Penetanguishene Rd,93,434,2083547,3998000,0.000256601200333831
7560,Highway 118, ,118,0,0,0,0.0650303240263997
7561,Highway 35,King's Highway 35,35,256,371712,239000,0.00508962916043786
7562,Kent St W,King's Highway 35,35,365,80497,224000,0.0009436859572591
7563,Hwy 93, ,93,516,1551810,3557000,0.000848909889198121
7564,Highway 12, ,12,797,1913975,2722000,0.00254428457524403
7565,Highway 12, ,12,317,233704,1317000,0.00257724096815512
7566,Highway 12, ,12,313,145420,1172000,0.000552610933642543
7567,Hwy 93,Penetanguishene Rd,93,415,1718530,3774000,0.0181923985471395
7568,Hwy 93,Penetanguishene Rd,93,415,1718530,3774000,0.00896186841963986
7569,Highway 12, ,12,399,149216,1201000,0.0177869668535964
7570,Shebeshekong Road, ,7182,22,77425,324000,0.0771149779758172
7571,Highway 77, ,77,539,2237165,2645000,0.00934849262366392
7572,Highway 144, ,144,546,1010981,9501000,0.00138352095537596
7573,Highway 144, ,144,546,1010981,9501000,0.00508912633190523
7574,Northwest Bypass, ,144,326,1106598,4504000,0.000895199582245522
7575,Highway 40,Mcnaughton Ave,40,0,0,0,0.000787052096102127
7576,Highway 40, ,40,269,2788430,2481000,0.0124054422973143
7577,Highway 40, ,40,295,583209,903000,0.0123075973195488
7578,Highway 40, ,40,244,551387,877000,0.0123246593442887
7579,Talbot Line,King's Highway 3,3,302,1199796,3128000,0.0192443999523854
7580,Talbot Line,King's Highway 3,3,302,1199796,3128000,0.0101878861410652
7581,Hwy 35,King's Highway 35,35,226,628026,2407000,0.0278218118993686
7582,Highway 7,Tc Highway,7,554,619703,1548000,0.00788263632757728
7583,Highway 7,Tc Highway,7,432,555938,1362000,0.017261367723568
7584,Talbot Line,King's Highway 3,3,302,1199796,3128000,0.00186200403651885
7585,Highway 17 E, ,17,989,2524851,11952000,0.00179823385576728
7586,Highway 17, ,17,804,1909661,10068000,0.0010805785850743
7587,Highway 17 E, ,17,1016,2693661,13285000,0.0040726711758305
7588,Highway 17 E, ,17,652,1829969,9447000,0.00404074965397257
7589,Hwy 9,Highway 9,9,1205,4707762,6505000,0.0144844305306547
7590,Highway 21, ,21,241,125241,803000,0.0268354024408879
7591,Highway 21, ,21,289,104621,763000,0.0201944928891925
7592,Highway 21, ,21,251,200217,984000,0.0182295782531427
7593,Highway 21, ,21,205,153929,1042000,0.0203237320454322
7594,Hwy 27, ,27,0,0,0,0.00468911601007539
7595,Bloor St W,Hwy 5,5,0,0,0,0.0038668216710903
7596,Highway 6,King's Highway 6,6,159,510413,890000,0.0338128879200817
7597,Highway 6,King's Highway 6,6,210,564635,1744000,0.0168794174431005
7598,10th St W,King's Highway 6,6,243,281669,2302000,0.0012895295382502
7599,Highway 6,Berford St,6,235,222977,1432000,0.00457569833115287
7600,Elm St,King's Highway 6,6,235,222977,1432000,0.0183863842299521
7601,Highway 10,Hwy 89,89,118,1250348,1026000,0.0166747764887394
7602,Highway 10, ,10,302,824079,2437000,0.0230710785835658
7603,County Road 33,Highway 33,33,0,0,0,0.0166672660783963
7604,Pinnacle St,King's Highway 62,62,0,0,0,0.00231418479297417
7605,Highway 21, ,21,205,153929,1042000,0.0203375681132466
7606,Highway 21, ,21,205,153929,1042000,0.00137867944063353
7607,Highway 21, ,21,205,153929,1042000,0.00349255640014876
7608,Talbot Line,King's Highway 3,3,238,1413524,3046000,0.0126382878677345
7609,Highway 21, ,21,281,218888,1159000,0.0120960116208228
7610,Highway 21, ,21,281,218888,1159000,0.0200987451530835
7611,Highway 21, ,21,281,218888,1159000,0.0205218358742777
7612,5th Street, ,579,0,0,0,0.0147441908853668
7613,Base Line,County Road 21,21,0,0,0,0.00642811008773233
7614,Hwy 9, ,9,153,67009,145000,0.0178624593091787
7615,Hwy 62,King's Highway 62,62,135,67584,699000,0.00272549248647487
7616,Hwy 9, ,9,153,67009,145000,0.00121457992737027
7617,Hwy 9, ,9,153,67009,145000,0.0354686988426187
7618,County Road 2,Highway 2,2,0,0,0,0.00296233665677789
7619,Hwy 9,County Road 4,9,180,169596,776000,0.0240516795514647
7620,Hwy 9,County Road 4,9,180,169596,776000,0.00201589384642676
7621,Goderich St,King's Highway 21,21,272,103018,755000,0.0183183343218813
7622,Highway 21, ,21,289,104621,763000,0.0203561304663139
7623,Highway 21, ,21,281,103018,755000,0.0202314529788713
7624,Highway 21, ,21,224,224590,933000,0.0176632405453831
7625,Goderich St,King's Highway 21,21,224,224590,933000,0.0218627614489937
7626,Highway 20, ,20,0,0,0,0.000914554536351632
7627,Colonel Talbot Rd,King's Highway 4,4,724,1817159,5305000,0.000387769261314355
7628,Colonel Talbot Rd,King's Highway 4,4,811,1402794,3691000,0.000335411609803159
7629,Bath Rd, ,33,116,81993,130000,0.0184349924587062
7630,Plank Rd,County Road 19,19,0,0,0,0.0237950695412557
7631,Broadway,Hwy 9,9,0,0,0,0.012509584201758
7632,Highway 3,St Thomas Expy,3,306,1305434,3885000,0.00512821605571336
7633,Tc Hwy,King's Highway 17,17,484,3276100,15377000,0.0613448130687967
7634,Elginfield Rd,King's Highway 7,7,277,379210,1563000,0.0083842972700127
7635,Elginfield Rd,King's Highway 7,7,277,379210,1563000,0.00102131801805058
7636,Highway 10, ,10,323,1021703,2456000,0.0229737411433844
7637,Hwy 89, ,89,119,1250348,1026000,0.0133906429370832
7638,Richmond St,King's Highway 4,4,283,132833,149000,0.0132440167290043
7639,Highway 132, ,132,140,138502,175000,0.0363309581891981
7640,Talbot Line,King's Highway 3,3,394,1199492,2966000,0.0254518146077119
7641,Tc Hwy,King's Highway 17,17,484,3276100,15377000,0.00191597129414553
7642,Yonge St, ,11,0,0,0,0.000631323614284962
7643,Regional Hwy 2,Highway 2,2,0,0,0,0.00736823901055832
7644,County Road 2,Highway 2,2,0,0,0,0.0125215476509898
7645,King St E,County Road 2,2,0,0,0,0.00198193514274586
7646,Highway 538, ,538,5,0,0,0.0665508080151547
7647,Yonge St, ,11,0,0,0,0.000221382022757601
7648,Highway 28, ,28,288,529883,155000,0.0377069201001234
7649,Hwy 27, ,27,0,0,0,0.00229851954381602
7650,Yonge St, ,11,0,0,0,0.00100149053818369
7651,County Road 2,Highway 2,2,0,0,0,0.0204089700834664
7652,Highway 6, ,6,586,2516312,4155000,0.0209993510229081
7653,HIghway 137, ,137,541,5709721,15719000,0.0262674620166696
7654,Yonge St, ,11,0,0,0,0.000818615905072784
7655,Hwy 35,King's Highway 35,35,405,1230260,5652000,0.0129571721409298
7656,Highway 596, ,596,21,12370,1000,0.00617980454828495
7657,New Pukaskwa Road, ,627,30,55535,6000,0.0182373506742588
7658,Hill Street, ,537,652,1829969,9447000,0.00598621350280716
7659,Highway 7,Tc Highway,7,432,555938,1362000,0.00739282274007354
7660,Hwy 60, ,60,230,246358,765000,0.0383188319286541
7661,Highway 575, ,575,57,584577,497000,0.0673344884398335
7662,Highway 519, ,519,0,0,0,0.0110483712773007
7663,Lundy's Lane,Regional Road 20,20,544,675567,1276000,0.0151838959454792
7664,Highway 11,Highway 17,17,1269,9533089,39520000,0.0164914798597637
7665,Dawson Road, ,102,613,6622521,44371000,0.105764678761714
7666,Tc Hwy, ,17,621,4957282,20515000,0.0254544462260496
7667,Highway 11, ,11,518,5448116,29163000,0.00605127891562501
7668,Government Road, ,600,10,2633,3000,0.00077433045783048
7669,Concession  3 Fox,Highway 574,574,4,0,0,0.165658078598197
7670,Highway 11, ,11,565,7979829,30731000,0.0548679824964859
7671,Highway 101, ,101,0,0,0,0.0199361769065584
7672,Kingston Rd,Regional Highway 2,2,12770,67792600,247371000,0.00980332236055164
7673,County Road 31,Hwy 93,93,0,0,0,0.00112074904061678
7674,Highway 586, ,586,12,0,0,0.0681481231852033
7675,Highway 601, ,601,90,0,0,0.0994598739631804
7676,Highway 11, ,11,117,634844,1882000,0.278803318885902
7677,County Road 2,Highway 2,2,0,0,0,0.0140495809568683
7678,Highway 69, ,69,824,5352428,19500000,0.00732845968806293
7679,1st Avenue, ,72,107,239964,364000,0.079826571946766
7680,41 Hwy, ,41,94,260852,948000,0.010246492829486
7681,Hwy 8,Queenston Rd,8,0,0,0,0.0104597600734526
7682,County Road 2, ,2,0,0,0,0.0428973028968811
7683,Highway 607, ,607,33,122538,255000,0.00771136989592009
7684,Highway 17, ,17,810,5148101,22533000,0.0463978188625488
7685,Highway 69 S, ,69,694,9152167,40570000,0.0634193333447081
7686,None, ,804,3,0,0,0.0254414506438307
7687,Highway 563, ,563,6,0,0,0.0536277567685465
7688,Highway 405 E, ,405,1056,10029333,34453000,0.0207886041139252
7689,Hwy 587, ,587,16,0,0,0.0586147189446352
7690,Kings Way Highway, ,17,683,4684114,33101000,0.181072520022229
7691,Highway 17, ,17,302,3416109,22899000,0.0240202789710583
7692,Loyalist Pky,County Road 33,33,0,0,0,0.00994643059836156
7693,Great Northern Road, ,17,0,0,0,0.0327686220038553
7694,Victoria St N,King's Highway 21,21,177,302761,542000,0.00245046304525875
7695,Highway 40 N,Modeland Rd,40,780,4604789,8941000,0.00166192659285716
7696,Modeland Rd,King's Highway 40 S,40,1008,2455636,3834000,0.00134021266971954
7697,Highway 596, ,596,39,0,0,0.107675210169643
7698,Highway 17, ,17,450,5091849,34176000,0.0953000682303666
7699,Highway 552, ,552,28,0,0,0.0767685023827582
7700,Lundy's Lane,Regional Road 20,20,0,0,0,0.0124225104006386
7701,Highway 410 N, ,410,5590,14673496,31866000,0.00488741446735363
7702,Ranger Lake Road, ,556,10,66049,178000,0.0491527439765463
7703,Highway 17, ,17,407,4798285,34125000,0.0670371600343233
7704,Highway 60, ,60,184,253890,390000,0.0793568071724767
7705,Plank Rd,County Road 19,19,0,0,0,0.0103776220668632
7706,County Road 21,Hwy 21,21,0,0,0,0.00409986662696473
7707,Water Street, ,6,27,0,0,0.127218732436884
7708,Highway 129, ,129,23,205157,317000,0.923856239892084
7709,Highway 401 Expy,Macdonald-Cartier Fwy E,401,12770,67792600,247371000,0.0467983850786758
7710,Highway 17, ,17,443,4465359,33550000,0.207926133983746
7711,Hwy 23,Blanshard St,23,280,1541550,3060000,0.0206713507672022
7712,County Road 41, ,41,0,0,0,0.00687263528484303
7713,Plank Rd,County Road 19,19,0,0,0,0.00691292173446217
7714,Highway 623, ,623,7,0,0,0.0502109259637276
7715,Highway 3,Talbot Rd,3,191,393949,672000,0.0120263258232572
7716,Highway 129, ,129,28,139108,139000,0.69903066633042
7717,Highway 534, ,534,49,0,0,0.0555588459299789
7718,Highway 551, ,551,35,23839,13000,0.0159339144065093
7719,Highway 3, ,3,454,1051082,3668000,0.00860836899840766
7720,Regional Road 24, ,24,0,0,0,0.0111321633632089
7721,Highway 7, ,7,799,1191794,2917000,0.00174079715388974
7722,Morin Street, ,575,57,584577,497000,0.135985626995946
7723,10th Avenue, ,571,46,132932,355000,0.00158481196212607
7724,Highway 11, ,11,539,5831758,27124000,0.127795199308441
7725,Hwy 35,Highway 7A,35,311,1105697,2591000,0.00815184134048286
7726,County Road 33,Highway 33,33,0,0,0,0.0568057822625231
7727,Hwy 37, ,37,243,1462924,4912000,0.0100393328485553
7728,Dundas St W,County Road 2,2,0,0,0,0.00511795718541012
7729,Highway 8,King's Highway 7,7,745,2690254,5901000,0.0255133159255507
7730,Highway 7,Highway 12,7,371,566249,1148000,0.0144512239057607
7731,Highway 410 N, ,410,5590,14673496,31866000,0.00755506469486972
7732,Highway 6, ,6,437,2106244,6030000,0.0134876609935841
7733,Highway 24, ,24,432,1217528,2672000,0.0120156205048948
7734,Highway 28, ,28,175,406787,641000,0.0118195527275459
7735,King George Rd,King's Highway 24,24,467,582886,888000,0.0194184398927828
7736,Woodward Avenue, ,557,0,0,0,0.00155630057218569
7737,County Road 33,Highway 33,33,0,0,0,0.00408008468046194
7738,Highway 597, ,597,13,0,0,0.0385321278397108
7739,County Road 34,Main,3,0,0,0,0.0285122224920231
7740,Highway 582, ,582,1,0,0,0.0522953810066014
7741,Talbot Trail,County Road 3,3,0,0,0,0.0402780302673282
7742,Highway 35, ,35,182,262307,130000,0.0193980635315975
7743,Highway 611, ,611,12,0,0,0.0669063630865697
7744,Garrison Rd,King's Highway 3,3,356,212245,647000,0.0120299193706031
7745,Erie St N, ,77,207,1028219,2188000,0.0076671642937363
7746,Highway 401 W,Macdonald-Cartier Fwy W,401,5608,55284970,198183000,0.00767089493212724
7747,Highway 40 S,Modeland Rd,40,1008,2455636,3834000,0.000184219977190265
7748,Highway 35, ,35,212,260521,106000,0.176560521059047
7749,Colborne St,County Road 4,4,0,0,0,0.0107104213245769
7750,Highway 6, ,6,343,1134213,1712000,0.0192369551406881
7751,None, ,665,6,0,0,0.0076595099611096
7752,Highway 21,Bluewater Hwy,21,148,153613,1702000,0.00978677529741482
7753,Bayfield Rd,King's Highway 21,21,0,0,0,0.00681620272294595
7754,Hwy 62, ,62,304,185705,616000,0.0269149155941024
7755,Hwy 62, ,62,305,192779,631000,0.0139545572779116
7756,Russel St, ,62,205,234654,379000,0.00888729999067412
7757,Hwy 37, ,37,223,1425327,4904000,0.0216165170494765
7758,Hwy 37, ,37,223,1444398,4928000,0.0326197027916334
7759,Highway 40 S,Modeland Rd,40,1008,2455636,3834000,0.00164661401306301
7760,Highway 6,King's Highway 6,6,272,495233,1912000,0.0176184678814293
7761,Highway 6,Garafraxa St,6,193,636327,1831000,0.0155604578651937
7762,Highway 6,King's Highway 6,6,358,1572166,4368000,0.0181053870156344
7763,Highway 7, ,7,265,1949239,5342000,0.0217162124313754
7764,Highway 65, ,65,115,580332,501000,0.240154864093886
7765,Bloor St E,Hwy 5,5,0,0,0,0.00103316238804823
7766,Burton Ave, ,11,0,0,0,0.00711167933525036
7767,Richards Street, ,548,35,0,0,0.0664997672736512
7768,2nd Line West, ,550,70,0,0,0.0364303721507433
7769,Main St W,Regional Road 3,3,252,618420,1473000,0.00527180357999252
7770,County Road 2, ,2,0,0,0,0.0655037370904245
7771,Highway 12, ,12,642,645749,1391000,0.0166770261150562
7772,Highway 584, ,584,0,0,0,0.0205015799811736
7773,Highway 10, ,10,323,1021703,2456000,0.0244622703649799
7774,Highway 12, ,12,412,402373,1317000,0.00587144828889919
7775,County Road 41, ,41,0,0,0,0.00389674090701424
7776,Highway 21, ,21,278,218888,1159000,0.00733977241048908
7777,Bloor St E,Hwy 5,5,0,0,0,0.00319664577518167
7778,Highway 24, ,24,716,1074404,5334000,0.0113884048032885
7779,Centennial Pky S,Hwy 20,20,0,0,0,0.0170077207383793
7780,Highway 7,Tc Highway,7,441,3074614,6089000,0.0135070765530075
7781,Lakeshore Rd,King's Highway 21,21,317,734677,2403000,0.00800423735445281
7782,Highway 21, ,21,241,125241,803000,0.0219401242705976
7783,Highway 7, ,7,840,334006,653000,0.0165906566877194
7784,Highway 40 N,Modeland Rd,40,780,4604789,8941000,0.00206443648482032
7785,Osler Dr,Hwy 8,8,0,0,0,0.0159822441826566
7786,Highway 600, ,600,10,2633,3000,0.041389448169322
7787,Highway 21, ,21,251,200217,984000,0.0234895880660928
7788,Highway 6,King's Highway 6,6,154,157228,342000,0.168476031492399
7789,Shoal  Lake Road, ,673,10,0,0,0.0826574964652348
7790,County Road 2,Highway 2,2,0,0,0,0.0340869850164011
7791,Highway 61, ,61,49,580090,1855000,0.024740279547971
7792,Hwy 9, ,9,136,91681,276000,0.0143652362517164
7793,Highway 17, ,17,398,4478075,24919000,0.14103883005159
7794,Highway 11, ,11,744,9595508,28008000,0.00916332815399621
7795,Highway 17, ,17,590,6469190,38087000,0.215304995069642
7796,Highway 557, ,557,18,0,0,0.216759865207729
7797,Highway 420, ,420,1051,2330505,4533000,0.00157176082680138
7798,Highway 420, ,420,699,834991,2252000,0.000922216894231141
7799,Highway 409 W, ,409,0,0,0,0.000197030454486883
7800,Highway 144, ,144,252,825060,9247000,0.13618390904676
7801,Highway 560, ,560,62,0,0,0.904084799639967
7802,Northwest Bypass, ,144,326,1106598,4504000,0.124890718930304
7803,Secord Road, ,7042,11,0,0,0.0346475950283953
7804,Ontario Street, ,520,47,0,0,0.0989897844102857
7805,Highway 420, ,420,749,842991,2276000,0.00449876052738206
7806,Highway 403 E,King's Highway 24 N,403,4109,22941956,80322000,0.0275659542940446
7807,Highway 560a, ,560,23,158055,16000,0.112330077895558
7808,Boundary Road, ,535,36,1667,8000,0.100470968263537
7809,Highway 17, ,17,433,4798285,34125000,0.00482866865429621
7810,Regional Road 20,Hwy 20,20,0,0,0,0.016372752655161
7811,Loyalist Pky,County Road 33,33,0,0,0,0.00965737412575157
7812,Highway 410 N, ,410,3913,14624077,31304000,0.00629667569246048
7813,Regional Hwy 2,Highway 2,2,0,0,0,0.00697127324482609
7814,Highway 573, ,573,4,0,0,0.116364242935585
7815,Highway 101 W, ,101,208,1244130,1555000,0.231733512217541
7816,Hwy 62,King's Highway 62,62,63,67584,699000,0.00628186185946236
7817,Pyne Road,Highway 574,574,4,0,0,0.0200237131557057
7818,Highway 112, ,112,132,313302,1311000,0.0812398321167108
7819,Highway 15, ,15,279,361043,616000,0.0176480570727492
7820,Hwy 41, ,41,225,258567,930000,0.0155007397170372
7821,County Road 58,Highway 62,62,0,0,0,0.0253977722418076
7822,Tc Hwy W, ,417,2218,7681814,42647000,0.00757485294162983
7823,Highway 40 S,Modeland Rd,40,1008,2455636,3834000,0.00100772863406995
7824,Highway 410 S, ,410,7882,28824853,121494000,0.00418884338551734
7825,Highway 66, ,66,40,93609,384000,0.112569203180442
7826,Highway 572, ,572,18,11745,7000,0.162544271878465
7827,Hwy 3,King's Highway 3,3,159,907591,1328000,0.0171729954625711
7828,Highway 661, ,661,29,535865,52000,0.0429953249883299
7829,Highway 805, ,539001,30,0,0,0.0688994955362552
7830,Talbot Line,County Road 3,3,0,0,0,0.00652610973250686
7831,Colonel Talbot Rd,King's Highway 4,4,0,0,0,0.0103793496373095
7832,Queen Elizabeth Way W, ,1,5231,36646071,120312000,0.0116495348061766
7833,Highway 534, ,534,66,0,0,0.155986201609779
7834,Concession  1 Glackmeyer, ,652,55,521806,1964000,0.20030974020325
7835,Highway 7, ,7,260,1659079,5159000,0.13029982662189
7836,Dundas St W,Hwy 5,5,0,0,0,0.0113216236499329
7837,County Rd 2, ,2,0,0,0,0.0234291997818408
7838,Indutrial Rd,County Road 21,21,0,0,0,0.0159823198669226
7839,Regional Road 20,Hwy 20,20,0,0,0,0.0114861051874801
7840,Lundy's Lane,Regional Road 20,58,544,675567,1276000,0.01183200532296
7841,County Road 33,Highway 33,33,0,0,0,0.00836858783924982
7842,Highway 7, ,7,741,717270,3313000,0.0237755695483288
7843,Highway 65, ,65,180,1298679,979000,0.194645107076674
7844,Northwest Bypass, ,144,256,1106598,4504000,0.0352449413294
7845,Highway 15, ,15,166,202254,479000,0.010608403965148
7846,Parry Sound Drive, ,124,266,521856,887000,0.0977490687185083
7847,Highway 542, ,542,60,87006,165000,0.0957375074709369
7848,Highway 112, ,112,19,0,0,0.0769064752411636
7849,Hwy 9, ,9,153,67009,145000,0.0483686176213905
7850,Highway 12, ,12,370,439998,626000,0.0256695591785253
7851,Hwy 62, ,62,305,192779,631000,0.00886846875525902
7852,Ramp, ,15,0,0,0,0.00181070908092775
7853,Highway 118, ,118,215,287812,135000,0.0637661172571417
7854,Yonge St, ,11,0,0,0,0.00355517061674523
7855,Highway 401 Collector,Macdonald-Cartier Fwy W,401,12270,59411246,224006000,0.0131042748054398
7856,Highway 48, ,48,539,275930,887000,0.0319018614245855
7857,Maple Avenue, ,118,69,144378,210000,0.0621835080641849
7858,Hwy 26, ,26,288,719441,430000,0.0639335949262785
7859,Highway 7a, ,7,759,692401,443000,0.0120722315323149
7860,Highway 7,Tc Highway,7,475,2422162,5861000,0.0168715475810345
7861,Highway 10,Hwy 24,10,743,3793097,4532000,0.00254287059018729
7862,Highway 28, ,28,156,430490,671000,0.173766817571749
7863,Highway 118, ,118,106,281026,506000,0.120894487298546
7864,Highway  631, ,631,55,428381,69000,0.0529012084002499
7865,164 Road,Hwy 23,23,179,430885,1062000,0.0131938535510705
7866,County Road 33,Dufferin Ave,33,0,0,0,0.0309727277475942
7867,Hwy 37, ,37,213,1328068,4789000,0.0481370205290382
7868,Highway 105, ,105,173,204957,1129000,0.442584400671158
7869,Highway 35, ,35,326,508301,1466000,0.018210904071474
7870,Queen Elizabeth Way W, ,1,5420,45303273,136438000,0.0140402151410014
7871,Tc Hwy,King's Highway 17,17,676,4523192,21815000,0.0264280342112893
7872,County Road 58,Highway 62,62,0,0,0,0.0254790603534728
7873,Highway 11,Front Street,11,0,0,0,0.0101394306309672
7874,Highway 637, ,637,42,0,0,0.0557906315927452
7875,Highway 11, ,11,640,7326610,30443000,0.00894996398995853
7876,Highway 10,Hwy 24,10,736,4004035,4968000,0.0169164569501317
7877,Highway 810, ,553,2,0,0,0.447572898288419
7878,Hwy 37, ,37,243,1425327,4904000,0.00840401096892621
7879,Highway 62, ,62,189,145036,379000,0.0281758781464847
7880,Hwy 60, ,60,210,246358,765000,0.0233455627525931
7881,Hwy 41, ,41,107,76370,325000,0.0169258224999942
7882,Highway 7, ,7,330,3072119,8779000,0.0215169239738685
7883,Queen Elizabeth Way E, ,1,4576,32013469,129072000,0.00883931132998425
7884,Highway 656, ,656,9,0,0,0.0298868780011786
7885,Highway 35, ,35,378,521942,1490000,0.0168825072336224
7886,Highway 7a, ,7,596,455137,1013000,0.000572598812545172
7887,County Road 2, ,2,0,0,0,0.0650180717885166
7888,North Front St N,King's Highway 62,62,0,0,0,0.00574138617525757
7889,Highway 522, ,522,19,0,0,0.00795799362537201
7890,Highway 141, ,141,100,97995,101000,0.115045953614361
7891,Highway 17, ,17,1176,7435678,31539000,0.0298705768965232
7892,Hwy 37, ,37,363,3549302,8515000,0.00356235037879525
7893,Atherley Road, ,12,643,1204871,956000,0.0086159688676627
7894,Highway 40, ,40,244,551387,877000,0.0141297334700997
7895,Chatham St S,County Road 3,3,0,0,0,0.0218769196897641
7896,County Road 21,Hwy 21,21,0,0,0,0.0046163509753581
7897,Oil Heritage Rd,County Road 21,21,0,0,0,0.0245757333244804
7898,Provincial Park Road,Hwy 581,581,16,0,0,0.0701501096746366
7899,Highway 7, ,7,397,1189807,6822000,0.0084964600439449
7900,Highway 17, ,17,810,1913689,10152000,0.109805374747532
7901,Highway 15, ,15,353,124937,371000,0.0227758483744411
7902,Hwy 62,King's Highway 62,62,66,67584,699000,0.0206619610930833
7903,Highway 6,King's Highway 6,6,529,2509778,3428000,0.024523844515232
7904,Hwy 93, ,93,516,1551810,3557000,0.0130432416972979
7905,Highway 24, ,24,716,1074404,5334000,0.00901859095219777
7906,Highway 551, ,551,35,23839,13000,0.0410668003722068
7907,Regional Hwy 2,Highway 2,2,0,0,0,0.0103109861652137
7908,Kingston Rd,Regional Highway 2,2,0,0,0,0.00947771322636053
7909,Highway 118, ,118,229,297841,150000,0.0217490602474602
7910,County Road 2,Highway 2,2,0,0,0,0.0175154292362498
7911,Highway 21, ,21,239,125596,804000,0.0346488555050446
7912,O'brien Rd, ,60,0,0,0,0.0104168954194712
7913,Hwy 26,Bridge St,26,247,476863,369000,0.0202539537066889
7914,Highway 529, ,529,5,9332,18000,0.0653509095260165
7915,Highway 529, ,529,12,9332,18000,0.0405501887012426
7916,County Road 4,Hwy 4,4,490,1394799,5282000,0.0418939573546322
7917,Sunset Dr,County Road 4,4,0,0,0,0.00995313542241724
7918,Highway 69, ,141,143,39544,107000,0.0326160033390545
7919,Queen St E,Regional Road 7 E,7,0,0,0,0.000358012569617307
7920,Highway 48,King's Highway 48,48,246,116344,59000,0.0148697589889377
7921,Highway 124, ,124,129,436733,305000,0.0564410921127953
7922,Highway 554, ,554,22,248978,118000,0.0956126770191263
7923,County Road 4,Hwy 4,4,0,0,0,0.00882978041639586
7924,Pembroke St E,Highway 148,148,328,79814,112000,0.0155646771851518
7925,County Road 2, ,2,0,0,0,0.00416766333967043
7926,Desjardins Street, ,64,224,654809,712000,0.00534637352437791
7927,Highway 7,Highway 35,35,291,430536,1152000,0.0237980835181607
7928,Highway 35, ,35,174,64614,145000,0.0443203292814313
7929,Highway 12, ,12,337,143451,1164000,0.0154875407028841
7930,County Road 2, ,2,0,0,0,0.0602196211430704
7931,Hwy 37, ,37,236,1425327,4904000,0.0194541250443946
7932,Hwy 37, ,37,236,1425327,4904000,0.00609364250651861
7933,Highway 627, ,627,30,55535,6000,0.0773972881929761
7934,Bovaird Dr W,King's Highway 7,7,0,0,0,0.0110042332532364
7935,Highway 118, ,118,37,28854,33000,0.0490618257447858
7936,Highway 118, ,118,55,12618,349000,0.0445883812486875
7937,Hwy 62,King's Highway 62,62,362,127015,594000,0.0158492913663228
7938,Medora Street, ,118,0,0,0,0.0176688104970717
7939,Elizabeth Street,Highway 592,592,61,4461,10000,0.0675225873611126
7940,Highway 28, ,28,301,445652,128000,0.0201608660694744
7941,Highway 28, ,28,218,577500,183000,0.177993980645292
7942,Loyalist Pky,County Road 33,33,0,0,0,0.0435253173649353
7943,Hwy 62,King's Highway 62,62,63,67584,699000,0.0233892833479713
7944,Hwy 62,King's Highway 62,62,66,67584,699000,0.00804150225787372
7945,Bloomfield Main St,Highway 33,33,287,74207,708000,0.0212522651544409
7946,Riverside Pky,Highway 33,33,0,0,0,0.00239713481479335
7947,County Road 33, ,33,0,0,0,0.0263292991774169
7948,Hwy 62,King's Highway 62,62,184,203676,735000,0.0183845205546158
7949,Hwy 62,King's Highway 62,62,292,203676,735000,0.0092977670296123
7950,Dundas St W,County Road 2,2,0,0,0,0.00462384448431107
7951,Cannifton Rd,Highway 37,37,0,0,0,0.00997971888962359
7952,Hwy 62,King's Highway 62,62,380,127015,594000,0.0143293715572165
7953,Hwy 37, ,37,243,1425327,4904000,0.00785989932595853
7954,Queen St E,Regional Road 7 W,7,0,0,0,0.000176504957404375
7955,Queen Elizabeth Way E, ,1,5016,33418737,132839000,0.0168149607869453
7956,County Road 2,Highway 2,2,0,0,0,0.0531336342983499
7957,County Road 49,Highway 49,49,0,0,0,0.0372704111545891
7958,Hwy 37, ,37,243,1425327,4904000,0.0144867883080192
7959,Bridge Street,Hwy 41,41,131,351276,1045000,0.0112674601394804
7960,Tc Hwy, ,17,528,4768793,20205000,0.0276397941774554
7961,County Road 3,Talbot Trail,3,0,0,0,0.00933180462863498
7962,Highway  631, ,631,55,428381,69000,0.0626671522164288
7963,Highway 65, ,65,198,1322980,1349000,0.0701517626675459
7964,Hwy 132, ,132,134,31857,117000,0.0386492032016226
7965,Hwy 6,King's Highway 6,6,159,0,0,0.0111567391480696
7966,None, ,600,10,2633,3000,0.00151109974167194
7967,Tc Hwy E, ,417,4102,10275123,27757000,0.00523303211047131
7968,Highway 11, ,11,251,326076,860000,0.0246103434258578
7969,Highway 15, ,15,216,372761,662000,0.00756723911033023
7970,Highway 600, ,600,5,0,0,0.208441960950275
7971,Duke Street, ,594,0,0,0,0.00621562806331261
7972,Broadway St,County Road 21,21,0,0,0,0.0221922610550196
7973,Highway 17, ,17,726,8058484,53668000,0.00153719698198525
7974,Highway 17, ,17,528,4471950,32933000,0.859517140808868
7975,Highway 613, ,613,6,0,0,0.101636414755765
7976,Highway 51,Yonge St,11,0,0,0,0.000752465390892492
7977,Highway 11, ,11,121,634844,1882000,0.0920936079588321
7978,Highway 516, ,516,144,2129,9000,0.049724182148574
7979,Highway 15, ,15,143,194137,410000,0.00898809170141775
7980,Highway 599, ,599,24,485869,554000,0.06285893152121
7981,Highway 599, ,599,26,485869,554000,0.00580911079213194
7982,Highway 595, ,595,25,21509,5000,0.115816553037686
7983,Highway 588, ,588,27,29434,2000,0.0257175517613333
7984,Barrie Drive, ,130,67,133156,127000,0.0451671221083172
7985,Dundas St W,King's Highway 62,62,0,0,0,0.00553045457055183
7986,County Road 21,Hwy 21,21,0,0,0,0.014896669850969
7987,Hwy 33,Bridge St,33,7,5965,28000,0.0225942544193596
7988,Highway 11, ,11,375,4554623,27462000,0.438202850493463
7989,Trans Canada Highway, ,17,453,4684114,33101000,1.08965895645256
7990,Highway 17, ,17,443,4465359,33550000,0.0113600596233088
7991,Highway 17, ,17,422,4798285,34125000,0.10381632281993
7992,Highway 10, ,10,197,690715,1522000,0.026708496443208
7993,Highway 519, ,519,0,0,0,0.0185102169608958
7994,Highway 519, ,519,10,50720,25000,0.08443052941978
7995,Hwy 37, ,37,243,1425327,4904000,0.0103497999725216
7996,Hwy 93,Highway 93,93,339,1232979,3275000,0.0100637909228042
7997,Tc Hwy, ,17,478,4777938,20240000,0.0827196646837085
7998,Ontario St,King's Highway 8,8,0,0,0,0.00258047431648389
7999,Hwy 93, ,93,516,1551810,3557000,0.0203324022930616
8000,Highway 17, ,17,74,45087,53000,0.00312955965973182
8001,County Road 41, ,41,0,0,0,0.0224866457910999
8002,Highway 7, ,7,330,3072119,8779000,0.0840898834504614
8003,Highway 12, ,12,401,1056719,898000,0.179087573401361
8004,Round Lake Rd,County Road 58,148,0,0,0,0.0286023036650991
8005,Highway 15, ,15,143,194137,410000,0.0129589404138966
8006,Highway 35, ,35,197,111452,127000,0.0270093707753408
8007,County Road  48, ,48,0,0,0,0.0943085029166707
8008,Highway 35, ,35,211,453425,1375000,0.00836221308829388
8009,Hwy 93,Highway 93,93,516,1551810,3557000,0.0244841958216794
8010,Highway 28, ,28,212,476220,773000,0.00916130343767092
8011,Sykes St S,Hwy 26,26,0,0,0,0.0142930711103828
8012,County Road 21,Hwy 21,21,0,0,0,0.0107937768846431
8013,Dunnville Rd,King's Highway 3,3,89,228179,951000,0.0190502575655618
8014,Highway 12,Tc Hwy,12,168,684116,1664000,0.0123699039507628
8015,Portage Road, ,48,0,0,0,0.108415942458029
8016,Hwy 6,Walker St,6,262,11506,25000,0.00754216098696359
8017,Highway 11, ,11,846,7810368,30453000,0.143718473338832
8018,Highway 35, ,35,246,371712,239000,0.0047466839125879
8019,Hwy 26, ,26,272,1131093,4257000,0.0112435999203943
8020,Hwy 26, ,26,763,5896891,7643000,0.00783724879833715
8021,Hwy 93, ,93,516,1551810,3557000,0.0017068762832178
8022,Tc Hwy W,King's Highway 417 W,417,4953,14101735,46911000,0.00395853465413972
8023,Highway 559 West, ,559,251,69290,525000,0.0071529014102263
8024,Highway 144, ,144,254,828696,9313000,0.00864974011021751
8025,Highway 7,Tc Highway,7,432,555938,1362000,0.0250044572653024
8026,Imperial Street, ,64,0,0,0,0.00578608746048678
8027,Highway 15, ,15,216,372761,662000,0.00440430719701758
8028,Highway 10, ,10,389,1356100,2612000,0.0181559712645382
8029,Trenton St,County Road 33,33,0,0,0,0.022894007122607
8030,None, ,571,0,0,0,0.000776134606375044
8031,Plank Rd,County Road 19,19,0,0,0,0.0180666752667166
8032,Highway 61, ,61,468,503693,1220000,0.0142799576804677
8033,New Pukaskwa Road, ,627,30,55535,6000,0.0234810104537776
8034,2nd Line East, ,550,0,0,0,0.00484668911769808
8035,Highway 24, ,24,452,2107031,3454000,0.0489336707661538
8036,Highway 599, ,599,23,485869,554000,0.0301590413184823
8037,Ferry St, ,20,0,0,0,0.00928708151022851
8038,Main St S,Highway 10,10,0,0,0,0.00374469717756391
8039,Highway 535, ,535,636,2751673,13402000,0.0833295832662245
8040,Highway 101, ,101,0,0,0,0.0698021242603114
8041,Algonquin Boulevard West, ,101,0,0,0,0.0135373793006506
8042,Hwy 7a, ,7,406,478924,184000,0.0129152373241836
8043,Bloor St W,Hwy 5,5,0,0,0,0.00164080304745194
8044,Highway 7,Tc Highway,7,547,375070,398000,0.00875688671809051
8045,County Road 2,Highway 2,2,0,0,0,0.0176598319978208
8046,Highway 17, ,17,764,7944343,53254000,0.189056371389179
8047,Highway 17a, ,17,104,464141,1225000,0.00702158330301048
8048,Highway 17a, ,17,659,9495452,37201000,0.103257278322375
8049,Highway 7,Victoria St N,7,428,681374,3186000,0.00629732180036699
8050,Highway 596, ,596,10,12370,1000,0.0570661360776342
8051,Highway 11, ,11,137,609670,49000,0.149714451040399
8052,Highway 17a, ,17,694,7979173,53258000,0.0817489460367898
8053,Highway 124, ,124,121,436733,305000,0.189834578947249
8054,Hurontario St,Highway 10,10,0,0,0,0.0061899187474006
8055,Dog Lake Road,Hwy 589,589,96,27021,64000,0.0369199731224932
8056,Highway 591, ,591,46,0,0,0.0826064328613154
8057,Highway 11,Highway 17,17,669,7393129,40860000,0.379422607413403
8058,County Road 2, ,2,0,0,0,0.0332282809627434
8059,Lakeview Drive, ,17,0,0,0,0.0268219500004731
8060,Stewart St, ,60,0,0,0,0.0113653853544156
8061,Highway 427 Collector, ,427,12427,43699291,111915000,0.0129153711708332
8062,Highway 11,Highway 17,17,574,7358870,42157000,0.182218505826928
8063,Highway 584, ,584,17,29232,72000,0.185492170791234
8064,Regional Road 20,Hwy 20,20,0,0,0,0.0041749051769175
8065,Hwy 35,King's Highway 35,35,225,696393,2502000,0.0125878886762389
8066,Highway 118, ,118,0,0,0,0.0631881795273067
8067,Highway 427 Expy, ,427,11835,36194482,120811000,0.00660194725023884
8068,Highway 403 W,Queen Elizabeth Way W,1,7489,48941776,144576000,0.00657939480497204
8069,Highway 17, ,17,472,4798285,34125000,0.246442608230153
8070,Highway 584, ,584,0,0,0,0.0404758494970287
8071,2nd Line East, ,550,0,0,0,0.0105546101230191
8072,Alma St,King's Highway 7,7,431,547413,1809000,0.0156167868475853
8073,Lakeview Drive, ,17,0,0,0,0.00560516363066783
8074,Highway 410 N, ,410,7336,39085003,122706000,0.00693465173921755
8075,Highway 17, ,17,407,4798285,34125000,0.219584525758599
8076,Highway 101, ,101,89,68558,177000,0.0494448457698375
8077,Highway 547, ,547,16,30950,37000,0.0363577166593318
8078,Highway 24, ,24,432,2055868,3435000,0.00570434248342339
8079,Highway 28, ,28,374,444560,742000,0.0107647778341633
8080,Highway 130, ,130,67,121354,105000,0.0275332751067225
8081,County Rd 2, ,2,0,0,0,0.0625116081156573
8082,Loyalist Pky,County Road 33,33,0,0,0,0.0201430339929773
8083,Highway 64, ,64,43,44776,189000,0.170567286268945
8084,West St,Regional Road 20,20,0,0,0,0.0100604392755467
8085,Richmond St,King's Highway 4,4,0,0,0,0.00146433742110468
8086,Central Ave, ,3,0,0,0,0.00112259654132116
8087,County Rd 2, ,2,0,0,0,0.0618267277792508
8088,Highway 4,Main St,4,162,162522,333000,0.0511618352481438
8089,Kingston Rd,Highway 2,2,0,0,0,0.00998803872130265
8090,Highway  631, ,631,55,428381,69000,0.0535048648758736
8091,Highway  631, ,631,13,78117,76000,0.0321325146778013
8092,Highway  631, ,631,55,428381,69000,0.0474617404731423
8093,Highway 663, ,663,76,538851,136000,0.0497910286929844
8094,Sykes St N,Hwy 26,26,236,24523,43000,0.0195606659432709
8095,Highway 108, ,108,0,0,0,0.00693511701577964
8096,Highway 529, ,529,5,11194,31000,0.022469350940305
8097,Highway 69, ,69,662,9208331,41036000,0.0649708053021785
8098,None, ,69,639,9208331,41036000,0.0661196959321553
8099,Highway 409 W, ,409,0,0,0,0.00384964134791303
8100,Hwy 7a, ,7,406,478924,184000,0.0367404050729363
8101,Hwy 35,King's Highway 35,35,395,1251243,5660000,0.00697290700113587
8102,Queen Elizabeth Way E, ,1,5758,37541294,136767000,0.0200968438899083
8103,Highway 118 W, ,118,139,12618,349000,0.116372487006312
8104,Union St, ,15,353,124937,371000,0.0518609127288613
8105,Highway 518, ,518,140,8416,18000,0.513462684957499
8106,Hwy 33, ,33,17,5965,28000,0.0554358832127714
8107,Hwy 62, ,62,252,192779,631000,0.0254561708897778
8108,County Road 2, ,2,0,0,0,0.015141950039717
8109,Highway 6,King's Highway 6,6,246,876654,3272000,0.029727706331783
8110,Highway 6, ,6,339,1187173,1737000,0.0227894726540807
8111,Highway 35, ,35,326,508301,1466000,0.00868776707791692
8112,Highway 141, ,141,101,129114,177000,0.00212525465238562
8113,Hwy 17, ,17,90,38191,6000,0.0339800307501109
8114,Highway 144, ,144,254,828696,9313000,0.0358959711492582
8115,None, ,656,9,0,0,0.00568424282450654
8116,Highway 607, ,607,33,44776,189000,0.0387534727623289
8117,Highway 522, ,522,19,0,0,0.0238895166960814
8118,Highway 404 N, ,404,2288,19144842,25062000,0.028267998727405
8119,Kingston Rd,Highway 2,2,0,0,0,0.000657221499910817
8120,Highway 108, ,108,194,242581,2449000,0.0226707558056834
8121,Imperial Street North, ,553,2,0,0,0.0171864380267663
8122,Rimi Lake Road,Hwy 581,581,97,0,0,0.0333403712956993
8123,Regional Road 54,Hwy 58,58,0,0,0,0.00604977187576605
8124,Clifton Hill, ,20,0,0,0,0.00345914520386891
8125,Hwy 60, ,60,255,1144889,1729000,0.0362441330711269
8126,Prince Charles Dr,Regional Road 54,58,0,0,0,0.00224675401246725
8127,Highway 547, ,547,16,30950,37000,0.00346189146526848
8128,Highway 11, ,11,157,468918,442000,0.133319396478644
8129,Highway 611, ,611,27,0,0,0.128907335304001
8130,Highway 11, ,11,0,0,0,0.0264536547362156
8131,Talbot Line,King's Highway 3,3,363,1260956,3688000,0.0182145768460879
8132,Kingston Rd,Highway 2,2,0,0,0,0.000619556292845747
8133,Yonge St, ,11,0,0,0,0.000743616164440363
8134,Plank Rd,County Road 19,19,0,0,0,0.0249789206711057
8135,Plank Line,King's Highway 19,19,448,1913961,6162000,0.00544036368032145
8136,Regional Hwy 19,Hwy 19,19,0,0,0,0.0298594172387796
8137,Highway 21,Bluewater Hwy,21,177,302761,542000,0.0120635062393443
8138,Essa Rd,Hwy 27,11,0,0,0,0.00308038070696816
8139,Highway 401 E,Macdonald-Cartier Fwy E,401,0,0,0,0.000125207236190932
8140,Highway 7,Tc Highway,7,472,2422162,5861000,0.0169384061797375
8141,Loyalist Pky,County Road 33,33,0,0,0,0.00423341446343844
8142,Hwy 60, ,60,170,327311,1050000,0.0339177166218553
8143,Highway 6,King's Highway 6,6,343,1134213,1712000,0.0177113538955024
8144,County Road 19,Hwy 19,19,0,0,0,0.00737250497063182
8145,Essa Rd,Hwy 27,11,0,0,0,0.0138856562590105
8146,Highway 579, ,579,18,0,0,0.196805860724331
8147,County Road 2,Highway 2,2,0,0,0,0.0052663154574082
8148,Highway 40, ,40,295,583209,903000,0.0123980842331301
8149,Highway 35, ,35,378,521942,1490000,0.00435777954560962
8150,Highway 519, ,519,58,214880,165000,0.0257113056186602
8151,Queen Elizabeth Way W, ,1,4942,34357082,99942000,0.0105102411828248
8152,Norman Drive, ,596,0,0,0,0.0190530322565153
8153,Yonge St, ,11,0,0,0,0.000691551499135498
8154,Simcoe County Road 4,Yonge St,11,0,0,0,0.0129057820928766
8155,Highway 34, ,34,449,428174,539000,8.76584279596076e-05
8156,Secord Road, ,7042,11,12779,300000,0.00168154115028676
8157,Dundas St,Regional Road 5,5,0,0,0,0.0215119382466043
8158,Highway 34, ,34,449,428174,539000,7.16928727429348e-05
8159,Greenwood Bridge Road, ,562,5,17819,44000,0.0857579722095668
8160,Garrison Rd,Regional Road 3,3,0,0,0,0.0094765965967177
8161,Highway 11, ,11,707,7047648,30237000,0.0045148677777675
8162,Canboro Rd,Regional Road 20,20,0,0,0,0.000377383900017746
8163,Highway 118, ,118,40,136186,194000,0.160427023611837
8164,Highway 8,King's Highway 7,7,990,2716687,5960000,0.00916906194385236
8165,Highway 20, ,20,0,0,0,0.00352783695938836
8166,Highway 8,King's Highway 7,7,741,2716687,5960000,0.000570788286473594
8167,Raglan St S, ,60,0,0,0,0.000658751083488434
8168,Highway 6, ,6,306,978968,973000,0.0269670029805365
8169,Highway 8,King's Highway 7,7,1347,3407543,6842000,0.00928634346729245
8170,Canboro Rd,Regional Road 20,20,0,0,0,0.0217024745923753
8171,Highway 62, ,62,204,573042,502000,0.0727615185520866
8172,Highway 24, ,24,432,1217528,2672000,0.0128001091348381
8173,Highway 61, ,61,101,441816,1751000,0.012686881660807
8174,Brant Rd,King's Highway 24,24,755,1195332,5323000,0.019928589055727
8175,Highway 64, ,64,51,44776,189000,0.0298130017697315
8176,Bloor St W,Hwy 5,5,0,0,0,0.00648594406513087
8177,Hwy 9, ,9,917,4383533,6472000,0.0153161896723442
8178,Yonge St,County Road 1,11,0,0,0,0.00372200506718726
8179,Bloor St W,Hwy 5,5,0,0,0,0.00600595051993447
8180,Highway 101, ,101,69,630678,1477000,0.603817884597312
8181,Forks Rd,King's Highway 3,3,191,356244,925000,0.000445495230066544
8182,Highway 11,Highway 17,17,1197,11305073,40807000,0.000818405995425368
8183,Highway 600, ,600,6,0,0,0.0933146738805623
8184,Hwy 89,Highway 89,89,477,3707685,17007000,0.0127467131950312
8185,Highway 11, ,11,151,895899,345000,0.251512110159262
8186,Highway 17, ,17,582,8068252,37411000,0.111674939013465
8187,King St S,Hwy 89,89,0,0,0,0.00285179662664507
8188,Highway 10,Hwy 24,10,584,2769461,4224000,0.0277667680512932
8189,Highway 60, ,60,28,43315,67000,0.231135981339598
8190,Highway 11, ,11,263,3610328,18821000,0.133153647753851
8191,None, ,627,30,55535,6000,0.00410741027571503
8192,Highway 11, ,17,461,3201321,12516000,0.0219220040411248
8193,Dundas St W,Regional Road 5,5,0,0,0,0.00701261184298108
8194,2nd Line West, ,550,0,0,0,0.00145009054136051
8195,None, ,527,0,0,0,0.000639762285499693
8196,Highway 11, ,11,303,4698700,28681000,0.0449662211368451
8197,Bloor St W,Hwy 5,5,0,0,0,0.00246308407977969
8198,Yonge St, ,11,0,0,0,0.00244321430992906
8199,Bloor St E,Hwy 5,5,0,0,0,0.00136193762853626
8200,Highway  631, ,631,55,428381,69000,0.0223488525871163
8201,Highway 2 E, ,2,0,0,0,0.0177752434603825
8202,Yonge St, ,11,0,0,0,0.000226373585053291
8203,Yonge St, ,11,0,0,0,0.00195111301571567
8204,Dundas St W,Hwy 5,5,0,0,0,0.0171898131497906
8205,Dundas St W,Hwy 5,5,0,0,0,0.00828458584314034
8206,Yonge St, ,11,0,0,0,0.00178770830955295
8207,Dundas St W,Hwy 5,5,0,0,0,0.00492115436567901
8208,Dundas St W,Hwy 5,5,0,0,0,0.0011159020835121
8209,Bloor St W,Hwy 5,5,0,0,0,0.00479513343587061
8210,Yonge St,County Road 1,11,0,0,0,0.0151259312265344
8211,Regional Road 7, ,7,0,0,0,0.00707906558030681
8212,Hwy 9,Davis Drive West,9,0,0,0,0.00224805062491886
8213,Yonge St,County Road 1,11,0,0,0,0.0130513392928744
8214,Yonge St, ,11,0,0,0,0.00120333706419512
8215,Yonge St,County Road 1,11,0,0,0,0.00215722595616227
8216,Regional Road 7,Highway 7,7,0,0,0,0.00493978771566151
8217,Main St E,King's Highway 3,3,225,584691,1218000,0.0023402607375675
8218,Highway 6,King's Highway 6,6,131,178560,351000,0.0818268551310101
8219,Danforth Ave,Hwy 5,5,0,0,0,0.00866736034373627
8220,Danforth Ave,Hwy 5,5,0,0,0,0.00508488643567543
8221,Regional Hwy 2,Highway 2,2,0,0,0,0.00938289747505563
8222,Baldwin St,King's Highway 7,7,642,409043,779000,0.000464346853149452
8223,Highway 11,Highway 17,17,1187,13425515,48020000,0.00459961758388326
8224,County Road 2,Highway 2,2,0,0,0,0.00766571793898245
8225,Yonge St,Simcoe County Road 4,11,0,0,0,0.0128901434694809
8226,Yonge St,Simcoe County Road 4,11,0,0,0,0.0128122263855699
8227,Simcoe County Road 4,Yonge St,11,0,0,0,0.012652638521416
8228,Highway 7, ,7,311,2335128,5351000,0.0136797667865058
8229,Highway 48,King's Highway 48,48,614,907663,666000,0.00724700613093871
8230,Highway 48,King's Highway 48,48,600,907663,666000,0.00630675921305139
8231,Secord Road, ,7042,11,1452,6000,0.00312196264581708
8232,Hwy 48,King's Highway 48,48,410,275930,887000,0.0312034567285527
8233,Ramp, ,537,68,34042,200000,0.00152107257798252
8234,Highway 69 S, ,69,0,0,0,0.000168999000038639
8235,Perry Road, ,518,60,0,0,0.0972598747672068
8236,Hwy 35,King's Highway 35,35,395,1251243,5660000,0.0103762294626791
8237,Hwy 35,King's Highway 35,35,395,1251243,5660000,0.00698904302592017
8238,Hwy 7a, ,7,406,478924,184000,0.0074502477524917
8239,Hwy 7a,Moore Dr,7,400,860450,431000,0.00248580168154825
8240,Highway 7,Tc Highway,7,897,2639018,6786000,0.0108304377448989
8241,Highway 7,Tc Highway,7,475,2422162,5861000,0.0168021785730302
8242,Highway 7,Tc Highway,7,618,2421350,5860000,0.0168863380902858
8243,County Road 2, ,2,0,0,0,0.00537592034134577
8244,Tc Hwy, ,17,476,4264131,16370000,0.0181547087608596
8245,Hwy 132, ,132,116,31857,117000,0.0246608541615266
8246,Highway 7, ,7,540,2596278,7474000,0.0075545817703001
8247,Beckwith St N, ,15,0,0,0,0.00332123836094067
8248,County Road 2, ,2,0,0,0,0.000239354126770022
8249,Markham Rd, ,48,0,0,0,0.00621475575093722
8250,Elginfield Rd,King's Highway 7,7,172,393950,1454000,0.00220033610433916
8251, , ,63,0,0,0,0.000992134078655596
8252,Wharncliffe Rd S,King's Highway 4,4,0,0,0,0.000649295835458221
8253,Wharncliffe Rd S,King's Highway 4,4,0,0,0,0.000343145741617674
8254,Highway 3, ,3,454,1051082,3668000,0.0133987085965652
8255,Highway 3, ,3,503,1158891,3755000,0.0349486402845069
8256,Regional Road 24, ,24,0,0,0,0.0098717443533446
8257,Hwy 33, ,33,39,0,0,0.0297768033425365
8258,County Road 2,Highway 2,2,0,0,0,0.0122863947513098
8259,Highway 7a, ,7,339,518859,237000,0.0336613789459945
8260,Hwy 62,King's Highway 62,62,362,127015,594000,0.0033486635686525
8261,River Rd,Highway 41,41,0,0,0,0.00536971560065641
8262,Highway 7, ,7,330,3072119,8779000,0.027623524927282
8263,Hwy 60, ,60,210,246358,765000,0.00240023653919092
8264,Highway 15, ,15,266,361043,616000,0.0252584743568303
8265,Victoria St N,King's Highway 7,7,0,0,0,0.00670107420417989
8266,Edna St,King's Highway 7,7,0,0,0,0.00020235685311601
8267,St David St N,King's Highway 6,6,0,0,0,0.0107776938060346
8268,Highway 6, ,6,400,1923289,6113000,0.0016843448346538
8269,Dundas St W,Hwy 5,5,1011,1693000,1770000,0.027165288821712
8270,Highway 8, ,8,443,877931,1656000,0.0320430615272491
8271,Highway 8, ,8,443,877931,1656000,0.00714304965152015
8272,Highway 8, ,8,443,877931,1656000,0.00160519242025018
8273,Highway 6,Queen St,6,789,4218844,15414000,0.00732762565666138
8274,Dundas St W,Hwy 5,5,893,1498691,1091000,0.00482952670788315
8275,Highway 6, ,6,901,3998380,15426000,0.000691968207385385
8276,Highway 6, ,6,916,4189825,15532000,0.00276375304831315
8277,Brock St N,Regional Road 12,12,0,0,0,0.000424083803068167
8278,Centennial Pky S,Hwy 20,20,0,0,0,0.00903965199665998
8279,Regional Road 20,Hwy 20,20,0,0,0,0.00943464000721817
8280,Hurontario St,Highway 10,10,1257,667165,1559000,0.00126052568398012
8281,Dundas St,Regional Road 5,5,983,199418,11000,0.0213985333963557
8282,Dundas St E,Regional Road 5,5,977,3861215,2435000,0.0104887783582615
8283,Highway 6,King's Highway 6,6,644,4080644,15028000,0.00717958921718217
8284,Highway 600, ,600,5,0,0,0.0220072053758254
8285,Main St,Hwy 8,8,0,0,0,0.00198123755870645
8286,Main St W,Hwy 8,8,0,0,0,0.00105202841784877
8287,Dundas St,Regional Road 5,5,718,96412,382000,0.0205981143701126
8288,Dundas St E,Regional Road 5,5,0,0,0,0.00490295017472969
8289,Regional Hwy 2,Highway 2,2,0,0,0,0.00030920058213932
8290,Highway 599, ,599,26,485869,554000,0.00196758651853167
8291,Regional Hwy 2,Highway 2,2,0,0,0,0.00414377912590175
8292,Regional Hwy 2,Highway 2,2,0,0,0,0.0121028385552146
8293,Regional Hwy 2,Highway 2,2,0,0,0,0.0170004263262572
8294,County Road 2,Highway 2,2,0,0,0,0.00143330481266723
8295,County Road 2,Highway 2,2,0,0,0,0.00123013169944908
8296,County Road 2,Highway 2,2,0,0,0,0.0204067104779589
8297,County Road 2,Highway 2,2,0,0,0,0.0288039226271779
8298,County Road 2,Highway 2,2,0,0,0,0.0104832989829301
8299,Highway 12, ,12,236,1674000,2462000,0.0267838513196594
8300,Yonge St,Simcoe County Road 4,11,0,0,0,0.0124417068972869
8301,Hurontario St,Highway 10,10,1257,667165,1559000,0.0135550050260764
8302,Hwy 9,Davis Drive West,9,0,0,0,0.00870263455209201
8303,Yonge St,County Road 1,11,0,0,0,0.00985350091298474
8304,Yonge St,County Road 1,11,0,0,0,0.00518572833208127
8305,Albert St S,King's Highway 21,21,0,0,0,0.00625405513154035
8306,Highway 21, ,21,241,125241,803000,0.0254154644615685
8307,Highway 6,King's Highway 6,6,210,564635,1744000,0.0169288199267663
8308,Highway 69 S, ,69,0,0,0,0.00327201008555283
8309,Highway 552 E, ,552,22,0,0,0.0140155819685258
8310,Highway 11 & 101, ,11,632,7832056,31756000,0.0859933300914008
8311,Forks Rd,King's Highway 3,3,191,356244,925000,0.00990752951656393
8312,Queen St E,Regional Road 7,7,0,0,0,0.0040384910075287
8313,Regional Hwy 2,Highway 2,2,0,0,0,0.00567815189830591
8314,Bloor St W,Hwy 5,5,0,0,0,0.00753073916224774
8315,County Rd 2, ,2,0,0,0,0.00457322525968714
8316,County Road 2,Highway 2,2,0,0,0,0.00894350158065788
8317,County Road 2,Highway 2,2,0,0,0,0.00203919202281872
8318,County Road 2,Highway 2,2,0,0,0,0.0201451115458533
8319,Highway 7, ,7,646,292167,941000,0.00104812375128614
8320,Main St N,King's Highway 7,7,0,0,0,0.00550544316435867
8321,Highway 118 W, ,118,162,30804,35000,0.000913886717289291
8322,Highway 7,Tc Highway,7,950,2621832,6628000,0.000990826927322449
8323,Portage Road, ,48,0,0,0,0.066709805525851
8324,Highway 7a, ,7,692,637344,691000,0.0298439605090141
8325,Highway 7a, ,7,336,518859,237000,0.0149925530226681
8326,Highway 7a, ,7,339,518859,237000,0.00734425377836003
8327,Highway 7,Tc Highway,7,316,438406,1268000,0.00880800432358811
8328,Highway 35, ,35,378,521942,1490000,0.0064910028365483
8329,Highway 7,Highway 35,35,430,444883,1211000,0.00105489615222718
8330,Highway 592, ,592,8,0,0,0.019793096462389
8331,Highway 48,King's Highway 48,48,594,918083,697000,0.00951273655606098
8332,Highway 7,Tc Highway,7,456,555938,1362000,0.0217775658347663
8333,Highway 7,Tc Highway,7,547,375070,398000,0.00373847775300043
8334,Highway 7,Tc Highway,7,499,527844,1274000,0.00983410305796597
8335,Highway 7,Tc Highway,7,945,2625247,6670000,0.0160583258469019
8336,Highway 608, ,608,13,0,0,0.139549948813066
8337,County Road 49,Highway 49,49,0,0,0,0.000399401602396545
8338,Dundas St E,County Road 2,2,0,0,0,0.0213892528016162
8339,Dundas St E,County Road 2,2,0,0,0,0.000259401233606155
8340,Dundas St W,County Road 2,2,0,0,0,0.0147101817920013
8341,Highway 7,Tc Highway,7,432,555938,1362000,0.0130679071987639
8342,Dundas St W,King's Highway 62,62,0,0,0,0.000507052263559874
8343,Pinnacle St,King's Highway 62,62,0,0,0,0.00297914570507189
8344,Pinnacle St,King's Highway 62,62,0,0,0,0.00124458092222879
8345,Hwy 37, ,37,336,1559127,4204000,0.00753855188690102
8346,Dawson Road, ,102,613,6660383,44390000,0.0247834961834423
8347,Highway 23,Hwy 89,23,252,571992,1181000,0.0186759478103042
8348,Highway 23,Hwy 89,23,252,571992,1181000,0.01760079995763
8349,Highway 23,Highway 23,23,178,1488884,1972000,0.00149387683562671
8350,Hwy 9, ,9,565,996498,1397000,0.0048624554254239
8351,Hwy 9, ,9,565,996498,1397000,0.0230875887013824
8352,Yonge St, ,11,0,0,0,0.000995701260398173
8353,Hwy 9,Highway 9,9,1181,5058379,6669000,0.00459946845298052
8354,Highway 35, ,35,472,496863,1568000,0.0164953320745755
8355,Highway 11, ,11,118,634844,1882000,0.79687619359369
8356,County Road 2, ,2,0,0,0,0.0296533133760253
8357,County Road 2, ,2,0,0,0,0.000758022751618218
8358,County Road 41, ,41,0,0,0,0.0125346127830327
8359,County Road 41, ,41,0,0,0,0.00175497749275277
8360,County Road 2, ,2,0,0,0,0.0179551789353621
8361,Tc Hwy,King's Highway 17,17,541,4643663,21998000,0.0289861807702368
8362,Trafalgar Rd, ,148,0,0,0,0.00346921623221826
8363,Pembroke St E,Highway 148,148,0,0,0,0.0126361464620378
8364,Hwy 60, ,60,210,246358,765000,0.0143438835262534
8365,County Road 2, ,2,112,131253,351000,0.00225065466427961
8366,County Road 2, ,2,0,0,0,0.00853539118783928
8367,Highway 21, ,21,284,153929,1042000,0.00358747441212684
8368,Highway 17, ,17,443,4465359,33550000,0.0612593804203092
8369,Highway 10, ,10,302,824079,2437000,0.0185634684309222
8370,Hwy 26,Highway 26,26,769,5826466,7455000,0.00107580439487781
8371,Causley Street, ,17,402,4408270,24649000,0.00192006208284975
8372,Secord Road, ,7042,11,12779,300000,0.00233518521751371
8373,Ramp, ,537,68,34042,200000,0.00150191373303472
8374,Southwest Bypass, ,69,0,0,0,0.00290105100506812
8375,Highway 17 E, ,17,989,2524851,11952000,0.00655999214216651
8376,Front Street, ,17,0,0,0,0.00467968185710946
8377,Highway 48,King's Highway 48,48,108,861,4000,0.0191195250041181
8378,County Road 109,Hwy 9,9,0,0,0,0.00675874108351566
8379,Forks Rd,King's Highway 3,3,194,361301,935000,0.000189093183389727
8380,Main St E,King's Highway 3,3,228,584691,1218000,0.0104510177566899
8381,Regional Road 20,Hwy 20,20,0,0,0,0.0300946406734045
8382,County Road 2, ,2,0,0,0,0.00922871138633948
8383,Highway 7, ,7,407,2437635,6832000,0.00853639669947945
8384,Highway 15, ,15,411,207607,9020000,0.0291556509756693
8385,Regional Road 20,Hwy 20,20,0,0,0,0.0491127731818113
8386,Elginfield Rd,King's Highway 7,7,268,393950,1454000,0.0300704247619627
8387,Highway 17, ,17,360,3158412,21276000,0.43948160281773
8388,Highway 101, ,101,23,52032,121000,0.0287009937575577
8389,Davis Rd,King's Highway 58,58,546,800137,1137000,0.000371841363997486
8390,Davis Rd,King's Highway 58,58,546,800137,1137000,0.00131780759676215
8391,Highway 7, ,7,311,2335128,5351000,0.0179052001162916
8392,Dundas St E,Hwy 5,5,0,0,0,0.00949104916128146
8393,Danforth Ave,Hwy 5,5,0,0,0,0.00109316414775488
8394,Hwy 37, ,37,0,0,0,0.0026729491862029
8395,Danforth Ave,Hwy 5,5,0,0,0,0.00288079491533589
8396,Yonge St,County Road 1,11,0,0,0,0.00377209557199348
8397,County Road 41, ,41,0,0,0,0.00987335534171391
8398,County Road 41, ,41,0,0,0,0.00480775534257354
8399,Regional Road 20,Hwy 20,20,0,0,0,0.00985985404794376
8400,Regional Road 7, ,7,0,0,0,0.000257279043074684
8401,Lundy's Lane, ,20,0,0,0,0.0127735461961526
8402,Highway 7, ,7,360,3419870,9836000,0.000781005761847251
8403,Kingston Rd,Highway 2,2,0,0,0,0.0089536274366062
8404,County Road 2,Highway 2,2,0,0,0,0.000393152944819243
8405,County Road 2,Highway 2,2,0,0,0,0.00238729166757896
8406,County Road 2,Highway 49,49,81,66251,12000,0.0202516183089692
8407,Tc Hwy, ,17,410,4265277,16371000,0.00681189134294107
8408,Opeongo Line, ,60,120,523397,554000,0.00262661093427989
8409,Highway 600, ,600,10,2633,3000,0.000453186495848991
8410,2nd Line West, ,550,0,0,0,0.0215618365195952
8411,Highway 582, ,582,1,0,0,0.0200809993750044
8412,Trunk Road, ,17,0,0,0,0.021506620462148
8413,Highway 15, ,15,143,194137,410000,0.0418872490397533
8414,Highway 17, ,17,469,5022525,34119000,0.0228496494647687
8415,Highway 17, ,17,434,4618076,33525000,0.0115364912981218
8416,Highway 17, ,17,266,3130470,21252000,0.012699365655727
8417,Manitou Road, ,614,19,16167,88000,0.0327269712947722
8418,Huron Church Rd,King's Highway 3,3,0,0,0,0.00108902571132085
8419,County Road 21,Oil Heritage Rd,21,0,0,0,0.00863851816288823
8420,Lakeshore Rd,King's Highway 21,21,317,734677,2403000,0.00104586244601794
8421,Lakeshore Rd,King's Highway 21,21,311,1179748,2488000,0.0223477355226083
8422,Highway 542, ,542,62,0,0,0.0502470525171902
8423,Highway 540, ,540,46,52658,160000,0.0837730867136212
8424,Plank Rd,County Road 19,19,0,0,0,0.0211983711026644
8425,Queen St W,Hwy 89,89,0,0,0,0.0129730399909958
8426,Highway 6,Main St N,6,0,0,0,0.0117264678184247
8427,County Road 17,Hwy 21,21,0,0,0,0.0150415608307089
8428,Forest Rd,King's Highway 21,21,285,479076,1617000,0.00176730710402721
8429,Dundas St W,Hwy 5,5,1011,1693000,1770000,0.0024280147038116
8430,Highway 3,St Thomas Expy,3,271,1203673,3600000,0.00166600670643639
8431,County Road 33,Highway 33,33,0,0,0,0.0146756645921194
8432,Highway 28, ,28,302,322255,528000,0.0147961519603148
8433,Hwy 89, ,89,165,985031,980000,0.0168677378143988
8434,County Road 41, ,41,0,0,0,0.01068637442118
8435,County Road 41, ,41,0,0,0,0.0104742757033164
8436,Highway 10,Hwy 9,10,962,6657130,10362000,0.00119577338989229
8437,Tc Hwy, ,17,621,4957282,20515000,0.00165891738975853
8438,Tc Hwy, ,17,551,4777938,20240000,0.0437203661863848
8439,Highway 15, ,15,340,207607,9020000,0.0100643531753303
8440,Cornelia St W, ,15,0,0,0,0.00335400647997813
8441,Hwy 15, ,15,340,207607,9020000,0.00810906252656005
8442,Highway 24, ,24,730,1074404,5334000,0.000979362187483828
8443,Hwy 89, ,89,160,1242160,1019000,0.00176521273508043
8444,Hwy 41, ,41,107,76370,325000,0.00536362695183855
8445,County Road 2, ,2,0,0,0,0.0160634178270382
8446,41 Hwy, ,41,94,260852,948000,0.0214931017211483
8447,Broadway,Hwy 9,9,0,0,0,0.00134874971959714
8448,Forks Rd,King's Highway 3,3,191,356244,925000,0.00981749888616972
8449,Lakeshore Rd,King's Highway 21,21,311,1179748,2488000,0.0104900760891602
8450,Bluewater Hwy,King's Highway 21,21,207,551238,1276000,0.017189036240361
8451,Highway 6, ,6,426,1906673,6097000,0.0217997996726238
8452,Highway 6, ,6,243,1767241,6001000,0.00900007059331877
8453,Highway 6, ,6,242,1767241,6001000,0.0106885962463332
8454,Highway 6, ,6,373,1597496,5505000,0.0178196296817496
8455,Wellington St W,King's Highway 7,7,0,0,0,0.0110894701781174
8456,York Rd,King's Highway 7,7,0,0,0,0.017776389986219
8457,Highway 6, ,6,901,3998380,15426000,0.0051724149141983
8458,Highway 6,King's Highway 6,6,540,2600172,3448000,0.0130137494976165
8459,Highway 6, ,6,560,1632673,6357000,0.0124812337511001
8460,Regional Road 8,Hwy 8,8,0,0,0,0.0347952411327125
8461,Black Road, ,17,0,0,0,0.0038599515853452
8462,Black Road, ,17,0,0,0,0.00158668081544127
8463,Parry Sound Drive, ,124,1049,5579245,20306000,0.00139878925293524
8464,Parry Sound Drive, ,124,257,531517,901000,0.000630226038121513
8465,Regional Road 8,Hwy 8,8,0,0,0,0.0346417156722384
8466,Queenston Rd,Hwy 8,8,0,0,0,0.00840285095749575
8467,Dundas St W,Hwy 5,5,1039,1981752,1865000,0.0202753051503935
8468,164 Road,Hwy 23,23,280,1565498,3078000,0.0205431408670472
8469,Highway 144, ,144,138,821466,9324000,0.946188601739041
8470,Highway 101 & 129, ,101,47,173447,233000,0.0737734675872525
8471,Hwy 59,King's Highway 3,3,354,2282397,4195000,0.0261652376738079
8472,Highway 6,Main St S,6,0,0,0,0.00466850554167892
8473,Highway 7, ,7,579,969713,2865000,0.0151797339685015
8474,North Rankin St,King's Highway 21,21,0,0,0,0.00594661852774449
8475,Bovaird Dr W,King's Highway 7,7,0,0,0,0.00952840233491363
8476,Highway  631, ,631,55,428381,69000,0.0691652917476435
8477,Highway 6,King's Highway 6,6,144,157228,342000,0.0702237133683882
8478,Highway 10, ,10,357,879337,2054000,0.0183617306704559
8479,Hwy 9, ,9,153,67009,145000,0.0243442872033513
8480,Highway 21, ,21,281,103018,755000,0.0207519103263085
8481,Highway 21, ,21,241,125241,803000,0.0338942047379391
8482,Highway 6,King's Highway 6,6,210,564635,1744000,0.0172697452051377
8483,Bath Rd, ,33,240,81993,130000,0.0256894496222626
8484,Highway 141, ,141,893,9443711,41390000,0.00184478765762604
8485,Highway 6,King's Highway 6,6,272,495233,1912000,0.0330361408827839
8486,Highway 6,King's Highway 6,6,221,565072,1745000,0.0112693218740041
8487,Hwy 26, ,26,294,707365,349000,0.0631890482025888
8488,Hwy 26, ,26,286,823850,3492000,0.0191809002128077
8489,Hwy 93,Penetanguishene Rd,93,425,1781399,3864000,0.0248826313103419
8490,Highway 12, ,12,412,402373,1317000,0.0137366620546822
8491,Highway 529, ,529,12,9332,18000,0.0364129969474896
8492,Highway 522, ,522,19,0,0,0.0975195621028267
8493,Highway 11, ,11,659,8024835,30874000,0.00098241067743178
8494,Highway 11, ,11,71,326029,500000,0.00294254995394835
8495,Highway  637, ,637,42,0,0,0.477700577770159
8496,Highway 7,Tc Highway,7,456,555938,1362000,0.0272965629944776
8497,Highway 522, ,522,19,0,0,0.0388305513759363
8498,Highway 528, ,528,39,0,0,0.148846492026903
8499,Highway 559 West, ,559,30,0,0,0.15075884547425
8500,Highway 141, ,141,143,39544,107000,0.00806177803883275
8501,Highway 141, ,141,113,419514,195000,0.0725364006134623
8502,Highway 518, ,518,45,9909,179000,0.0365056676588079
8503,Highway 522, ,522,19,0,0,0.10170212718782
8504,Hwy 35,King's Highway 35,35,226,628026,2407000,0.030224793781325
8505,Highway 520, ,520,20,0,0,0.250571310411063
8506,None, ,129,150,170860,176000,0.0308305154971528
8507,Bovaird Dr E,King's Highway 7 E,7,0,0,0,0.00440856683472236
8508,Highway 534, ,534,5,0,0,0.105303248011826
8509,Highway 560, ,560,149,279263,25000,0.40020684742136
8510,607a, ,607001,15,76956,65000,0.0286807817767117
8511,Highway 144, ,144,144,594347,414000,0.323963603497452
8512,Highway 11, ,11,618,7326610,30443000,0.260165129264233
8513,Highway 546, ,546,15,0,0,0.593849440582604
8514,Highway 144, ,144,155,1690144,9355000,0.827887067630468
8515,Highway 21,Bluewater Hwy,21,103,122350,475000,0.00605956445099288
8516,Highway 60, ,60,255,1144889,1729000,0.061912734415342
8517,Highway 40 N,Modeland Rd,40,887,4481991,8142000,0.00254807221247655
8518,Highway 11, ,11,390,4288277,19019000,0.541942198069276
8519,Highway 129, ,129,32,0,0,0.339574119142217
8520,Central Ave, ,3,0,0,0,0.000460377938763531
8521,Hwy 672, ,672,23,3509,12000,0.460484672154419
8522,Broad St W,King's Highway 3,3,0,0,0,0.00129615939190394
8523,Highway 17, ,17,410,4158280,25083000,0.338516179970262
8524,Highway 129, ,129,57,384239,281000,0.228902027103772
8525,Highway  638, ,638,25,4912,4000,0.197463328425524
8526,Highway 554, ,554,22,139108,139000,0.0816066333705445
8527,Highway 118, ,118,60,443056,447000,0.0861347327617081
8528,Highway 17, ,17,569,6687857,38321000,0.299778918583301
8529,Old Wanup Road, ,7042,11,5481,6000,0.0544150914758478
8530,Highway 3, ,3,454,1051082,3668000,0.010754192165809
8531,Highway 546, ,546,16,0,0,0.150555330022276
8532,Highway 810, ,810,3,0,0,0.254105318626577
8533,Highway 562, ,562,0,0,0,0.0931409884226253
8534,Highway 17, ,17,558,7046065,40675000,0.185599386800226
8535,Highway 15, ,15,160,202254,479000,0.0197849566396478
8536,Highway 7, ,7,233,2392840,5092000,0.0469247796455744
8537,Highway 108, ,108,194,242581,2449000,0.242330829989097
8538,Highway 118, ,118,0,0,0,0.0535951351207359
8539,Highway 15, ,15,387,281431,540000,0.0608314713307633
8540,Highway 15, ,15,344,207607,9020000,0.014887361955133
8541,Kingston Rd,Highway 2,2,0,0,0,0.00329801425102409
8542,Highway 639, ,639,37,5407,29000,0.195532972197666
8543,Highway 639, ,639,37,5407,29000,0.0512812031769357
8544,Loyalist Pky,Highway 33,33,26,81993,130000,0.0592979169152044
8545,Highway 539, ,539,48,0,0,0.247257103627529
8546,Cannifton Rd,Highway 37,37,0,0,0,0.00430398551657086
8547,Sultan Industrial Road, ,667,27,0,0,0.482352466666448
8548,Highway 544, ,7044,16,3637,66000,0.255069045326976
8549,Broadway Avenue, ,66,115,434014,2283000,0.176506086063566
8550,Highway 11, ,11,639,8023233,30873000,0.786556711680159
8551,West Highway  17, ,17,469,4975637,25084000,0.426578064102983
8552,Highway 144, ,144,528,1010981,9501000,0.0385162624664432
8553,Highway 17, ,17,1106,7966729,34394000,0.0503343008502781
8554,Broad St W,King's Highway 3,3,138,254521,1001000,0.00143940959528765
8555,Hill Street, ,537,63,848,3000,0.172228533087255
8556,Highway 11, ,11,712,7047648,30237000,0.19116929915856
8557,Main St W,King's Highway 3,3,0,0,0,0.000924898838716456
8558,Highway 560, ,560,85,0,0,0.236961785176396
8559,Highway 560, ,560,85,0,0,0.0722287638221644
8560,Highway 560, ,560,75,78444,65000,0.114830225271241
8561,Government Road West, ,66,87,379305,1535000,0.00797453084194125
8562,Highway 535, ,535,35,20840,75000,0.262435146152508
8563,Highway 558, ,558,10,0,0,0.259363906897231
8564,Highway 12, ,12,212,1402027,2320000,0.0647944994105542
8565,Highway 6,King's Highway 6,6,343,1134213,1712000,0.0191686560033111
8566,Highway 64, ,64,174,76443,242000,0.196394784011352
8567,Highway 17, ,17,644,2730593,13430000,0.151208647090353
8568,Highway 564, ,564,4,0,0,0.0849894315708789
8569,St Clair Rd,King's Highway 40,40,0,0,0,0.00930886600667666
8570,Dyouville Street, ,64,61,23485,113000,0.550340445796462
8571,Highway 66, ,66,38,177040,1130000,0.481592569114953
8572,Niagara St,Regional Road 50,58,0,0,0,0.0100984419882744
8573,Broad St W,King's Highway 3,3,0,0,0,0.000570448178673688
8574,Highway 65, ,65,96,438144,593000,0.359339350562548
8575,Highway 66, ,566,30,0,0,0.302724077700758
8576,Highway 11, ,11,582,5918444,29803000,0.298286562602331
8577,Highway 6,King's Highway 6,6,540,2600172,3448000,0.0151928216524721
8578,County Road 49,Highway 49,49,0,0,0,0.0687468060232759
8579,Highway 24, ,24,439,1007588,2165000,0.00789575394234769
8580,Trout Lake Road, ,63,175,2065756,1089000,0.0347532783735945
8581,None, ,560,11,0,0,0.377611355422572
8582,Highway 650, ,650,19,0,0,0.0967924035482413
8583,Lake  Nosbonsing Road, ,654,194,91215,169000,0.00275726345406559
8584,Broad St E,King's Highway 3,3,219,1505465,1573000,0.0157276240346113
8585,Thompson Boulevard, ,624,32,222403,29000,0.417448217387557
8586,Highway 101 W, ,101,78,667921,268000,0.951379517843919
8587,Pembroke St E,Highway 148,148,341,75195,102000,0.029849538634832
8588,Talbot Line,King's Highway 3,3,363,1260956,3688000,0.00135519446387389
8589,Highway 655, ,655,166,1533186,4174000,0.642650902317283
8590,Highway  634, ,634,44,26216,11000,0.723575193401976
8591,Davis Rd,King's Highway 58,58,259,870729,345000,0.0237145427916926
8592,Highway 40, ,40,236,1244408,4605000,0.0245193040945882
8593,County Road 2, ,2,0,0,0,0.02111296397303
8594,Highway 28, ,28,130,93918,50000,0.307582855135536
8595,Highway 529, ,529,5,9332,18000,0.0694712768625044
8596,Highway 529, ,529,5,9332,18000,0.0387741501547563
8597,Modeland Rd,King's Highway 40 N,40,780,4604789,8941000,0.00241632368899191
8598,Hwy 140, ,140,406,523911,1372000,0.0220240509578509
8599,Kingston Rd,Highway 2,2,0,0,0,0.0113095362777932
8600,Highway 35, ,35,215,265874,149000,0.0199668039919648
8601,Highway 6, ,6,901,3998380,15426000,0.00456465142197267
8602,Britt Road, ,526,21,0,0,0.0335786107840366
8603,Main St W,Hwy 8,8,0,0,0,0.00104614817304019
8604,Westside Rd,King's Highway 58,58,239,611255,510000,0.0462423058750664
8605,Hwy 140, ,140,552,523911,1372000,0.0206660422573717
8606,Regional Road 20,Hwy 20,20,0,0,0,0.0103636228479467
8607,Hwy 62, ,62,192,125139,587000,0.00667166070431231
8608,Highway 17, ,17,0,0,0,0.00634813360102248
8609,Highway 3,St Thomas Expy,3,306,1305434,3885000,0.00264853460078134
8610,Medora Street, ,118,0,0,0,0.0412190667606805
8611,Highway  638, ,638,89,4912,4000,0.0121191869631017
8612,Highway 7, ,7,360,3419870,9836000,0.173393216640657
8613,Brock St N,Regional Road 12,12,0,0,0,0.0131931018414863
8614,County Road 4,Hwy 4,4,0,0,0,0.0104595100882747
8615,Highway 7,Highway 12,7,721,409043,779000,0.00220582400513765
8616,County Road 29, ,15,0,0,0,0.0165236093813957
8617,Hwy 93,Penetanguishene Rd,93,435,2009569,3964000,0.0212373101347977
8618,Highway 7,Highway 12,7,453,717963,1357000,0.0196846347488369
8619,Highway 7,Highway 12,7,371,566249,1148000,0.00848401478209059
8620,Regional Hwy 2,Highway 2,2,0,0,0,0.00854115718628335
8621,Regional Hwy 2,Highway 2,2,0,0,0,0.0106937412832257
8622,Highway 35, ,35,221,453425,1375000,0.139761250663638
8623,Highway 11, ,11,706,7503102,31252000,0.0699125642845023
8624,Highway 144, ,144,465,617689,543000,0.125437687382921
8625,Tc Hwy, ,17,410,4265277,16371000,0.0184497999616475
8626,County Road 2,Highway 2,2,0,0,0,0.00160037044598791
8627,Highway 118, ,118,67,11149,191000,0.140216678942772
8628,Yonge St, ,11,0,0,0,0.0208529053845362
8629,Highway 3,Talbot Rd,3,188,370647,584000,0.0121768001818913
8630,Highway 118 W, ,118,55,12618,349000,0.431500215053436
8631,Highway 48,King's Highway 48,48,600,907663,666000,0.0215253552615661
8632,Highway 12, ,12,345,439998,626000,0.123643801569671
8633,Hill  Street Ramp, ,537,0,0,0,0.0013141357372839
8634,Highway 7,Highway 12,7,389,631644,1767000,0.0140547599099329
8635,Highway 12, ,12,236,1400487,2319000,0.00688039902678141
8636,Highway 592, ,592,61,4461,10000,0.0575200823074077
8637,County Road 2,Highway 2,2,0,0,0,0.0617245467933943
8638,Highway 65, ,65,81,675516,679000,0.471948659506349
8639,Highway 7a, ,7,342,518859,237000,0.0363024573126508
8640,Katrine Road,Highway 592,592,8,0,0,0.0255074335329113
8641,Highway 69, ,69,650,9203471,41052000,0.095721658170466
8642,Dawson Road, ,102,1360,6748839,44608000,0.00674959524976753
8643,Highway 35, ,35,246,481481,1398000,0.14989842742325
8644,Highway 35, ,35,174,64614,145000,0.0784198420552625
8645,Highway 6,King's Highway 6,6,210,564635,1744000,0.0157466741070744
8646,Callander Bay Drive, ,94,127,51184,67000,0.0145417942095353
8647,Hwy 26, ,26,286,823850,3492000,0.0163894305478514
8648,2nd Line West, ,550,0,0,0,0.00223166959618547
8649,Highway 141, ,141,85,98233,102000,0.166401202808968
8650,Highway  632, ,632,112,1540,1000,0.075495802739407
8651,Talbot Line,County Road 3,3,0,0,0,0.000278990236154557
8652,Highway 3 E,S Talbot Rd,3,420,474287,742000,0.00209867320579917
8653,Highway 124, ,124,103,436733,305000,0.232933259113282
8654,Highway 124, ,124,146,399355,780000,0.121890401896314
8655,Highway 124, ,124,129,436733,305000,0.124856809671681
8656,Highway 60, ,60,248,471777,1420000,0.0396531326925743
8657,Highway 522, ,522,75,0,0,0.3210904738193
8658,Highway 101, ,101,29,52032,121000,0.0278773899007881
8659,Highway 60, ,60,93,100551,276000,0.0678325681043673
8660,Hwy 34, ,34,443,1469009,2325000,0.000107591514021572
8661,North   Sparks Street, ,520,47,0,0,0.187545920177024
8662,Highway 524, ,524,16,0,0,0.0462758402659073
8663,Hwy 26,Pretty River Pky,26,375,667736,1691000,0.0251940783711921
8664,Hwy 26, ,26,277,823850,3492000,0.0271662433044268
8665,Highway 12, ,12,337,143451,1164000,0.0237692156364092
8666,Hwy 26, ,26,288,719441,430000,0.0348715848063839
8667,Highway 534, ,534,60,0,0,0.169920052244478
8668,10th St W,King's Highway 6,6,243,281669,2302000,0.0305943976734237
8669,Highway 35, ,35,197,262307,130000,0.156081227469212
8670,Highway 60, ,60,422,1600085,837000,0.0522284836805593
8671,Mill Street, ,62,145,145036,379000,0.231942652862887
8672,Hwy 93,Penetanguishene Rd,93,0,0,0,0.0022971849107263
8673,County Road 41, ,41,0,0,0,0.150692185206633
8674,Highway 17, ,17,264,1490965,8417000,0.0260230403201667
8675,Highway 127, ,127,33,230370,42000,0.353377380581519
8676,Queen St E,Regional Road 7,7,0,0,0,0.0178004067575146
8677,Durham St S, ,62,304,185705,616000,0.0486771969536926
8678,Highway 17, ,17,90,354342,376000,0.00192376462005841
8679,De Troyes Avenue, ,67,0,0,0,0.00151100727596342
8680,Highway 60, ,60,112,523397,554000,0.331284876827245
8681,County Road 2,Highway 2,2,0,0,0,0.0760026523278103
8682,County Road 41, ,41,0,0,0,0.0163884859468643
8683,Highway 11, ,11,613,7322036,30431000,0.163799107553516
8684,Highway 115 S, ,115,1045,4847829,5732000,0.0712786601236788
8685,Highway 523, ,523,33,0,0,0.203438943598318
8686,Loyalist Pky,County Road 33,33,0,0,0,0.0250685925156316
8687,Highway 7, ,7,260,1853360,4997000,0.111468432338349
8688,Hwy 33, ,33,88,204258,45000,0.07925428306154
8689,Hwy 33, ,33,126,656120,75000,0.00400416485451674
8690,Highway 72, ,72,165,0,0,0.016385422103731
8691,Highway 41, ,41,95,456437,1201000,0.387488965765136
8692,Highway 15, ,15,162,202254,479000,0.0308816952474651
8693,Dunnville Rd,King's Highway 3,3,89,228179,951000,0.0151694754630452
8694,Hwy 89, ,89,119,1250348,1026000,0.0121820486167708
8695,Tc Hwy E, ,417,1021,4303391,11951000,0.0375453596225202
8696,Highway 41, ,41,146,532092,1217000,0.244013338737211
8697,Highway 60, ,60,118,224886,511000,0.215704387761379
8698,Highway 130,Arthur St W,130,83,2165423,5677000,0.0272746028823271
8699,Highway 28, ,28,62,77311,26000,0.209735252437527
8700,Highway 7, ,7,374,1088245,3827000,0.0138000780967509
8701,Hwy 60, ,60,230,246358,765000,0.0410041407520022
8702,Tc Hwy, ,17,627,4957282,20515000,0.0454771179683293
8703,County Road 33,Highway 33,33,0,0,0,0.017605214607915
8704,Highway 28, ,28,80,75655,16000,0.170666400625762
8705,Highway 60, ,60,184,253890,390000,0.0759352349674955
8706,Highway 60, ,60,173,687464,350000,0.123875934416949
8707,Highway 41, ,41,94,260852,948000,0.0251436737625629
8708,Guelph St,King's Highway 7,7,0,0,0,0.0130034595225728
8709,Tc Hwy,King's Highway 17,17,516,3426437,15720000,0.0441112668615677
8710,County Road 15, ,15,5218,48513013,167973000,0.0631378091022861
8711,King St W, ,2,0,0,0,0.0360135386521077
8712,Highway 15, ,15,279,361043,616000,0.0103149518999783
8713,Hwy 26, ,26,758,5818236,6998000,0.0150508025410868
8714,Highway 7, ,7,540,2596278,7474000,0.0267134309200482
8715,Highway 810, ,810,3,0,0,0.0789346946666796
8716,Highway 69, ,69,650,9203471,41052000,0.104666093644873
8717,Highway 510, ,510,11,0,0,0.0110012462000493
8718,Highway 7, ,7,397,1189807,6822000,0.00534984226548166
8719,Highway 539, ,539,88,8610,4000,0.16525338730164
8720,County Rd 2, ,2,0,0,0,0.0565955781700837
8721,Highway 560, ,560,62,0,0,0.0855567739383465
8722,Highway 17 & 64, ,17,634,2733549,13433000,0.0182234690326232
8723,Sherbourne Street North, ,28,0,0,0,0.00532472449869196
8724,Highway 17, ,17,382,3900337,20514000,0.224859319659524
8725,Highway  63, ,63,195,2065756,1089000,0.258153408402767
8726,Highway 533, ,533,94,394368,814000,0.0524972807361129
8727,Hwy 62,King's Highway 62,62,334,127015,594000,0.0220762255048689
8728,McConnell Street, ,17,317,2710626,15025000,0.227232581840786
8729,Highway 533, ,533,23,381964,765000,0.542394315275054
8730,Lakeview Avenue, ,567,23,0,0,0.39622912942937
8731,None, ,634,43,0,0,0.053663680153387
8732,Highway 7, ,7,466,2601400,7532000,0.0160304708737602
8733,Regional Road 54,Hwy 58,58,0,0,0,0.00965826922127427
8734,County Road 2, ,2,0,0,0,0.0669072302251186
8735,Fountain St S,King's Highway 8,8,2584,671362,1392000,0.000478550453075309
8736,Regional Road 24, ,24,0,0,0,0.0197393127744369
8737,Highway 35, ,35,223,260521,106000,0.113661996147254
8738,Highway 7,Highway 12,7,500,744363,2128000,0.0111778258961941
8739,Highway 141, ,141,110,342775,51000,0.0878878206350798
8740,Highway 28, ,28,142,430490,671000,0.0486487856072006
8741,Highway 69, ,69,911,9153015,40573000,0.00821612834423094
8742,Yonge St,County Road 1,11,0,0,0,0.000390325505206887
8743,Corbihre Street, ,551,81,87458,167000,0.105431611803625
8744,Highway 15, ,15,166,202254,479000,0.00889627133767258
8745,Broadway,Hwy 9,9,0,0,0,0.00227769644872194
8746,Highway 118, ,118,0,0,0,0.122659905543376
8747,Highway 48,King's Highway 48,48,762,916845,1035000,0.0296391652648701
8748,Highway 61, ,61,1147,1038490,4413000,0.0104074948800871
8749,County Road 2, ,2,0,0,0,0.031310592416721
8750,Highway 15, ,15,212,372761,662000,0.0203077243381935
8751,Highway 64, ,64,119,55597,51000,0.068581129606059
8752,Highway 7, ,7,357,3072119,8779000,0.126746347830081
8753,Highway 60, ,60,488,1849990,1031000,0.0133138109415844
8754,Highway 17, ,17,434,4618076,33525000,0.0149549124961476
8755,Queen St,King's Highway 7,7,529,336951,946000,0.00905228323383738
8756,Shebeshekong Road, ,7182,14,77425,324000,0.0615894033166546
8757,Lakeshore Rd,King's Highway 21,21,276,734677,2403000,0.0238128571951742
8758,None, ,671,17,0,0,0.424885542783473
8759,Highway 8 W,King St Bypass,8,2237,12005768,27243000,0.00424124776733165
8760,Kingston Rd,Highway 2,2,0,0,0,0.00597342415229032
8761,27th Sideroad,King's Highway 7,7,529,336951,946000,0.0178323836754683
8762,Highway 10, ,10,209,664763,1493000,0.0236805407383566
8763,Highway 11, ,11,37,0,0,0.0721178462391372
8764,Highway 35, ,35,212,513678,1420000,0.10033654917551
8765,Highway 15, ,15,285,361043,616000,0.00539192032037259
8766,Highway 15, ,15,344,207607,9020000,0.0308493945260624
8767,Highway 10, ,10,391,1356100,2612000,0.0231965547136758
8768,Bloor St W,Hwy 5,5,0,0,0,0.0138363998899509
8769,None, ,597,0,0,0,0.00125837547732263
8770,County Road 2, ,2,0,0,0,0.0422140326257929
8771,Highway 67, ,67,114,0,0,0.11176356415913
8772,Highway 71, ,71,134,215139,516000,0.947850955992062
8773,Highway 101, ,101,284,1258526,8887000,0.0103670766396097
8774,Hwy 9, ,9,136,91681,276000,0.00412709530584195
8775,None, ,583,47,0,0,0.106847005034673
8776,County Road 119,King's Highway 7,7,278,699042,3461000,0.0272395542482471
8777,Cannifton Pky,Highway 37,37,0,0,0,0.00437924527127343
8778,Hwy 35,King's Highway 35,35,505,1363903,5647000,0.0122177177978758
8779,Highway 141, ,141,110,388768,195000,0.0582408934611687
8780,Hwy 26, ,26,291,270910,887000,0.0292072982270699
8781,Secord Road, ,7042,11,0,0,0.0421521996455827
8782,Highway 11, ,11,768,7460910,30712000,0.00539453625128964
8783,Highway 124, ,124,200,500957,769000,0.102017255304521
8784,Hwy 60, ,60,210,246358,765000,0.0309864327691063
8785,Highway 520, ,520,36,0,0,0.0434561335047679
8786,Clarke Street, ,534,40,2159,24000,0.00438653471695397
8787,County Road 2,Highway 2,2,0,0,0,0.0302981960393914
8788,Highway 40,Mcnaughton Ave,40,0,0,0,0.000587043298709301
8789,Highway 401 E,Macdonald-Cartier Fwy E,401,0,0,0,0.00115278203228115
8790,County Road 33,Highway 33,33,0,0,0,0.0084164868444421
8791,Highway 7, ,7,360,3419870,9836000,0.0592314239758591
8792,Hwy 37, ,37,395,1450363,4956000,0.0169623656812068
8793,Highway 28, ,28,374,444560,742000,0.00532131188602825
8794,Tc Hwy,King's Highway 17,17,678,4523192,21815000,0.020213809709347
8795,Hwy 60, ,60,255,1144889,1729000,0.00136444521536217
8796,Highway 64, ,64,169,646199,709000,0.368485790706568
8797,Highway 65, ,65,194,618718,522000,0.0597515233209962
8798,Government Road West, ,66,87,379305,1535000,0.03328713108288
8799,Leroux Street, ,634,0,0,0,0.0351679655559437
8800,Highway 60, ,60,29,47777,73000,0.977534529722236
8801,Highway 7 E,King's Highway 8 E,7,2654,14454902,20308000,0.00840318504691169
8802,Highway 11, ,11,606,7112709,29731000,0.0656860756300405
8803,Highway 11, ,11,854,8272218,30574000,0.0890733214011102
8804,Highway 101, ,101,69,630678,1477000,0.4716628085069
8805,Highway 28, ,28,286,396246,744000,0.0279293552209702
8806,Garrison Rd,King's Highway 3,3,356,212245,647000,0.00709400658911916
8807,Highway 10, ,10,323,1021347,2451000,0.0230239124599007
8808,Highway 69, ,69,605,9208331,41036000,0.0177446259950951
8809,County Road 17,Hwy 21,21,0,0,0,0.0072962372676488
8810,King St E,King's Highway 8 E,8,12193,55302446,255333000,0.000198647929771868
8811,Highway 11 S, ,11,2550,18639514,25465000,0.00373408776295338
8812,Highway 529a, ,529001,5,21054,24000,0.0644659264130897
8813,Forks Rd,King's Highway 3,3,214,1514678,1601000,0.0104254822599393
8814,16th St E,Hwy 26,26,227,237188,584000,0.0318606135384256
8815,Highway 588, ,588,37,246403,79000,0.114890399633716
8816,Danforth Ave,Hwy 5,5,0,0,0,0.00741524908469064
8817,Highway 7, ,7,311,2422241,6725000,0.0323539794032895
8818,Hwy 89, ,89,423,2255194,4030000,0.0159518799990373
8819,Highway 21, ,21,229,107577,779000,0.00562208654633777
8820,Hwy 37, ,37,394,1453345,5000000,0.0227322292133751
8821,Airport Road, ,565,83,8143,5000,0.0145147394172121
8822,Highway 35, ,35,282,579395,1433000,0.0724483617936013
8823,9th Street North, ,658,0,0,0,0.00972555446270243
8824,Hwy 62,King's Highway 62,62,192,125139,587000,0.0154713671481478
8825,Hwy 37, ,37,401,2748780,5762000,0.0223819594124844
8826,Highway 62, ,62,179,418995,362000,0.159772262794615
8827,Loyalist Pky,County Road 33,33,0,0,0,0.0212774616198488
8828,Yonge St, ,11,0,0,0,0.0248655575268909
8829,Hwy 41, ,41,177,361701,539000,0.076535520179542
8830,Hwy 33, ,33,39,0,0,0.0739651050888966
8831,Highway 40 N, ,40,460,3014635,6447000,0.000713630856967188
8832,Highway 402 W, ,402,2187,22568211,71954000,0.00445289604592661
8833,Shebeshekong Road, ,7182,14,77425,324000,0.0628175425427274
8834,Bath Rd, ,33,164,81993,130000,0.0157288120971266
8835,Highway 69, ,69,608,5541802,20076000,0.0378513032582182
8836,Highway 522B, ,522,20,266516,36000,0.00216559456480176
8837,Highway 41, ,41,86,456437,1201000,0.0559487299622398
8838,Highway 101, ,101,0,0,0,0.0177456670346063
8839,Highway 579, ,579,118,83194,27000,0.0490290430708482
8840,Highway 522B`, ,522,20,266516,36000,0.00232632006294972
8841,Highway 518, ,518,19,9909,179000,0.00976756750282073
8842,Highway 101, ,101,27,161534,210000,1.12713984822492
8843,Highway 7, ,7,466,2601400,7532000,0.0174853161105206
8844,Highway 144, ,144,528,996550,9469000,0.0101743704673676
8845,Hwy 89, ,89,171,978565,941000,0.0269756460436557
8846,Highway 11, ,11,863,8471885,30588000,0.0588431104872657
8847,Highway 35, ,35,212,260521,106000,0.0694099291230887
8848,Merritt Road, ,58,0,0,0,0.00102458156834535
8849,Regional Road 7, ,7,0,0,0,0.0292821262065042
8850,Highway 6,King's Highway 6,6,224,565961,1751000,0.020086282320182
8851,Hwy 62,King's Highway 62,62,192,67584,699000,0.0413668179110213
8852,9th Ave E,Hwy 26,26,0,0,0,0.00467961054711217
8853,Loyalist Pky,County Road 33,33,0,0,0,0.0202070547685708
8854,Highway 10, ,10,323,1021347,2451000,0.0229332940220753
8855,County Road 2, ,2,0,0,0,0.000751247991350058
8856,Highway 64, ,64,178,96923,391000,0.0257195012553037
8857,Dawson Road, ,102,0,0,0,0.0412867850310034
8858,County Road 2,Highway 2,2,0,0,0,0.0208247162364098
8859,Highway 401 W,Macdonald-Cartier Fwy W,401,3582,41381496,164883000,0.00662694132811526
8860,Highway 7,Highway 12,7,721,409043,779000,0.0108071847844678
8861,Base Line,County Road 21,21,0,0,0,0.0041752681263036
8862,Hwy 12,Tc Hwy,12,276,960046,2175000,0.0160504677050413
8863,Old Highway 15, ,15,270,280233,535000,0.0139230880135643
8864,Highway 26, ,26,499,4435976,3238000,0.00584277112876481
8865,Highway 522, ,522,20,266516,36000,0.0197880185940849
8866,Highway 7, ,7,407,2437635,6832000,0.0301800915241258
8867,Highway 35, ,35,370,521942,1490000,0.0147688497759088
8868,Hwy 26, ,26,763,5896891,7643000,0.0124018077816983
8869,Highway 560, ,560,85,0,0,0.0124194196075679
8870,Highway 6,King's Highway 6,6,224,565961,1751000,0.0174372096772733
8871,Bloor St E,Hwy 5,5,0,0,0,0.0051014048194573
8872,Highway 10, ,10,323,1021703,2456000,0.0237409565624564
8873,Hwy 93,Penetanguishene Rd,93,415,1718530,3774000,0.00663012695282395
8874,Ontario Street, ,520,197,16805,15000,0.00267223917921097
8875,Richmond St,King's Highway 4,4,0,0,0,0.00551458293006772
8876,Shantz Hill Rd,King's Highway 8 W,8,2693,797640,1594000,0.00171417652171743
8877,Highway 401 W,Macdonald-Cartier Fwy W,401,4372,40283846,158465000,0.00247804117280116
8878,Highway 112, ,112,88,332465,1330000,0.0438469734055676
8879,Highway 409 W, ,409,0,0,0,0.00327517573009267
8880,Loyalist Pky,County Road 33,33,0,0,0,0.010487602669404
8881,Highway 6,King's Highway 6,6,91,157228,342000,0.271411584742345
8882,County Road 33,Highway 33,33,0,0,0,0.0128506456706861
8883,Highway 11, ,11,707,7047648,30237000,0.213075223705537
8884,Western Avenue, ,579,228,170010,448000,0.0152892812502812
8885,None, ,652,3,89285,188000,1.50438074981116
8886,Railway St,King's Highway 21,21,302,243515,2279000,0.0198306938892352
8887,Highway 21, ,21,229,107577,779000,0.00238812006628787
8888,Highway 28, ,28,310,476220,773000,0.0526221884858266
8889,Queen Elizabeth Way E, ,1,4550,16573863,80038000,0.00473220208256
8890,Queen Elizabeth Way W, ,1,5306,21762509,82074000,0.00565296924016054
8891,County Road 2, ,2,0,0,0,0.0274898848988843
8892,Hwy 41, ,41,94,260852,948000,0.00520242506718887
8893,Highway 69, ,69,589,9212803,41070000,0.0410786036863862
8894,Highway 668, ,668,4,5253,5000,0.119664726422353
8895,Highway 11, ,11,620,6876493,29663000,0.161288374633047
8896,Sunset Rd,County Road 4,4,0,0,0,0.00404235988114185
8897,Highway 7,Highway 12,7,371,566249,1148000,0.0145479598359127
8898,Hwy 62,King's Highway 62,62,197,203676,735000,0.0387643335236373
8899,Highway 15, ,15,126,194137,410000,0.00987535173149362
8900,Highway 7, ,7,531,2610748,7474000,0.0218096968384366
8901,Riverside Drive, ,101,0,0,0,0.0114387659902939
8902,Highway 28, ,28,146,430490,671000,0.0760083654185168
8903,Hurontario St,Highway 10,10,0,0,0,0.000181207063831523
8904,Highway 7,Highway 12,7,472,744363,2128000,0.0137536359999963
8905,Highway 7,Highway 12,7,456,744363,2128000,0.0143625629224217
8906,Tc Hwy,King's Highway 12,12,174,684116,1664000,0.0120745479320648
8907,Concession  5 & 6 Newmarket, ,7036,2,0,0,0.058154311234475
8908,Oil Heritage Rd,County Road 21,21,0,0,0,0.0132318678581016
8909,Oxford St,King's Highway 19,19,0,0,0,0.0043025967106697
8910,Vienna Rd,King's Highway 19,19,0,0,0,0.00803401060751424
8911,Highway 24, ,24,730,1074404,5334000,0.00315015645509544
8912,Highway 118, ,118,40,136186,194000,0.0469542202762301
8913,Highway 118, ,118,97,451325,481000,0.0471865997797307
8914,Highway 17a, ,17,620,730831,2268000,0.0103903893535503
8915,Highway 17, ,17,896,8079866,53681000,1.38870985248843
8916,County Road 4,Hwy 4,4,0,0,0,0.0200758845747064
8917,County Road 4,Hwy 4,4,0,0,0,0.00082926798626485
8918,Highway 7, ,7,330,3072119,8779000,0.0782284791245026
8919,Trout Lake Road, ,63,230,2065756,1089000,0.0812585782622543
8920,Highway 132, ,132,140,138502,175000,0.219435809862264
8921,County Road 19,Hwy 19,19,0,0,0,0.00647393336573951
8922,Plank Rd,County Road 19,19,0,0,0,0.0066192917691675
8923,Plank Rd,County Road 19,19,0,0,0,0.00719865800186105
8924,Plank Rd,County Road 19,19,0,0,0,0.0119516871681142
8925,Westside Rd,King's Highway 58,58,394,1711361,2026000,0.00632447337537539
8926,Highway 101, ,101,89,68558,177000,0.0457135786867369
8927,Highway 17, ,17,283,3225956,21136000,0.0565325776483398
8928,Highway  631, ,631,55,428381,69000,0.0113191556005588
8929,Highway 21,Bluewater Hwy,21,110,127356,416000,0.0242190733674217
8930,Brant Rd,King's Highway 24,24,644,1074404,5334000,0.0151505594184751
8931,Highway 599, ,599,24,485869,554000,0.00727020307262149
8932,Highway 15, ,15,160,202254,479000,0.00326332054505447
8933,Highway 6, ,6,240,1673065,5975000,0.0214423822625847
8934,Highway 522B, ,522,20,266516,36000,0.00745242732934827
8935,County Road 2, ,2,0,0,0,0.0255486712175456
8936,Highway 17, ,17,0,0,0,0.00557335031707163
8937,Highway 17, ,17,650,9782973,38966000,0.00692303047684088
8938,Highway 61, ,61,92,441816,1751000,0.0844005039302472
8939,Highway 599, ,599,24,485869,554000,0.0216019050552993
8940,Highway 599, ,599,26,485869,554000,0.00639350509926478
8941,Highway 599, ,599,24,485869,554000,0.00846669354925195
8942,Highway 130, ,130,64,133156,127000,0.0459707014866336
8943,Highway 61, ,61,598,975979,3866000,0.0221979349202024
8944,Airport Road, ,565,31,0,0,0.0590061672219126
8945,Highway 6,King's Highway 6,6,131,178560,351000,0.0919088528820089
8946,Highway 522B, ,522,0,0,0,0.00249021442234789
8947,Highway 127, ,127,108,259479,70000,0.0213412988632213
8948,Highway 28, ,28,288,529883,155000,0.00683774343537299
8949,Main St,Hwy 8,8,0,0,0,0.000288824145181795
8950,Highway 7, ,7,330,3072119,8779000,0.0464865342286236
8951,Highway 6, ,6,243,1673065,5975000,0.0213374262875616
8952,Hwy 41, ,41,94,260852,948000,0.00978134355444922
8953,Regional Road 54,Hwy 58,58,0,0,0,0.00290168084690554
8954,Regional Hwy 2,Highway 2,2,0,0,0,0.0108134072181851
8955,Highway 7,Highway 35,35,291,430536,1152000,0.020114414513903
8956,Kingston Rd,Regional Highway 2,2,12770,67792600,247371000,0.0048816666408148
8957,Hwy 37, ,37,223,1444398,4928000,0.0268024500503647
8958,Highway 520, ,520,54,0,0,0.0287379624251438
8959,County Road 33,Highway 33,33,0,0,0,0.0308008287344004
8960,Callander Bay Drive, ,94,81,45134,53000,0.0144525155615975
8961,None, ,564,4,0,0,0.00465881623850677
8962,Ranger Lake Road, ,556,4,161078,185000,0.347554861304603
8963,Highway 599, ,599,24,485869,554000,0.019952990580478
8964,Monck Street, ,28,158,711516,1177000,0.138744637767368
8965,Highway 599, ,599,26,487999,563000,1.10315480136232
8966,None, ,516,37,0,0,1.28744817882117
8967,Highway 105, ,105,140,206598,1134000,0.889774918135263
8968,Hwy 37, ,37,243,1425327,4904000,0.00196443161175466
8969,Bridge St, ,15,0,0,0,0.00573375793414066
8970,Highway 17, ,17,442,4629520,33689000,0.0543495362236941
8971,Dundas St E,County Road 2,2,0,0,0,0.00577965125086451
8972,Victoria St S, ,2,0,0,0,0.0154789973794747
8973,Bluewater Hwy,King's Highway 21,21,245,422294,1903000,0.0134604691226827
8974,Highway 17, ,17,112,0,0,0.0425700308682549
8975,Hurontario St,Highway 10,10,0,0,0,0.000181400110238962
8976,Bath Rd, ,33,0,0,0,0.00117410712970028
8977,Highway 17, ,17,527,4480247,32817000,0.0389298358989788
8978,Highway 101, ,101,29,52032,121000,0.0229703163966162
8979,Cameron Road, ,597,0,0,0,0.001516943179087
8980,Front Street, ,547,0,0,0,0.00683589955179878
8981,County Road 33, ,3,436,510504,876000,0.0221941403975764
8982,Highway 11, ,11,584,6878027,30312000,0.0732046954097812
8983,County Road 3,Talbot Trail,3,0,0,0,0.0164241936906802
8984,Highway 11,Scott Street,11,144,541232,986000,0.0077626313913938
8985,Highway 17, ,17,433,4798285,34125000,0.0151567472632134
8986,Hill Rd,County Road 17,21,0,0,0,0.0143210707458317
8987,Lakeshore Rd,King's Highway 21,21,317,734677,2403000,0.0279901385706044
8988,Highway 7, ,7,466,2601400,7532000,0.0151844586655738
8989,Highway 7, ,7,466,2601400,7532000,0.01960095214665
8990,Bridge St, ,15,0,0,0,0.00778623535555602
8991,Highway 7, ,7,407,2437635,6832000,0.00707158342227593
8992,Hurontario St,Highway 10,10,245,1155288,1254000,0.0065244994329672
8993,Highway 35, ,35,58,38613,8000,0.0182133070023054
8994,Hwy 9, ,9,1163,7178846,17553000,0.0167227837882676
8995,Highway 15, ,15,276,381369,935000,0.0399029511689855
8996,Highway 15, ,15,212,372761,662000,0.0144529096692092
8997,Highway 7, ,7,646,292167,941000,0.0125281238215601
8998,Tc Hwy, ,17,525,3502975,15741000,0.0307978282773464
8999,Highway 15, ,15,431,124937,371000,0.0235562803314109
9000,Huron Rd,King's Highway 8,8,303,475333,136000,0.014364653791606
9001,Highway 11,Highway 17,17,607,2417395,7920000,0.0314495795850439
9002,Hwy 93,Highway 93,93,516,1551810,3557000,0.0192091921707605
9003,Highway 559 W, ,559,30,0,0,0.0390287354212433
9004,Davis Rd,King's Highway 58,58,300,254678,356000,0.00753854931981493
9005,County Road 2, ,2,0,0,0,0.00768656055755644
9006,Highway 15, ,15,270,361043,616000,0.00890250285758054
9007,Highway 15, ,15,266,361043,616000,0.0252065356882561
9008,County Rd 2, ,2,0,0,0,0.0243119524746253
9009,Lakeshore Rd, ,3,0,0,0,0.00130724723373711
9010,Main St E,Hwy 8,8,0,0,0,0.00337838695563633
9011,Queen Elizabeth Way E, ,1,7971,39954004,133336000,0.00634431093946887
9012,Highway 522, ,522,19,0,0,0.0525839806822379
9013,County Road 2, ,2,0,0,0,0.0311457181782394
9014,Highway 555, ,557,0,0,0,0.0239184679488713
9015,Highway 572, ,572,21,15425,17000,0.0104006565945155
9016,Hwy 9, ,9,136,91681,276000,0.020147948573319
9017,County Road 2,Highway 2,2,0,0,0,0.0179479042547703
9018,Highway 17, ,17,152,730831,2268000,0.0644263516411396
9019,Highway 17, ,17,613,8176725,38151000,0.929531575330946
9020,Highway 11, ,11,108,357209,1441000,1.51930050226881
9021,Highway 17, ,17,726,8058484,53668000,0.021800339462416
9022,Highway 17, ,17,794,8304740,53993000,0.423420301705567
9023,Highway 642, ,642,8,12527,46000,0.898030209381388
9024,County Road 2, ,2,0,0,0,0.0286449789665078
9025,Rawlings Rd,King's Highway 21,21,326,397873,1439000,0.0236128262790605
9026,Highway 599, ,599,24,485869,554000,0.0209546308273551
9027,Highway 599, ,599,16,77587,301000,0.0304870350248
9028,Loyalist Pky,County Road 33,33,0,0,0,0.0145255829434733
9029,King St W,King's Highway 8,8,2397,579703,1344000,0.00615563569491903
9030,Highway 94, ,94,66,517109,438000,0.101629881162767
9031,Trout Lake Road, ,63,157,2065756,1089000,0.0340881620864834
9032,Highway 41, ,41,138,532092,1217000,0.160709273347151
9033,Highway 17, ,17,407,4798285,34125000,0.0788232570415665
9034,Highway 547, ,547,16,30950,37000,0.00365040813185568
9035,Huron Rd,King's Highway 8,8,303,475333,136000,0.0355279507246248
9036,Highway 11, ,11,255,3563928,18795000,0.0516338772530344
9037,Highway 11, ,17,434,3076253,12396000,0.0495959573167536
9038,Tc Hwy,King's Highway 17,17,585,4768018,22090000,0.0443245274709333
9039,Hwy 41, ,41,87,260852,948000,0.0223561395646957
9040,Highway 11, ,11,355,4990289,28929000,0.165370575133967
9041,Highway 41, ,41,128,395662,1049000,0.0997405281476116
9042,2nd Line West, ,550,70,0,0,0.0579507188046022
9043,Catherine Street, ,548,15,0,0,0.00467889161076623
9044,Highway 403 W, ,403,1937,16926718,41969000,0.00759652612493292
9045,Highway 548, ,548,180,0,0,0.0536402914687897
9046,Highway 3,St Thomas Expy,3,306,1305434,3885000,0.0300875310364925
9047,Highway 101, ,101,89,68558,177000,0.0183797342789052
9048,Robertson St, ,2,0,0,0,0.00413227720265336
9049,Highway 15, ,15,387,281431,540000,0.0122751195947633
9050,Highway 7, ,7,840,334006,653000,0.0114724306200952
9051,Highway  631, ,631,13,82142,78000,0.0126525761381911
9052,Highway 17, ,17,443,4465359,33550000,0.0351025713541384
9053,Highway 7, ,7,466,2601400,7532000,0.0291148798285987
9054,Peter St,County Road 2,2,0,0,0,0.00961204082566268
9055,Richmond St,King's Highway 4,4,373,217804,695000,0.0157158425384233
9056,Highway 510, ,510,11,38437,24000,0.0150791930733041
9057,Paul Martin Dr,Highway 41,41,0,0,0,0.0135620834389432
9058,Queenston Rd,Hwy 8,8,0,0,0,0.000991655182035113
9059,Highway 60, ,60,422,1600085,837000,0.0674674950158196
9060,Highway 7,Highway 12,7,472,744363,2128000,0.00365483234171663
9061,Hurontario Street,Highway 10,10,245,1155288,1254000,0.00123744917643843
9062,Highway 3 E,S Talbot Rd,3,470,800379,1185000,0.0282964552619451
9063,Highway 28, ,28,212,476220,773000,0.030609594330006
9064,Highway 118, ,118,116,264459,486000,0.0450087853933263
9065,Hwy 132, ,132,116,31857,117000,0.00453107430466832
9066,Hwy 62,King's Highway 62,62,135,67584,699000,0.0162868822105111
9067,Hwy 26, ,26,265,142427,210000,0.0166074107929955
9068,Highway 21,Bluewater Hwy,21,103,122350,475000,0.0258290151251834
9069,Mary Jane Street, ,551,35,23839,13000,0.00650134929764149
9070,None, ,665,0,0,0,0.00234316151968246
9071,Highway 11,Highway 17,17,867,9229981,57439000,0.0485680906641462
9072,Thunder Bay Expressway, ,61,1015,1712424,5982000,0.0299620463138543
9073,Main St W,Hwy 8,8,4674,18096839,65907000,0.00302490497880368
9074,Highway 402 E, ,402,2783,26672454,124328000,0.00740959855027852
9075,Highway 17, ,17,346,5025804,34126000,0.0445581488190516
9076,Highway 3, ,3,414,521627,829000,0.0157956362666403
9077,Highway 7, ,7,397,1189807,6822000,0.0324282383946848
9078,Highway 65, ,65,269,1840347,5180000,0.00764255195217256
9079,Highway 17, ,17,434,4618076,33525000,0.0963947553527988
9080,Ontario Street, ,624,32,222403,29000,0.00670043841589948
9081,Regional Road 20,Hwy 20,20,0,0,0,0.00981952884473773
9082,Regional Road 54,Hwy 58,58,0,0,0,0.00277609665257465
9083,Hwy 670, ,670,4,0,0,0.117061816349905
9084,Highway 62, ,62,145,158208,390000,0.312159130785609
9085,Dunnville Rd,King's Highway 3,3,89,228179,951000,0.0240479630876198
9086,Cameron Road, ,597,13,0,0,0.0760779274612778
9087,King St E,Hwy 8,8,0,0,0,0.00265296361641032
9088,Highway 7a, ,7,692,637344,691000,0.0602292737231871
9089,C Line Road, ,548,15,0,0,0.0872943205916064
9090,Old Wanup Road, ,7042,11,6764,0,0.0192782306349896
9091,Highway 573, ,573,4,0,0,0.0705883066535391
9092,Huron Church Rd,King's Highway 3 E,3,3634,32395619,174165000,0.00198296541726093
9093,Highway 410 N, ,410,5590,14673496,31866000,0.00576034796988873
9094,Highway 17 E, ,17,501,1825290,9295000,0.386800952131322
9095,Sugar Loaf St,King's Highway 3,3,166,907076,1323000,0.0193679433190327
9096,County Road 49,Highway 49,49,83,66251,12000,0.015082956637153
9097,County Road 33,Highway 33,33,0,0,0,0.0135007014671191
9098,Hwy 805, ,805,12,0,0,0.479308238739916
9099,Highway  631, ,631,20,78117,76000,0.0354633783252428
9100,Main St S,Highway 10,10,0,0,0,0.00141801269391342
9101,Modeland Rd,King's Highway 40 S,40,1129,2286783,3033000,0.00982017149548211
9102,Highway 403 E, ,403,2145,20986604,70951000,0.00696763683062996
9103,Guelph St,King's Highway 7,7,889,1259737,4520000,0.0223837306106291
9104,Station Road, ,645,9,31727,198000,0.0422211053098855
9105,Texas Gulf Road, ,655,561,1673584,3695000,0.00941245179483617
9106,Highway  636, ,636,12,27600,19000,0.0436837271427222
9107,Highway 11, ,11,793,7482050,30173000,0.120186809247489
9108,Hwy 9,Davis Drive West,9,0,0,0,0.0268465092285841
9109,County Road 109,Hwy 9,9,0,0,0,0.0168112040670953
9110,County Road 2,Highway 2,2,0,0,0,0.0222102981034624
9111,Highway 403 E, ,403,5743,20228381,74992000,0.00835952515436485
9112,Highway 403 W, ,403,5655,16536353,64093000,0.00557996597586317
9113,Highway 6,King's Highway 6,6,249,556045,1973000,0.0181786430267806
9114,De Troyes Avenue, ,577,0,0,0,0.129022524417317
9115,Hwy 89, ,89,171,978565,941000,0.0446718726343289
9116,Hwy 89, ,89,166,995865,1265000,0.00538295906143645
9117,Highway 6,King's Highway 6,6,253,605894,2390000,0.0215030647655565
9118,Highway 6,King's Highway 6,6,249,556045,1973000,0.015878022830153
9119,Talbot Rd,King's Highway 3,3,322,1794032,4156000,0.0169515245076514
9120,Regional Road 24, ,24,0,0,0,0.0409761621393798
9121,Highway 17, ,17,780,7930709,53193000,0.0441118649677497
9122,Black Road, ,17,0,0,0,0.0174827124798642
9123,Highway 17, ,17,343,3225547,22750000,0.0308789131811671
9124,Highway  631, ,631,13,82142,78000,0.0233021746908422
9125,Hurontario St,Highway 10,10,1257,667165,1559000,0.00122661418086606
9126,Highway 404 S, ,404,3065,8467913,57067000,0.0168453064416283
9127,Regional Road 20,Hwy 20,20,0,0,0,0.0137199644248116
9128,Hwy 62, ,62,305,192779,631000,0.0169217232421978
9129,Griffin St N,Regional Road 20,20,0,0,0,0.000483084101118824
9130,Griffin St N,Regional Road 20,20,0,0,0,0.000522814591995388
9131,Hwy 41,Walford Rd,41,146,85515,360000,0.0125461145288551
9132,County Road 2, ,2,0,0,0,0.0587604645300907
9133,Highway 48,King's Highway 48,48,776,177848,91000,0.017063888976304
9134,Brock St S,Regional Road 12,12,0,0,0,0.00894638411371613
9135,County Road 2,Highway 2,2,0,0,0,0.0105210299879702
9136,County Road 17,Hwy 21,21,0,0,0,0.00317235291135265
9137,9 Street, ,583,0,0,0,0.0133088726022054
9138,County Road  48, ,48,0,0,0,0.0656709932116662
9139,Highway 7, ,7,840,334006,653000,0.00563227791695486
9140,Cameron Street, ,35,211,453425,1375000,0.00365586590829873
9141,Regional Road 7, ,7,0,0,0,0.0149619233917752
9142,Ecclestone Drive, ,118,0,0,0,0.0280970716989168
9143,Ecclestone Drive, ,118,0,0,0,0.0131088992061825
9144,River Rd,Highway 41,41,0,0,0,0.00571576955354587
9145,Highway 7,Highway 12,7,371,566249,1148000,0.0127473240605084
9146,Portage Road, ,48,0,0,0,0.0179963876434145
9147,Highway 15, ,15,212,372761,662000,0.034581979183617
9148,County Road 2, ,2,0,0,0,0.0220005863836428
9149,Highway 7, ,7,274,1840375,4996000,0.0417403345339366
9150,County Road 2,Highway 2,2,0,0,0,0.0209667429861851
9151,County Road 49,Highway 49,49,0,0,0,0.0271164124778643
9152,Highway 35, ,35,174,64614,145000,0.00330794858154569
9153,Highway 654, ,654,38,0,0,0.00906697209858904
9154,Highway 400 S, ,400,4316,28957353,61792000,0.0106679800129337
9155,Hwy 33, ,33,126,656120,75000,0.0374665077539711
9156,County Road 2, ,2,0,0,0,0.0432395205656568
9157,Regional Road 20,Hwy 20,20,0,0,0,0.00835115227813005
9158,Sugar Loaf St,King's Highway 3,3,159,907591,1328000,0.0019404545780305
9159,Dundas St W,Hwy 5,5,0,0,0,0.00405911739169291
9160,Highway 15, ,15,166,202254,479000,0.00270350484518677
9161,County Road 31,Hwy 93,93,0,0,0,0.0246515901189199
9162,Highway 12, ,12,412,699069,812000,0.00146183421223584
9163,Highway 69, ,69,589,9212803,41070000,0.0101663863391242
9164,Highway 69, ,69,639,9208331,41036000,0.00176009232713578
9165,Highway 108, ,108,0,0,0,0.0107545834966421
9166,Yonge St, ,11,0,0,0,0.000416202575683615
9167,Highway 17, ,17,653,3164712,14508000,0.010455199303498
9168,Highway 11, ,11,590,7193645,31077000,0.0997061861988316
9169,10th Avenue, ,571,22,2733,14000,0.0406005226631261
9170,Highway 101, ,101,0,0,0,0.00185638911921861
9171,Algonquin Boulevard East, ,101,0,0,0,0.00596042761815962
9172,Highway 11, ,11,560,5837319,29792000,0.0257791140350495
9173,1st Street, ,11,508,5848565,20070000,0.0160699944980343
9174,King St W,Tc Hwy,7,0,0,0,0.00985107163086076
9175,Dawson Road, ,102,0,0,0,0.00483052593284239
9176,Bloor St W,Hwy 5,5,0,0,0,0.00414576050829509
9177,Tc Hwy,King's Highway 7,7,547,375070,398000,0.00104336091551881
9178,Tc Hwy,King's Highway 7,7,547,375070,398000,0.00129053864718341
9179,Highway 7,Tc Highway,7,547,375070,398000,0.00338853276032887
9180,Highway 7,Tc Highway,7,547,375070,398000,0.000322063658304456
9181,Highway 7,Tc Highway,7,504,545870,1334000,0.0214766843136525
9182,Bloor St W,Hwy 5,5,0,0,0,0.00642964955432797
9183,Bloor St W,Hwy 5,5,0,0,0,0.00482941312582888
9184,Regional Road 20,Hwy 20,58,0,0,0,0.00229131512457839
9185,Regional Road 20,Hwy 20,58,0,0,0,0.0013411820726118
9186,Davis Rd,King's Highway 58,58,546,800137,1137000,0.00752069717377896
9187,Highway 11,Colonization Road East,11,0,0,0,0.00548085812706462
9188,Davis Rd,King's Highway 58,58,546,800137,1137000,0.000116155068756427
9189,County Road 2, ,2,0,0,0,0.0197013500863493
9190,Main Street, ,67,0,0,0,0.00726601561631529
9191,The Parkway, ,115,1102,1634899,3399000,0.000699085629925136
9192,Yonge St, ,11,0,0,0,0.00533828990369613
9193,Elginfield Rd,King's Highway 7,7,205,1347136,2730000,0.00173902098892527
9194,Queen St E,Regional Road 7,7,0,0,0,0.000119853318716007
9195,Queen St E,Regional Road 7,7,0,0,0,0.00695364209261881
9196,Highway 7,Tc Highway,7,618,2421350,5860000,0.0161050570121011
9197,Highway 7,Tc Highway,7,443,2880003,6074000,0.0176000069251333
9198,Plank Line,King's Highway 19,19,593,2062079,6437000,0.0151628346649582
9199,Plank Line,King's Highway 19,19,587,2000759,6317000,0.00508755881125511
9200,King St,Regional Highway 2,2,0,0,0,0.00927574153341868
9201,Highway 24, ,24,398,765303,1495000,0.0128165545536455
9202,Highway 24, ,24,382,713857,1150000,0.00184277736203077
9203,Highway 24, ,24,452,2107031,3454000,0.0136992998219229
9204,Highway 24, ,24,425,1448774,2808000,0.0144982140572665
9205,Highway 7,Tc Highway,7,447,3074614,6089000,0.0050048877367754
9206,Highway 7,Tc Highway,7,464,2572304,6035000,0.00168786521977704
9207,Highway 7,Tc Highway,7,443,2880003,6074000,0.00770240055408898
9208,Highway 7,Tc Highway,7,443,2880003,6074000,0.00503608935582017
9209,Highway 7,Tc Highway,7,443,2880003,6074000,0.0037653279517383
9210,King St,Regional Highway 2,2,0,0,0,0.0105905863575692
9211,Ottawa St W, ,7,452,2880003,6074000,0.0335560315014867
9212,County Road 2,Highway 2,2,0,0,0,0.0201207047776035
9213,County Road 2,Highway 2,2,0,0,0,0.00482362535860616
9214,County Road 2,Highway 2,2,0,0,0,0.00496023228849396
9215,County Road 2,Highway 2,2,0,0,0,0.00676921255292508
9216,164 Road,Hwy 23,23,322,1524549,2880000,0.0195899838700536
9217,County Road 2,Highway 2,2,0,0,0,0.00578486315790958
9218,County Road 2,Highway 2,2,0,0,0,0.000942977820566511
9219,County Road 33,Highway 33,33,0,0,0,0.000946316707003612
9220,Highway 11, ,11,46,652194,53000,0.000641170663704652
9221,Edna St,King's Highway 7,7,0,0,0,0.00147000702992207
9222,Hwy 37, ,37,395,1450363,4956000,0.00288596386948289
9223,Rest Acres Rd,King's Highway 24,24,579,3929193,5217000,0.0015419105817232
9224,Rest Acres Rd,King's Highway 24,24,579,3929193,5217000,0.000765523391870355
9225,Rest Acres Rd,King's Highway 24,24,579,3929193,5217000,0.00136300098721916
9226,Rest Acres Rd,King's Highway 24,24,579,3929193,5217000,0.00134359636865169
9227,King George Rd,King's Highway 24,24,467,582886,888000,0.0143459576784083
9228,Broadway St,King's Highway 19,19,0,0,0,0.00387094054928623
9229,Brant Rd,King's Highway 24,24,755,1195332,5323000,0.0150709753620278
9230,Brant Rd,King's Highway 24,24,644,1074404,5334000,0.015009381054738
9231,King George Rd,King's Highway 24,24,0,0,0,0.00224799924640178
9232,Highway 3, ,3,503,1158891,3755000,0.00489119260977447
9233,Highway 28, ,28,286,396246,744000,0.00167679664181129
9234,Highway 7,Tc Highway,7,687,2421350,5860000,0.017337824334206
9235,Highway 24, ,24,341,667404,767000,0.00220716161939474
9236,Highway 3, ,3,455,1051082,3668000,0.0232824636960736
9237,Highway 3, ,3,282,955954,2334000,0.0101059585086883
9238,Hwy 89, ,89,159,1241936,1019000,0.00856206582493863
9239,Hwy 26, ,26,265,142427,210000,0.0170737085542745
9240,Highway 3,Talbot Rd,3,191,393949,672000,0.00113919411690903
9241,County Road 2, ,2,0,0,0,0.00231529648807984
9242,County Road 109,Hwy 9,9,0,0,0,0.00589841905785756
9243,County Road 109,Hwy 9,9,0,0,0,0.0037025825900022
9244,County Road 109,Hwy 9,9,0,0,0,0.0208460459208776
9245,County Road 109,Hwy 9,9,0,0,0,0.0173567192847307
9246,County Road 109,Hwy 9,9,0,0,0,0.00956603620734607
9247,Highway 6,Main St S,6,246,876654,3272000,0.0135374639006828
9248,Hwy 89, ,89,179,990701,918000,0.0338698802375351
9249,Queen St E,Hwy 89,89,179,990701,918000,0.0283761442607734
9250,Hwy 89, ,89,179,990701,918000,0.00222159087142853
9251,Hwy 89, ,89,194,1309727,1154000,0.0190499910054969
9252,County Road 109,Hwy 9,9,0,0,0,0.0249305831635877
9253,County Road 109,Hwy 9,9,0,0,0,0.0435531964358104
9254,Highway 6,King's Highway 6,6,211,876654,3272000,0.0260339919089843
9255,Highway 6,George St,6,564,1529441,3412000,0.00782065562719979
9256,County Road 109,Hwy 9,9,0,0,0,0.000393604151399782
9257,Highway 6, ,6,343,1134213,1712000,0.0217752101221126
9258,Hwy 89, ,89,169,1387143,1241000,0.0224785573343066
9259,Hwy 89, ,89,169,1387143,1241000,0.0217181957972552
9260,Hwy 89, ,89,159,1241936,1019000,0.0186515174542575
9261,Highway 7,Tc Highway,7,950,2621832,6628000,0.0160704443343038
9262,Highway 7,Tc Highway,7,950,2621832,6628000,0.0158350764723174
9263,Highway 28, ,28,289,590805,152000,0.00817960670934906
9264,Highway 28, ,28,279,380462,680000,0.0264459907438294
9265,Highway 7,Tc Highway,7,687,2421350,5860000,0.0107224801039208
9266,Victoria St N,King's Highway 7,7,0,0,0,0.00614416983277208
9267,Victoria St N,King's Highway 7,7,0,0,0,0.0053417299297122
9268,Bruce St,King's Highway 7,7,1862,7701912,26358000,0.00124169290081126
9269,Bruce St,King's Highway 7,7,0,0,0,9.87927122855676e-05
9270,Dundas St S,King's Highway 8,8,0,0,0,0.0054157541488202
9271,Ranger Lake Road, ,556,10,66049,178000,0.00749201882809087
9272,Highway 6,King's Highway 6,6,211,876654,3272000,0.0269194858470778
9273,Highway 6,King's Highway 6,6,246,876654,3272000,0.0268754165629189
9274,Highway 6,King's Highway 6,6,246,876654,3272000,0.018534629884214
9275,Hwy 89, ,89,194,1309727,1154000,0.0318335517156005
9276,County Road 109,Hwy 9,9,0,0,0,0.0130816693014407
9277,County Road 109,Hwy 9,9,0,0,0,0.00522763787807242
9278,Highway 7,Victoria St N,7,0,0,0,0.00345588237357707
9279,Victoria St N,King's Highway 7,7,0,0,0,0.025901086768354
9280,Highway 6, ,6,240,1673065,5975000,0.0212667351871356
9281,County Road 3,Talbot Trail,3,0,0,0,0.0225334587391856
9282,Woodlawn Rd W,King's Highway 7,7,390,775044,3554000,0.0130243845332792
9283,Woodlawn Rd W,King's Highway 6,6,0,0,0,0.00870913487768835
9284,York Rd,King's Highway 7,7,0,0,0,0.0057165053307076
9285,Highway 6, ,6,339,1187173,1737000,0.0221054159078631
9286,Forest Rd,King's Highway 21,21,272,479076,1617000,0.00099412876428742
9287,Highway  631, ,631,13,82142,78000,0.0151643649284175
9288,Hwy 89, ,89,159,1242160,1019000,0.017174401470146
9289,County Road 109,Hwy 9,9,0,0,0,0.00942528430735784
9290,County Road 109,Hwy 9,9,0,0,0,0.0120329655894033
9291,Highway 6,King's Highway 6,6,531,1987035,3288000,0.0210038692740789
9292,Forest Rd,King's Highway 21,21,272,479076,1617000,0.00113021413899121
9293,Highway 6,King's Highway 6,6,529,2509778,3428000,0.00210126974610026
9294,Highway 6,King's Highway 6,6,529,2509778,3428000,0.00184163997241313
9295,Highway 6, ,6,2280,10559170,28067000,0.00811846431857713
9296,Tower St S,King's Highway 6,6,0,0,0,0.00509186712649144
9297,St David St S,King's Highway 6,6,0,0,0,0.00175390024924778
9298,St David St N,King's Highway 6,6,0,0,0,0.0010183808575512
9299,Highway 6,Queen St,6,2204,10547065,27851000,9.92018145332856e-05
9300,Highway 77,Main St,77,579,3313233,10455000,0.0104810821612202
9301,Highway 77, ,77,0,0,0,0.000157999999998992
9302,Highway 6, ,6,427,1906673,6097000,0.00899558305369783
9303,Woodlawn Rd W,King's Highway 7,7,0,0,0,0.00934883580802658
9304,Regional Road 8,Hwy 8,8,0,0,0,0.00404784399848252
9305,County Road 109,Hwy 9,9,0,0,0,0.0254296419591948
9306,Bloor St W,Hwy 5,5,0,0,0,0.00516762679056107
9307,Bloor St W,Hwy 5,5,0,0,0,0.00471132980631531
9308,Highway 6, ,6,524,3791161,14540000,0.016014324880697
9309,Highway 6, ,6,901,3998380,15426000,0.0102911022115672
9310,Highway 6, ,6,926,1454987,3893000,0.0125982577382269
9311,Talbot Line,King's Highway 3,3,238,1413524,3046000,0.0192975505361584
9312,Talbot Line,King's Highway 3,3,307,1262588,3171000,0.0141503482694516
9313,Talbot St W,King's Highway 3,3,0,0,0,0.00715146812869899
9314,Talbot St W,King's Highway 3,3,0,0,0,0.0053301136126446
9315,Talbot St E,King's Highway 3,3,0,0,0,0.00726112630491539
9316,County Road 2,Highway 2,2,0,0,0,0.000715102287804436
9317,Highway 11,Highway 17,17,1121,9526103,39511000,0.00117165737308612
9318,Elgin Ave E,King's Highway 8,8,0,0,0,0.00321903876368066
9319,Bayfield Rd,King's Highway 21,21,0,0,0,0.00314117234768917
9320,Huron Rd,King's Highway 8,8,279,521957,216000,0.0131587084767905
9321,Highway 48,King's Highway 48,48,706,43479,25000,0.0165855581326614
9322,Highway 48,King's Highway 48,48,776,177848,91000,0.00229648863441636
9323,Highway 48,King's Highway 48,48,776,177848,91000,0.00236461411269315
9324,Yonge St,County Road 1,11,0,0,0,0.00691767936205669
9325,Bloor St W,Hwy 5,5,0,0,0,0.00247490609037834
9326,Highway 518, ,518,6,9909,179000,0.0025701857287326
9327,2nd Street South, ,17,0,0,0,0.00905300153381505
9328,King St W,Regional Highway 2,2,0,0,0,0.00650901687781125
9329,King St W,Regional Highway 2,2,0,0,0,0.00998735335200848
9330,County Road 41,Highway 41,41,0,0,0,0.000157434843689759
9331,County Road 41,Highway 41,41,0,0,0,0.000149816554495553
9332,Toronto Rd,County Road 2,2,0,0,0,0.00814008598605502
9333,Highway 35, ,35,58,38613,8000,0.000476265682159627
9334,Highway 118, ,118,0,0,0,0.000297572787693739
9335,Highway 118, ,118,0,0,0,0.000851968309279493
9336,Regional Road 20,Hwy 20,20,0,0,0,0.0100260178485843
9337,Plank Rd,County Road 19,19,0,0,0,0.00105020236143772
9338,Queen St E,Regional Road 7,7,0,0,0,0.00282703797357293
9339,Guelph St,King's Highway 7,7,0,0,0,0.00909930802138284
9340,Highway 805, ,805,12,0,0,0.00346637926894604
9341,Algonquin Boulevard East, ,101,0,0,0,0.00729300787244505
9342,Hwy 9,County Road 4,9,406,157429,721000,0.0255960208914454
9343,Hwy 9,County Road 4,9,254,188139,829000,0.00208168993848372
9344,Hwy 9, ,9,136,91681,276000,0.020468784040059
9345,Elora St,Hwy 9,9,0,0,0,0.00421934825885675
9346,Highway 61, ,61,103,441816,1751000,0.0242206719827575
9347,Norfolk St S,Regional Road 24,24,0,0,0,0.00302891068202369
9348,Highway 21, ,21,239,125596,804000,0.0269943026712506
9349,County Road 2, ,2,0,0,0,0.0132363337622869
9350,County Road 31,Hwy 93,93,0,0,0,0.0185488538551702
9351,Regional Road 7, ,7,0,0,0,0.0156511064950094
9352,Dufferin Ave,King's Highway 40,40,292,3122067,2642000,0.000586103233225631
9353,Highway 7a, ,7,336,518859,237000,0.00705168167772015
9354,Industrial Rd,County Road 21,21,0,0,0,0.00333573272968353
9355,Base Line,County Road 21,21,0,0,0,0.0119163480277054
9356,West   River Road, ,594,94,79692,144000,0.0828968285526803
9357,Highway 17, ,17,1096,8122244,35445000,0.0117659031660882
9358,Highway 15, ,15,340,207607,9020000,0.0361382701919856
9359,County Road 2,Highway 2,2,0,0,0,0.00990568358227081
9360,Highway 40, ,40,236,1244408,4605000,0.0245403859836188
9361,Highway 11,Government Road,11,371,3866391,18569000,1.24191789674682
9362,Highway 8,Hwy 8,8,0,0,0,0.0104805970630612
9363,Yonge St,County Road 1,11,0,0,0,0.00397807521850174
9364,Hwy 9,Davis Drive West,9,0,0,0,0.00524533758990298
9365,Yonge St,County Road 1,11,0,0,0,0.00364269958057118
9366,Talbot Line,County Road 3,3,0,0,0,0.0514611664769156
9367,County Road 2,Highway 2,2,0,0,0,0.0198336824249455
9368,Garrison Rd,King's Highway 3,3,0,0,0,0.00291667979042344
9369,Yonge St,County Road 1,11,0,0,0,0.00766044434824805
9370,Yonge St,County Road 1,11,0,0,0,0.00299258487095052
9371,Talbot St W,King's Highway 3,3,378,1352443,3221000,0.01256885215383
9372,Hwy 35,Highway 7A,35,311,1105697,2591000,0.00500545255118695
9373,Regional Road 20,Hwy 20,20,0,0,0,0.00681509753414948
9374,Talbot Line,King's Highway 3,3,349,1272643,3221000,0.0182182734716656
9375,Talbot Line,King's Highway 3,3,378,1352443,3221000,0.000782051788582012
9376,County Road 2, ,2,0,0,0,0.0474894713725829
9377,Plank Rd,County Road 19,19,0,0,0,0.0146174028756241
9378,164 Road,Hwy 23,23,353,1164671,2398000,0.0207007946232513
9379,Elginfield Rd,King's Highway 7,7,173,402922,1508000,0.00572717932932659
9380,Highway 11, ,11,159,742637,650000,0.0831583294654705
9381,Highway 3,Talbot Rd,3,141,500913,1080000,0.089413923299723
9382,Loudon Rd,King's Highway 4,4,494,88190,403000,0.0186750639812522
9383,Loudon Rd,King's Highway 4,4,231,674375,869000,0.0185927753078315
9384,Hwy 23,164 Road,23,179,430885,1062000,0.00333127395347672
9385,164 Road,Hwy 23,23,173,454833,1080000,0.0205093459590049
9386,Huron Church Rd,King's Highway 3,3,0,0,0,0.00822313788531167
9387,Talbot Trail,County Road 3,3,0,0,0,0.0388396774069248
9388,Huron Rd,King's Highway 8,8,298,445448,83000,0.0225186695158016
9389,Highway 21,Bluewater Hwy,21,131,102940,538000,0.0185400815827816
9390,Huron St,King's Highway 8,8,288,337889,443000,0.022937164579122
9391,Highway 21,Bluewater Hwy,21,116,127356,416000,0.0183779992047176
9392,Ontario St,King's Highway 7,7,0,0,0,0.000225078986148731
9393,Highway 6, ,6,532,3795025,14681000,0.00855626702214226
9394,County Road 52,King's Highway 8,8,725,1033483,1895000,0.036510490530028
9395,Regional Road 8,Hwy 8,8,0,0,0,0.0224028155832117
9396,Dundas St W,Hwy 5,5,1011,1693000,1770000,0.00326914263440068
9397,Dundas St W,Hwy 5,5,893,1498691,1091000,0.00197696437705665
9398,Hwy 20, ,20,0,0,0,0.000129243398277443
9399,Queenston Rd,Hwy 8,8,0,0,0,0.00894368938503854
9400,Dundas St W,Regional Road 5,5,0,0,0,0.0200322826670241
9401,Hwy 27, ,27,0,0,0,0.000649422050737627
9402,Hwy 9,Highway 9,9,1098,3351391,5157000,0.0190608908584831
9403,Erie St,King's Highway 7,7,0,0,0,0.00958585886837512
9404,Huron St,King's Highway 8,8,0,0,0,0.0027800100608113
9405,Huron St,King's Highway 8,8,0,0,0,0.0107427175887879
9406,Hwy 9,Highway 9,9,1082,6125196,12172000,0.00149625334487094
9407,Hwy 9,Highway 9,9,1163,7361092,17566000,0.00259083767532694
9408,Hwy 9,Highway 9,9,1163,7361092,17566000,0.000365771991820891
9409,Hwy 9,Highway 9,9,1163,7361092,17566000,0.000757449668300058
9410,Hwy 9,Highway 9,9,1204,4918515,6564000,0.0171991667677374
9411,Hwy 9,Highway 9,9,1205,4707762,6505000,0.00650520096502809
9412,Hwy 9,Highway 9,9,1101,3351391,5157000,0.0124600975520563
9413,9th Ave E,King's Highway 6,6,0,0,0,0.00390575985381031
9414,Hwy 9,County Road 4,9,180,169596,776000,0.0252629382604529
9415,Highway 6,King's Highway 6,6,272,495233,1912000,0.00376548648677748
9416,Highway 141, ,141,111,255781,138000,0.0108502837853552
9417,Main St,Hwy 23,23,305,197403,814000,0.0201505199021751
9418,Highway 17, ,17,398,4543545,24839000,0.060224482249532
9419,Highway 60, ,60,246,253890,390000,0.112801877818255
9420,Highway 24, ,24,376,697381,1119000,0.0126625606896107
9421,Queensway W,King's Highway 3,3,503,1158891,3755000,0.00718781635055805
9422,Regional Road 24, ,24,0,0,0,0.00742124317239433
9423,Winchester Rd W,King's Highway 7,7,557,315305,548000,0.00181829275470604
9424,Highway 7a,Scugog St,7,460,838659,818000,0.000873795316961529
9425,Highway 7,Tc Highway,7,240,75738,934000,0.00121448016778921
9426,Bloor St W,Hwy 5,5,0,0,0,0.00907085293092146
9427,Dundas St,King's Highway 8,8,0,0,0,0.00634561554667362
9428,Bloor St W,Hwy 5,5,0,0,0,0.00539332542353061
9429,Regional Road 7, ,7,0,0,0,0.0159410824692159
9430,Yonge St,County Road 1,11,0,0,0,0.00210836453202157
9431,Hwy 9,Highway 9,9,1089,6451299,8290000,0.0194761672538958
9432,Hwy 9,Highway 9,9,1089,6451299,8290000,0.00283159260872477
9433,Hwy 9,Highway 9,9,1089,6451299,8290000,0.0215454197230628
9434,Hwy 9,Highway 9,9,1089,6451299,8290000,0.00220726980675518
9435,Hwy 9,Highway 9,9,1108,6774570,8455000,0.0116927124473942
9436,Yonge St,County Road 1,11,0,0,0,0.00569730806979035
9437,Yonge St,County Road 1,11,0,0,0,0.0179824648643382
9438,Yonge St,County Road 1,11,0,0,0,0.00458109876581656
9439,Bloor St W,Hwy 5,5,0,0,0,0.00244589242939553
9440,Danforth Ave,Hwy 5,5,0,0,0,0.00930742927083602
9441,St David St N,King's Highway 6,6,0,0,0,0.00450801249572348
9442,Danforth Ave,Hwy 5,5,0,0,0,0.00622512392100685
9443,King St W,County Road 2,2,0,0,0,0.0028833321428725
9444,Kingston Rd,Highway 2,2,0,0,0,0.00265955779260075
9445,Kingston Rd,Highway 2,2,0,0,0,0.00238650371883467
9446,Wellington St W,King's Highway 7,7,0,0,0,0.0007649999999785
9447,Yonge St,County Road 1,11,0,0,0,0.00925748252679629
9448,Hwy 89, ,89,160,1242160,1019000,0.00432897155984835
9449,Highway 7,Tc Highway,7,376,449292,1268000,0.0373123285683186
9450,Hurontario St,Highway 10,10,0,0,0,0.000605330488263619
9451,Lundy's Lane, ,20,0,0,0,0.005067197818537
9452,Dundas St E,Regional Highway 2,2,0,0,0,0.00854309707129482
9453,Brock St N,Regional Road 12,12,0,0,0,0.0120605906146609
9454,Highway 7, ,7,278,1719291,5252000,0.0173369681845866
9455,Regional Hwy 2,Highway 2,2,11283,67836437,246174000,0.0143999560461691
9456,Kingston Rd,Regional Highway 2,2,0,0,0,0.00915293164981259
9457,Kingston Rd,Regional Highway 2,2,11283,67836437,246174000,0.00671984678283649
9458,Regional Road 7, ,7,840,334006,653000,0.0185071044069281
9459,Highway 7, ,7,840,334006,653000,0.0093147030072032
9460,Raglan St S, ,60,0,0,0,0.00822052200667631
9461,Highway 7, ,7,840,334006,653000,0.0111462600474632
9462,Regional Road 7, ,7,840,334006,653000,0.00471725611646287
9463,Highway 7, ,7,840,334006,653000,0.0100559503617252
9464,Hwy 62,King's Highway 62,62,63,67584,699000,0.0285180198996873
9465,Dundas St E,Regional Highway 2,2,0,0,0,0.00963630703871036
9466,Brock St S,Regional Road 12,12,0,0,0,0.00449545034202874
9467,Brock St N,Regional Road 12,12,0,0,0,0.00554239860801538
9468,Regional Hwy 12,Hwy 12,12,0,0,0,0.00130047683562668
9469,Brock St S,Regional Road 12,12,0,0,0,0.000480839143601652
9470,Brock St S,Regional Road 12,12,0,0,0,6.80294054138343e-05
9471,Dundas St E,Regional Highway 2,2,0,0,0,0.0100470129772695
9472,Winchester Rd W,King's Highway 7,7,986,95580,289000,0.00529665406172289
9473,Highway 6,King's Highway 6,6,894,2710464,4152000,0.0191090380949809
9474,Winchester Rd W,King's Highway 7,7,976,95580,289000,0.0100448744005372
9475,Winchester Rd W,King's Highway 7,7,976,95580,289000,0.00981995426424256
9476,King St,Regional Highway 2,2,0,0,0,0.00978980296084894
9477,Dundas St W,County Road 2,2,0,0,0,0.00929616198918026
9478,Regional Hwy 2,Highway 2,2,0,0,0,0.0116465542554757
9479,Regional Hwy 2,Highway 2,2,0,0,0,0.0112715829508363
9480,Regional Hwy 2,Highway 2,2,0,0,0,0.0159618106908222
9481,Regional Hwy 2,Highway 2,2,0,0,0,0.0239273599149241
9482,Regional Hwy 2,Highway 2,2,0,0,0,0.050390741189727
9483,Regional Hwy 2,Highway 2,2,0,0,0,0.00100900049549364
9484,Highway 48,King's Highway 48,48,594,918083,697000,0.0181039141350876
9485,Hwy 7a, ,7,406,478924,184000,0.00113621520847417
9486,Highway 48,King's Highway 48,48,380,956262,721000,0.0167543228923029
9487,Highway 48,King's Highway 48,48,108,861,4000,0.0190793336220379
9488,Highway 48,King's Highway 48,48,594,918083,697000,0.0361450193696028
9489,County Road 41, ,41,0,0,0,0.00697828266685252
9490,Highway 48,King's Highway 48,48,614,907663,666000,0.0178850199579429
9491,Highway 48,King's Highway 48,48,600,907663,666000,0.00552637701896428
9492,Highway 48,King's Highway 48,48,1031,916845,1035000,0.0400269542058094
9493,Regional Road 7,Highway 7,7,0,0,0,0.00405273960423997
9494,Highway 7, ,7,801,1001259,2917000,0.0254841822182239
9495,Highway 7, ,7,542,727333,2309000,0.00190623647744203
9496,Highway 118 W, ,118,162,30804,35000,0.00114056950947741
9497,The Parkway, ,115,1102,1634899,3399000,0.00298684953105512
9498,Highway 7,Tc Highway,7,240,75738,934000,0.0284406889806887
9499,Highway 7,Tc Highway,7,376,449292,1268000,0.0372256910667585
9500,Highway 7,Tc Highway,7,240,75738,934000,0.0405475741017905
9501,County Road 3,Hwy 89,89,0,0,0,0.0258976756589634
9502,Highway 7,Highway 12,7,686,753237,2177000,0.0132543466634311
9503,Highway 7,Highway 12,7,686,753237,2177000,0.0113946749897247
9504,Hwy 60, ,60,210,246358,765000,0.0304148383609343
9505,Highway 7,Highway 12,7,389,631644,1767000,0.0134132445316646
9506,Highway 7,Highway 12,7,421,618515,1766000,0.0134239010195343
9507,Tc Hwy,King's Highway 12,12,174,684116,1664000,0.0134973968223756
9508,Highway 12 & 48, ,12,277,1468268,2381000,0.0130153732676308
9509,Hwy 12,Tc Hwy,12,277,1468268,2381000,0.0127880838008098
9510,Bovaird Dr W,King's Highway 7,7,0,0,0,0.0137025162142162
9511,Hwy 7a,Moore Dr,7,1385,4708292,12815000,0.000141003546039753
9512,Highway 7a, ,7,336,518859,237000,0.0213561329168897
9513,Highway 15, ,15,126,194137,410000,0.00749522202519723
9514,Hwy 7a, ,7,406,478924,184000,0.0370633963940809
9515,Hwy 7a,Moore Dr,7,400,860450,431000,0.00126891658354644
9516,Highway 7,Tc Highway,7,618,2421350,5860000,0.0164420563925896
9517,County Road 2,Highway 2,2,0,0,0,0.00497635177616909
9518,Highway 15, ,15,216,372761,662000,0.0196971937569582
9519,County Road 41,Highway 41,41,0,0,0,0.00212588598612933
9520,Tc Hwy,King's Highway 17,17,588,4705660,21801000,0.0186746235306566
9521,Hwy 41,Walford Rd,41,146,85515,360000,0.0188701114756249
9522,Hwy 41,Walford Rd,41,146,85515,360000,0.00598496824083375
9523,Hwy 41, ,41,146,85515,360000,0.000724240981998546
9524,Tc Hwy,King's Highway 17,17,588,4705660,21801000,0.00182177109595283
9525,Paul Martin Dr,Highway 41,41,225,258567,930000,0.00153718720066852
9526,Highway 15, ,15,262,372761,662000,0.0109027726542641
9527,Highway 15, ,15,216,372761,662000,0.0181300451624084
9528,County Road 2, ,2,112,131253,351000,0.00208898625125674
9529,Highway 7, ,7,274,1840375,4996000,0.0351850848051049
9530,Highway 7, ,7,220,1853198,5007000,0.00913335735818534
9531,Highway 7, ,7,266,3297271,8851000,0.0647884180052912
9532,Highway 7, ,7,266,3297271,8851000,0.00417404306778575
9533,Dufferin St, ,7,578,1383099,4913000,0.00738168691287232
9534,Dufferin St, ,7,535,1417011,6872000,0.00357153342161924
9535,County Road 2, ,2,0,0,0,0.0150427310739553
9536,County Road 2, ,2,0,0,0,0.0318990634641748
9537,County Road 2, ,2,0,0,0,0.00464899996798977
9538,County Road 2, ,2,5686,51659317,184394000,0.0503069800610979
9539,Highway 118 W, ,118,162,30804,35000,0.00131320125651336
9540,Queen St E,Regional Road 7,7,0,0,0,0.000997687325790214
9541,Highway 17, ,17,0,0,0,0.000500847531723158
9542,Highway 7,Tc Highway,7,618,2421350,5860000,0.0170094628012839
9543,Highway 21, ,21,263,136553,807000,0.0677501599076124
9544,Highway 28, ,28,374,444560,742000,0.00189827229603231
9545,Highway 7, ,7,272,1840375,4996000,0.00529206675733266
9546,Highway 6,King's Highway 6,6,210,564635,1744000,0.0168859244620466
9547,Highway 6,King's Highway 6,6,210,564635,1744000,0.0169556101346967
9548,Highway 6,King's Highway 6,6,224,565961,1751000,0.0169058177979284
9549,Highway 6,King's Highway 6,6,224,565961,1751000,0.0168413770211281
9550,Hwy 89, ,89,119,1250348,1026000,0.0150300602850753
9551,Highway 10, ,10,395,1364201,2610000,0.0225352702634682
9552,Hwy 26,Arthur St W,26,0,0,0,0.00501234483067557
9553,Hwy 26, ,26,265,142427,210000,0.000771078451248101
9554,Hwy 89,Hwy 10,10,780,3675423,8291000,0.00939218572070006
9555,County Road 2, ,2,0,0,0,0.00842101416151989
9556,Highway 35,King's Highway 35,35,246,371712,239000,0.0161415326620599
9557,Forks Rd,King's Highway 3,3,194,361301,935000,0.010085364230577
9558,Hwy 89, ,89,495,3125448,8886000,0.022067919762528
9559,County Road 58,Highway 62,62,0,0,0,0.0256159351539185
9560,Hwy 89,Concession Road 4,89,935,1567476,4102000,0.00175978575516034
9561,Hwy 89, ,89,935,1567476,4102000,0.014348619236101
9562,Hwy 89, ,89,507,3829562,9075000,0.0155425223167977
9563,Hwy 26,Hwy 27,26,368,1237366,3763000,0.0072032271002497
9564,Highway 12, ,12,363,811443,998000,0.00772029685130469
9565,Highway 58a, ,58,396,1702051,2030000,0.01356902603013
9566,Hwy 60, ,60,170,327311,1050000,0.00987896003838792
9567,Highway 141, ,141,143,39544,107000,0.000662769480339657
9568,County Road 109,Hwy 9,9,0,0,0,0.0144626777577299
9569,County Road 109,Hwy 9,9,0,0,0,0.0149163111621111
9570,Hurontario St,Hwy 10,10,818,6845509,9091000,0.0333583362009149
9571,Dundas St W,Hwy 5,5,0,0,0,0.000760542569489023
9572,Regional Road 54,Hwy 58,58,394,1711361,2026000,0.0106244804614496
9573,Highway 17 E, ,17,989,2524851,11952000,0.0354587852084306
9574,Garrison Rd,King's Highway 3,3,367,269336,798000,0.00984909506543388
9575,Garrison Rd,King's Highway 3,3,0,0,0,0.00704215729473627
9576,Garrison Rd,Regional Road 3,3,0,0,0,0.000136003676418572
9577,Highway 17, ,17,592,2767553,13640000,0.179784049649639
9578,Regional Road 20,Hwy 20,20,0,0,0,0.0196009721563286
9579,Regional Road 20,Hwy 20,20,0,0,0,0.0100205138768231
9580,Regional Road 20,Hwy 20,20,0,0,0,0.0139310104984699
9581,Regional Road 20,Hwy 20,20,0,0,0,0.00310280805081107
9582,St Catharines St,Regional Road 20,20,0,0,0,0.00908182062092287
9583,Wharncliffe Rd S,King's Highway 4,4,0,0,0,0.00378247661565037
9584,Dunnville Rd,King's Highway 3,3,140,538523,1066000,0.00057125798347656
9585,Regional Hwy 2,Highway 2,2,0,0,0,0.0104927351441789
9586,Forks Rd,King's Highway 3,3,207,1547217,1643000,0.0144335441976814
9587,Dunnville Rd,King's Highway 3,3,89,228179,951000,0.00786831466651476
9588,Forks Rd,King's Highway 3,3,212,442674,1008000,0.00215908748059329
9589,Forks Rd,King's Highway 3,3,191,356244,925000,0.0099644815659455
9590,Forks Rd,King's Highway 3,3,191,356244,925000,0.000229053600719834
9591,Hwy 3,King's Highway 3,3,168,906871,1322000,0.000934729044600655
9592,Hwy 3,King's Highway 3,3,168,906871,1322000,0.00781350298034492
9593,Hwy 3,King's Highway 3,3,168,906871,1322000,0.0102282425603692
9594,Garrison Rd,King's Highway 3,3,367,269336,798000,0.00487600502313978
9595,Highway 17,Highway 11,17,417,3867027,14096000,0.000913911345806795
9596,Highway 8,Hwy 8,8,0,0,0,0.0153935426647884
9597,Regional Road 20,Hwy 20,20,0,0,0,0.0072902703466011
9598,Dundas St E,Hwy 5,5,0,0,0,0.000680260244296606
9599,Dundas St E,Hwy 5,5,0,0,0,0.000185539753172396
9600,Regional Road 7, ,7,0,0,0,0.000639133604223979
9601,Dundas St W,Hwy 5,5,0,0,0,0.000775424280022531
9602,Queen St E,Regional Road 107,7,0,0,0,0.00508649915445651
9603,Hwy 9,Highway 9,9,1163,7361092,17566000,0.0134188883568066
9604,Highway 6,King's Highway 6,6,139,178560,351000,0.0771351250775284
9605,Highway 522, ,522,21,30709,101000,0.0129639052603308
9606,Parry Sound Drive, ,124,257,531517,901000,0.000819655161781779
9607,Highway 144, ,144,588,1052299,9575000,0.00236996715166319
9608,County Road 33,Highway 33,33,0,0,0,0.00952911976976051
9609,Forks Rd,King's Highway 3,3,207,1547217,1643000,0.0300326564586998
9610,Hwy 3,King's Highway 3,3,189,905037,1318000,0.0109569804183737
9611,Main St E,Regional Road 3,3,195,809858,1935000,0.00795887825069762
9612,Main St E,King's Highway 3,3,225,584691,1218000,0.00795913093596793
9613,Garrison Rd,King's Highway 3,3,356,212245,647000,0.00580575585089316
9614,Garrison Rd,Regional Road 3,3,0,0,0,0.0122513027120303
9615,Regional Road 20,Hwy 20,20,0,0,0,0.00720884201935834
9616,Dundas St E,Hwy 5,5,0,0,0,0.000558378008128898
9617,Hwy 27, ,27,0,0,0,0.00200135263758417
9618,Hwy 27, ,27,0,0,0,0.00032116039601566
9619,Danforth Ave,Hwy 5,5,0,0,0,0.00486172527836018
9620,Regional Road 7, ,7,0,0,0,0.00303275782084434
9621,Regional Road 7, ,7,0,0,0,0.000769593399126985
9622,Hwy 9, ,9,919,4329188,6457000,0.00976342535785753
9623,Hwy 9, ,9,919,4329188,6457000,0.0038626422930488
9624,Highway 11, ,11,263,3610328,18821000,0.16611845528574
9625,Yonge St,County Road 1,11,0,0,0,0.00727790406463821
9626,Yonge St,County Road 1,11,0,0,0,0.00546681711604136
9627,Yonge St,County Road 1,11,0,0,0,0.00394168314301345
9628,County Road 109,Hwy 9,9,0,0,0,0.0176913055508631
9629,Highway 48,King's Highway 48,48,706,43479,25000,0.00377464386318726
9630,Kingston Rd,Highway 2,2,0,0,0,0.000155553495647991
9631,Regional Road 7, ,7,0,0,0,0.0101742361349972
9632,County Road 2,Highway 2,2,0,0,0,0.0423969866697096
9633,Kingston Rd,Highway 2,2,0,0,0,0.00342688455777269
9634,Kingston Rd W,Regional Highway 2,2,0,0,0,0.0125057216677858
9635,Dundas St W,Regional Highway 2,2,0,0,0,0.00484060822436576
9636,Winchester Rd W,King's Highway 7,7,976,95580,289000,0.0104260667799135
9637,Highway 7,Highway 12,7,642,409043,779000,0.00483250152904543
9638,Regional Hwy 2,Highway 2,2,0,0,0,0.00197677916014333
9639,Regional Hwy 2,Highway 2,2,0,0,0,0.0101606431631127
9640,Highway 17, ,17,1106,8336218,36217000,0.00515914317573657
9641,Highway 35 N,King's Highway 115 N,115,1495,6151409,18727000,0.000798010651612332
9642,Dundas St E,County Road 2,2,0,0,0,0.0164401335167713
9643,Queenston Rd,Hwy 8,8,0,0,0,0.00898028805250617
9644,Queen Elizabeth Way E, ,1,5758,37541294,136767000,0.0217440130968642
9645,Queen Elizabeth Way W, ,1,1613,16640332,78967000,0.0168548190350807
9646,Main St E,Hwy 8,8,0,0,0,0.00760992105819647
9647,Main St E,Hwy 8,8,0,0,0,0.00013091982282139
9648,Main St E,Hwy 8,8,0,0,0,0.00109913051000168
9649,Highway 401 W,Macdonald-Cartier Fwy W,401,4125,41281415,170515000,0.0146698160624762
9650,Highway 401 W,Macdonald-Cartier Fwy W,401,4561,41184838,170393000,0.0658599251206573
9651,Centennial Pky N,Hwy 20,20,0,0,0,0.00880464477400668
9652,Centennial Pky N,Hwy 20,20,0,0,0,0.000387769261280492
9653,Centennial Pky N,Hwy 20,20,0,0,0,0.000285212201669226
9654,Centennial Pky N,Hwy 20,20,0,0,0,0.000270623354501844
9655,Centennial Pky N,Hwy 20,20,0,0,0,0.000269179839525725
9656,Queen Elizabeth Way E, ,1,7134,36169304,132001000,0.00345904775366338
9657,Yonge St, ,11,0,0,0,0.00280651117939707
9658,Yonge St, ,11,0,0,0,0.00278770514939443
9659,Yonge St, ,11,0,0,0,0.00229708592593857
9660,Yonge St, ,11,0,0,0,0.00270103510686565
9661,Yonge St, ,11,0,0,0,0.00125269612033767
9662,Yonge St, ,11,0,0,0,0.00158285438370265
9663,Yonge St, ,11,0,0,0,0.00158498485795441
9664,Yonge St, ,11,0,0,0,0.00101817854585523
9665,Highway 401 E, ,401,5722,50508626,176709000,0.059272076989635
9666,Highway 401 W,Macdonald-Cartier Fwy W,401,4561,41184838,170393000,0.0113429455397755
9667,Highway 401 W,Macdonald-Cartier Fwy W,401,4754,40602454,170148000,0.00253798127059495
9668,Highway 401 W,Macdonald-Cartier Fwy W,401,4754,40602454,170148000,0.000328000000024531
9669,Highway 401 E, ,401,5722,50508626,176709000,0.00301448834428362
9670,Highway 401 E,Macdonald-Cartier Fwy E,401,5572,49864337,173717000,0.00734869754301511
9671,Bath Rd, ,33,0,0,0,0.00709328802747806
9672,Highway 401 W, ,401,4964,39329049,155466000,0.00653234391725073
9673,Highway 401 E, ,401,4658,48254220,167339000,0.00404888428851984
9674,Queen Elizabeth Way W, ,1,9058,44189413,123553000,0.00251603046361944
9675,Queen Elizabeth Way E, ,1,5758,37541294,136767000,0.010062062479057
9676,Highway 6,King's Highway 6 S,6,2474,15641750,30688000,0.00789600356459368
9677,Highway 6,King's Highway 6 N,6,1060,5435091,16485000,0.000516806540197382
9678,Kingston Rd,Highway 2,2,0,0,0,0.00362260164437111
9679,Bath Rd,County Road 33,33,0,0,0,0.00360280246589081
9680,Highway 401 W, ,401,4755,40602454,170148000,0.00583036125028216
9681,Highway 401 E,Macdonald-Cartier Fwy E,401,6036,49793377,178459000,0.0089039769485435
9682,Queen Elizabeth Way E, ,1,4613,26189843,119240000,0.00907719626641515
9683,Queen Elizabeth Way W, ,1,5718,37073944,121387000,0.00408377999074556
9684,Highway 400 S, ,400,600,6008648,19400000,0.019093378628354
9685,Tc Hwy E, ,417,4137,10989408,27954000,0.00593995802140976
9686,Highway 401 E, ,401,6441,51730979,184413000,0.00455320680201416
9687,Highway 11 N, ,11,2364,11847401,32144000,0.00193851938346766
9688,Highway 400 S, ,400,6940,31338085,94151000,0.00884771759087683
9689,Hurontario St,Highway 10,10,231,663164,4540000,0.00637009139147378
9690,Hurontario St,Highway 10,10,231,663164,4540000,0.000405790586386791
9691,Highway 403 E, ,403,6025,19301014,73671000,0.00596657029891522
9692,Highway 402 W, ,402,2721,21281028,64845000,0.00319175265301253
9693,Highway 402 E, ,402,3212,27039331,121946000,0.00301779195207094
9694,Highway 402 W, ,402,2629,22174485,67200000,0.107226986929093
9695,Highway 401 Collector,Macdonald-Cartier Fwy W,401,17163,63740454,233606000,0.0140112755310239
9696,Highway 402 E, ,402,2967,27314148,122386000,0.00478884789861214
9697,Highway 401 Collector,Macdonald-Cartier Fwy W,401,17002,68027819,215832000,0.0177955011757158
9698,Highway 427 Collector, ,427,13454,35423659,120532000,0.00146884784779086
9699,Bath Rd, ,33,0,0,0,0.00706020257709673
9700,Highway 409 E, ,409,0,0,0,0.00241398509858524
9701,Gardiner Expressway Collectors, ,1,0,0,0,0.00913056701568516
9702,Highway 427 S, ,427,5036,10358258,43000000,0.00670466957663176
9703,Highway 401 W,Macdonald-Cartier Fwy W,401,5451,34319638,140612000,0.00467228553641027
9704,Highway 401 W,Macdonald-Cartier Fwy W,401,5451,34319638,140612000,0.000237697286492648
9705,Highway 427 S, ,427,5036,10358258,43000000,0.010920813972877
9706,Highway 401 Collector,Macdonald-Cartier Fwy W,401,17002,68027819,215832000,0.00674771726764396
9707,Dundas St E,County Road 2,2,0,0,0,0.00978982114671432
9708,Yonge St,County Road 1,11,0,0,0,0.00471880002543082
9709,Highway 401 W,Macdonald-Cartier Fwy W,401,5631,42959190,180989000,0.00508341959565346
9710,Highway 402 W, ,402,2553,21034470,63256000,0.00413168403198302
9711,Highway 402 E, ,402,3377,27281252,122642000,0.00439400551252923
9712,Highway 400 N, ,400,3525,32635140,101774000,0.00819251538174721
9713,Highway 35 S,King's Highway 115 S,115,1739,15194496,13033000,0.0188414243775563
9714,Lake Shore Blvd E,Highway 2,2,0,0,0,0.013894856753004
9715,Highway 403 E, ,403,3964,24566011,85749000,0.00285121382885516
9716,Highway 69, ,69,613,9165794,40873000,0.0529944894040712
9717,Highway 401 E, ,401,5357,48472761,175245000,0.017552111985441
9718,Tc Hwy E, ,417,1628,6901249,16366000,0.010029800888112
9719,Highway 401 W,Macdonald-Cartier Fwy W,401,6250,44042090,179792000,0.00316325323677751
9720,Highway 401 E,Macdonald-Cartier Fwy E,401,7340,52943724,183094000,0.00251014811033157
9721,Highway 401 W,Macdonald-Cartier Fwy W,401,4650,41375513,170678000,0.00305407237705531
9722,Highway 401 E,Macdonald-Cartier Fwy E,401,5500,51025449,178393000,0.00285416090367803
9723,Highway 400 S, ,400,3999,30164112,63826000,0.00402191832962844
9724,Highway 400 S, ,400,961,2569844,3919000,0.0113807520488581
9725,Tc Hwy E, ,417,6174,11994030,33759000,0.00465918591303919
9726,Tc Hwy W,King's Highway 417 W,417,5098,9786614,48580000,0.00515725769629617
9727,Highway 402 W, ,402,2186,22388736,72172000,0.0204435858800377
9728,Regional Road 7 E, ,7,0,0,0,0.000154149278310684
9729,Highway 404 N, ,404,6441,20576766,57934000,0.00790060825068118
9730,Highway 401 W,Macdonald-Cartier Fwy W,401,17163,63712907,233556000,0.0111284527618473
9731,Highway 401 W,Macdonald-Cartier Fwy W,401,17163,63712907,233556000,0.00395193807844508
9732,Highway 401 W,Macdonald-Cartier Fwy W,401,15439,64295834,235037000,0.0076222718644947
9733,Hurontario St,Highway 10,10,0,0,0,0.00251347687040617
9734,Highway 416 S,Veteran's Memorial Highway,416,1868,4192038,8119000,0.00670710762607551
9735,Highway 403 W,Queen Elizabeth Way W,1,8296,48192428,143862000,0.00742011853242863
9736,Regional Road 7 W, ,7,0,0,0,0.00047881938139112
9737,Tc Hwy W,King's Highway 417 W,417,5553,9904635,40608000,0.00901776315199412
9738,Queen Elizabeth Way W, ,1,6774,47045714,139441000,0.0110012526312018
9739,Queen Elizabeth Way W, ,1,6775,47045714,139441000,0.0286253408300946
9740,Tc Hwy E, ,417,3908,9073334,22940000,0.00554920897514367
9741,Tc Hwy E, ,417,3469,8997416,23111000,0.00854216619946522
9742,Tc Hwy W, ,417,3814,8205236,44545000,0.00471895613968905
9743,Highway 404 S, ,404,1947,7326839,46639000,0.00243167514726178
9744,Highway 420,Roberts St,420,1009,2323408,4262000,0.00902465825086793
9745,Queen Elizabeth Way E, ,1,3379,15878317,77996000,0.00445886458893451
9746,Highway 401 E,Macdonald-Cartier Fwy E,401,7694,56209099,266804000,0.0353007335127931
9747,Highway 403 W, ,403,6532,16627936,64235000,0.00743176031746124
9748,Highway 401 Collector,Macdonald-Cartier Fwy W,401,9905,56647808,214764000,0.00501572471849406
9749,Highway 404 N, ,404,1539,9829682,11224000,0.0204717959179102
9750,Highway 409 E, ,409,5762,12936671,63046000,0.00349725596220646
9751,Queen Elizabeth Way E, ,1,9393,43025710,99618000,0.0208944311195177
9752,Highway 400 N, ,400,806,8546979,41849000,0.0351161399908771
9753,Regional Hwy 2,Highway 2,2,0,0,0,0.00923893813445298
9754,Queen Elizabeth Way W, ,1,6775,47045714,139441000,0.0184863585508646
9755,Highway 403 E, ,403,3880,24936712,86771000,0.0270710339487972
9756,Highway 403 E, ,403,4376,20773504,81831000,0.018351152287069
9757,Highway 427 N, ,427,7759,25743702,93254000,0.00572325758203993
9758,King St E,Hwy 8,8,0,0,0,0.00590185086676677
9759,Main St E,Hwy 8,8,0,0,0,0.00529892005185066
9760,Main St E,Hwy 8,8,0,0,0,0.000625015030237795
9761,King St E,Hwy 8,8,0,0,0,0.000371303110709528
9762,Regional Road 7 E, ,7,0,0,0,0.00377432280231854
9763,Highway 400 S, ,400,7124,26498841,69058000,0.0198030513299643
9764,Highway 400 N, ,400,6976,34556316,109698000,0.0155286118315573
9765,Highway 400 S, ,400,7124,26498841,69058000,0.0145824352243621
9766,Regional Road 7 E, ,7,0,0,0,0.00257157480931854
9767,Regional Road 7 E, ,7,0,0,0,0.000200569190064417
9768,Regional Road 7 W, ,7,0,0,0,0.000193961336387705
9769,Highway 40 N,Modeland Rd,40,780,4604789,8941000,0.000179279112002774
9770,County Road 1, ,11,0,0,0,0.000986877905291586
9771,Hwy 27, ,27,0,0,0,0.00539961135175145
9772,Highway 402 W, ,402,2498,23025668,69702000,0.00826534502743413
9773,Highway 400 N, ,400,756,8546979,41849000,0.033026692430665
9774,Highway 35 N,King's Highway 115 N,115,0,0,0,0.000794833315837897
9775,Queen St E, ,7,0,0,0,0.000219920440143287
9776,Hwy 27, ,27,0,0,0,0.00460633974105816
9777,Highway 416 N,Veteran's Memorial Highway,416,972,8900283,17082000,0.114348666692329
9778,Regional Road 107,Highway 7,7,0,0,0,0.00100059232458974
9779,Queen St E,Regional Road 7,7,0,0,0,0.000203403539801814
9780,Highway 403 E,Queen Elizabeth Way E,1,7980,58695458,188168000,0.0105575454945988
9781,Highway 403 E, ,403,3880,24936712,86771000,0.00722144620891968
9782,Highway 402 W, ,402,2732,21355096,66310000,0.00619906583317433
9783,Highway 6 N, ,6,901,3998380,15426000,0.00431631444940553
9784,Highway 403 E, ,403,4839,25446513,87263000,0.0201582053993326
9785,Highway 403 W,King's Highway 6 S,403,4628,21038400,58481000,0.0176379780694554
9786,Highway 403 W, ,403,3464,19189826,50280000,0.00593623412864016
9787,Dundas St,King's Highway 8 E,8,3217,1141633,2705000,0.000543493330209044
9788,Dundas St,King's Highway 8 E,8,3217,1141633,2705000,0.000474692532092629
9789,Highway 11, ,11,925,8404368,28028000,0.00704091968515756
9790,Southwest Bypass, ,17,1017,1769051,8290000,0.00718042604715301
9791,Highway 115 S, ,115,1115,4953009,5732000,0.0478318837387738
9792,Gardiner Expy E,Hwy 2 E,1,0,0,0,0.0135117751320566
9793,Highway 401 E,Macdonald-Cartier Fwy E,401,4762,40578438,217804000,0.000489632762409059
9794,Highway 401 Collector,Macdonald-Cartier Fwy E,401,18198,80335030,284787000,0.0118180067044669
9795,Hurontario St,Highway 10,10,0,0,0,0.00349243960467903
9796,Hurontario St,Highway 10,10,0,0,0,0.00419465734761294
9797,Highway 410 S, ,410,7336,39085003,122706000,0.00961620633496989
9798,County Road 2,Highway 2,2,0,0,0,0.000462429454055618
9799,Highway 410, ,410,2276,8767472,6251000,0.0213015676284292
9800,Highway 427 Transfer, ,427,12427,43699291,111915000,0.00762493169482043
9801,Highway 7, ,7,616,2651161,7709000,0.0700897175612858
9802,Dufferin Ave,King's Highway 40 N,40,280,647784,1057000,0.013608973679417
9803,Highway 401 E,Macdonald-Cartier Fwy E,401,9775,89598342,311774000,0.0120832119806808
9804,Highway 401 W,Macdonald-Cartier Fwy W,401,10153,66712694,239818000,0.0120717790243008
9805,Highway 401 E,Macdonald-Cartier Fwy E,401,11740,87256367,298761000,0.00439378585552709
9806,Dufferin Ave,King's Highway 40 S,40,0,0,0,0.000505099000228881
9807,Highway 401 W,Macdonald-Cartier Fwy W,401,8739,62763552,232450000,0.054771414559869
9808,Highway 401 W,Macdonald-Cartier Fwy W,401,8739,62763552,232450000,0.0113303954785314
9809,Highway 401 W,Macdonald-Cartier Fwy W,401,8739,62763552,232450000,0.000498600040115402
9810,Highway 416 N,Veteran's Memorial Highway,416,972,8900283,17082000,0.00331577381616162
9811,Highway 416 N,Veteran's Memorial Highway,416,868,8374033,17294000,0.00278032036034578
9812,Tc Hwy E, ,417,4137,10989408,27954000,0.0069544234305532
9813,Tc Hwy W,King's Highway 417 W,417,5358,12362595,48929000,0.00792821933241307
9814,Highway 17, ,17,153,1522947,8623000,0.000338036980224634
9815,Gardiner Expressway Collectors, ,1,0,0,0,0.00350677184403997
9816,Highway 26, ,26,447,3974671,2851000,0.0638139411554257
9817,Highway 40 S,Churchill Line,40,620,1350760,2534000,0.0201167443043883
9818,Highway 40 S, ,40,412,1560794,2370000,0.0171673812050713
9819,Highway 40 N,Churchill Line,40,700,3841094,7575000,0.0200879457593561
9820,Highway 40 S, ,40,407,1561469,2370000,0.0244071635325452
9821,Highway 40 S,Churchill Line,40,620,1350760,2534000,0.0131744834864816
9822,King St E,Regional Highway 2,2,0,0,0,0.00460100825777985
9823,Veteran's Memorial Hwy, ,16,520,3024788,2234000,0.00144400138502689
9824,Highway 40 S,Hwy 40b,40,609,1347436,2499000,0.00024307406279884
9825,Highway 402 E, ,402,2538,23277900,120265000,0.00422929740598183
9826,Highway 137 S, ,137,805,5790876,15742000,0.00068061736680758
9827,Highway 401 E,Macdonald-Cartier Fwy E,401,6488,60605976,216106000,0.00797475480375717
9828,Queen Elizabeth Way E, ,1,2323,16611563,78887000,0.0501241229824419
9829,Highway 401 W,Macdonald-Cartier Fwy W,401,5587,54916426,198234000,0.00788420432321785
9830,Queen Elizabeth Way E, ,1,4479,29372925,127552000,0.0177565906301476
9831,Highway 401 W,Macdonald-Cartier Fwy W,401,4334,41399766,171514000,0.0943623231498626
9832,Queen St E,Regional Road 7 E,7,0,0,0,0.000185148588976966
9833,Regional Road 7 E, ,7,0,0,0,0.00108106702659757
9834,Queen Elizabeth Way E, ,1,1975,15794008,77309000,0.0216480803380856
9835,Queen Elizabeth Way E, ,1,4769,29403149,127717000,0.00914404171962885
9836,Highway 11, ,11,805,9579124,27960000,0.023494258214096
9837,Highway 401 W,Macdonald-Cartier Fwy W,401,5040,43105365,181714000,0.0029878873792101
9838,Highway 6 N, ,6,524,3791161,14540000,0.00305022130346503
9839,Highway 402 W, ,402,2497,23042584,69857000,0.0169996710667708
9840,Tc Hwy E, ,417,4137,10989408,27954000,0.00327448515831355
9841,Main St W,Hwy 8,8,0,0,0,0.00108862482059657
9842,Regional Road 7 E, ,7,0,0,0,0.0339097757332249
9843,Highway 401 Collector,Macdonald-Cartier Fwy E,401,11560,68147073,244844000,0.00641284397546339
9844,Highway 7 W,King's Highway 8 W,7,1704,4277954,8340000,0.0238904781341031
9845,Highway 420, ,420,958,776326,2227000,0.00544568305829417
9846,Highway 402 E, ,402,2783,26672454,124328000,0.0231260880186773
9847,Highway 401 E,Macdonald-Cartier Fwy E,401,10370,66730178,242567000,0.0310410835086957
9848,Highway 401 E,Macdonald-Cartier Fwy E,401,6198,60600269,216147000,0.0290736473849442
9849,Highway 35 N,King's Highway 115 N,115,1869,5719510,18333000,0.0180086400004285
9850,Highway 401 W,Macdonald-Cartier Fwy W,401,7869,57524237,212182000,0.00765915568085042
9851,Centennial Pky N,Hwy 20,20,0,0,0,0.0087392549932013
9852,Highway 40 S,Modeland Rd,40,1008,2455636,3834000,0.000957835580908722
9853,Highway 40 S,Modeland Rd,40,1008,2455636,3834000,0.00046073962275978
9854,Highway 7a, ,7,460,838659,818000,0.00207605355184889
9855,Highway 409 W, ,409,4112,13044093,55365000,0.00302826188768385
9856,Queen Elizabeth Way E, ,1,4769,29403149,127717000,0.0206436406060171
9857,Queen Elizabeth Way E, ,1,1975,15794008,77309000,0.00690477398269274
9858,Highway 400 N, ,400,1751,3889278,4372000,0.00195799492725478
9859,Queen Elizabeth Way W, ,1,2205,18474579,76716000,0.0223986334922212
9860,Highway 427 Collector, ,427,13479,35402082,120344000,0.0052151255838875
9861,Highway 427 Expy, ,427,14073,43533066,111581000,0.0112078260897652
9862,Highway 427 Collector, ,427,14073,43533066,111581000,0.00200131082047037
9863,Highway 400 N, ,400,3394,23428035,80947000,0.0117263707800348
9864,Highway 400 S, ,400,1063,7803839,23985000,0.00379436355453622
9865,Highway 401 E, ,401,4351,46722626,167032000,0.00612921593407139
9866,Queen Elizabeth Way W,Queen Elizabeth Way W,1,5404,44110326,134940000,0.00827976493616273
9867,Queen Elizabeth Way E, ,1,4510,32978949,131484000,0.0178027341939265
9868,Highway 401 W,Macdonald-Cartier Fwy W,401,4125,41281415,170515000,0.0177862465388786
9869,Highway 2A, ,2,0,0,0,0.0184137055441742
9870,Tc Hwy W,King's Highway 417 W,417,1448,8442025,37016000,0.00670179363814072
9871,Highway 401 W,Macdonald-Cartier Fwy W,401,4068,41903222,160462000,0.00335572291198919
9872,Highway 401 Collector,Macdonald-Cartier Fwy W,401,17323,88148180,340629000,0.00445238148494703
9873,Highway 409 E, ,409,5411,11668442,55041000,0.0124389416497456
9874,Highway 401 Collector,Macdonald-Cartier Fwy E,401,18198,80335030,284787000,0.0116350497548553
9875,Regional Road 7 W, ,7,0,0,0,0.00424219870211892
9876,Highway 115 N, ,115,1237,4709725,12819000,0.00619006888071627
9877,Highway 400 S, ,400,7339,29942316,97657000,0.00517668856988491
9878,Highway 427 S, ,427,8058,15049952,61530000,0.00522466424081344
9879,Highway 427 N, ,427,7759,25743702,93254000,0.014820684215639
9880,Hwy 27, ,27,0,0,0,0.00778867649399614
9881,Highway 401 W,Macdonald-Cartier Fwy W,401,5631,42959190,180989000,0.0336430703417909
9882,Tc Hwy W, ,417,714,5347528,20966000,0.0148064924494635
9883,Highway 401 E,Macdonald-Cartier Fwy E,401,7581,62997911,223825000,0.00578475818331091
9884,Highway 17 W, ,17,750,5023137,25106000,0.00600588516921468
9885,Highway 402 E, ,402,2588,26620612,124723000,0.00463168605798698
9886,Highway 406, ,406,633,733332,1582000,0.00546935411162597
9887,Highway 403 E, ,403,5295,17905505,72860000,0.00611631553778627
9888,Highway 403 W,Queen Elizabeth Way W,1,8451,49189811,145779000,0.00479656944535469
9889,Highway 403 W,Queen Elizabeth Way W,1,8451,49189811,145779000,0.00823448787878567
9890,Regional Road 85 N, ,85,0,0,0,0.0109491573508055
9891,Highway 403 W, ,403,6532,16627936,64235000,0.0368201186632174
9892,Highway 401 Expy,Macdonald-Cartier Fwy E,401,19421,77137735,270394000,0.012307760937128
9893,Highway 427 Collector, ,427,11835,36194482,120811000,0.00540438929586859
9894,Highway 401 W, ,401,4924,39140241,155303000,0.00813253340325983
9895,Highway 400 N, ,400,3991,32627118,102130000,0.0171094923809804
9896,Highway 416 S, ,416,833,4741075,27214000,0.00400937526624822
9897,Highway 410 S, ,410,4092,12711001,43286000,0.0108966949360103
9898,Queen St E,Regional Road 107,7,0,0,0,0.000189805163269135
9899,Regional Road 107,Highway 7,7,0,0,0,0.000180277563805512
9900,Queen St E,Regional Road 7 W,7,0,0,0,0.000197040605023218
9901,Queen St E,Regional Road 107,7,0,0,0,0.00203248148816929
9902,Highway 401 W,Macdonald-Cartier Fwy W,401,4595,39544518,171890000,0.00675648883029593
9903,Highway 6 N,Hanlon Expy,6,1005,4245735,19698000,0.00912398952048542
9904,Highway 403 W,Queen Elizabeth Way W,1,7345,48656091,143929000,0.0102202924745095
9905,Highway 403 W,Queen Elizabeth Way W,1,7345,48656091,143929000,0.00801067202956014
9906,Highway 403 E,Queen Elizabeth Way E,1,8003,62354872,190217000,0.00672780194414773
9907,Highway 403 E,Queen Elizabeth Way E,1,8003,62354872,190217000,0.00540542965339049
9908,Highway 6 S,Hanlon Expy,6,1385,6928272,34605000,0.00918963085709593
9909,Highway 85 S,Conestoga Pky S,85,3983,4968147,18993000,0.00484576587260584
9910,Highway 427 N, ,427,5924,14256988,57266000,0.00287802331643741
9911,Regional Road 7 E, ,7,0,0,0,0.0058441150912822
9912,Highway 11 S, ,11,2194,18335397,25254000,0.00658404333011969
9913,Highway 427 N, ,427,3975,13073252,55309000,0.00683569630113101
9914,Kingston Rd,Highway 2,2,0,0,0,0.00987298773138445
9915,Highway 401 W,Macdonald-Cartier Fwy W,401,3582,41381496,164883000,0.00865842914633142
9916,Highway 11 N, ,11,1523,11813522,31382000,0.00127428090546174
9917,Highway 401 W, ,401,5631,42959190,180989000,0.00228510043541932
9918,Regional Road 5,Hwy 5,5,0,0,0,0.0027765025153942
9919,Tc Hwy W,King's Highway 417 W,417,1448,8442025,37016000,0.0261494628620145
9920,Tc Hwy E, ,417,1312,4303391,11951000,0.000616183414243202
9921,Richmond St,King's Highway 4 S,4,0,0,0,0.000855032747912877
9922,Highway 401 E,Macdonald-Cartier Fwy E,401,4771,50928328,177792000,0.0480587919663877
9923,Highway 401 W,Macdonald-Cartier Fwy W,401,4584,42880586,180273000,0.0308436199076747
9924,Highway 400 N, ,400,756,8546979,41849000,0.00279044510498528
9925,Highway 401 E, ,401,4957,46083848,169485000,0.00445805350906051
9926,Hurontario St,Highway 10,10,152,2509518,10690000,0.00191666765872555
9927,Hurontario St,Highway 10,10,0,0,0,0.00183833769835498
9928,Hwy 27, ,27,0,0,0,0.000107354552751032
9929,Gardiner Expressway Collectors, ,1,0,0,0,0.0027948518744517
9930,Highway 427 Collector, ,427,13922,42065673,104010000,0.00593470305707532
9931,Bath Rd,County Road 33,33,0,0,0,0.00338219784457078
9932,Bath Rd, ,33,0,0,0,0.00143970135794015
9933,Highway 401 W, ,401,4515,39581039,165376000,0.00468810858596645
9934,Highway 401 E,Macdonald-Cartier Fwy E,401,5275,49011862,169166000,0.000665117282894804
9935,Highway 401 W,Macdonald-Cartier Fwy W,401,4459,41168108,163664000,0.0061927119471583
9936,Highway 401 W,Macdonald-Cartier Fwy W,401,10742,58144871,220264000,0.0146880201856605
9937,Regional Road 7 E, ,7,0,0,0,0.00184834964226632
9938,Gardiner Expressway Collectors, ,1,0,0,0,0.00432377223498025
9939,Kingston Rd,Highway 2,2,0,0,0,0.00995171528227981
9940,Kingston Rd,Highway 2,2,0,0,0,0.00503566031359959
9941,Yonge St,County Road 1,11,0,0,0,0.00278194605986718
9942,Highway 7, ,7,671,2693915,8037000,0.0062097273164387
9943,Highway 11 S, ,11,2194,18335397,25254000,0.0183062478169027
9944,Highway 400 N, ,400,3397,23326603,80887000,0.00416666024822438
9945,Highway 401 E,Macdonald-Cartier Fwy E,401,7566,62926648,222942000,0.00859910421424883
9946,Highway 401 W, ,401,4515,39581039,165376000,0.0153102933928954
9947,Highway 401 E,Macdonald-Cartier Fwy E,401,6472,60926237,216358000,0.00447313465947877
9948,Highway 400 N, ,400,1371,9689428,44837000,0.0158907688071184
9949,Highway 416 S, ,416,808,4696959,28756000,0.022044219470269
9950,Highway 401 W,Macdonald-Cartier Fwy W,401,4471,41065036,162515000,0.00653399913267074
9951,Highway 400 N, ,400,806,8546979,41849000,0.00562082273051802
9952,Highway 40 S,Modeland Rd,40,0,0,0,0.00148890732552945
9953,Tc Hwy W,King's Highway 417 W,417,1128,9979744,40671000,0.0150000422696193
9954,Highway 420, ,420,1445,231296,28000,0.00112289083174047
9955,Queen Elizabeth Way E, ,1,4550,16573863,80038000,0.00621089291518921
9956,Highway 416 N,Veteran's Memorial Highway,416,998,8909573,17089000,0.00257029530564965
9957,Highway 6 S, ,6,1998,10654250,28531000,0.0147992771879049
9958,Highway 6 S, ,6,2519,10559170,28093000,0.00432951636830631
9959,Queen Elizabeth Way W, ,1,2448,18452195,76700000,0.00672757509994108
9960,Richmond St,King's Highway 4 S,4,0,0,0,0.00678996719582709
9961,Tc Hwy E, ,417,3469,8997416,23111000,0.0142400270855341
9962,Highway 427 Collector, ,427,13479,35402082,120344000,0.0076049830565778
9963,Queen Elizabeth Way E,Hwy 2 E,1,0,0,0,0.00711727963198569
9964,Highway 11 N, ,11,2365,11837215,31446000,0.00251849030169611
9965,Highway 7 E,King's Highway 8 E,7,2368,13425038,16863000,0.00749468022134817
9966,Huron Church Rd,King's Highway 3 E,3,0,0,0,0.0187168674385989
9967,Highway 400 S, ,400,3173,25282342,48237000,0.0045057376159857
9968,Regional Road 7 W, ,7,0,0,0,0.00916487699580144
9969,Highway 400 S, ,400,1631,7291970,22683000,0.0050759396111295
9970,Highway 400 S, ,400,1588,7306473,22715000,0.021881144326946
9971,County Road 2,Highway 2,2,0,0,0,0.00210104075450177
9972,Highway 400 S, ,400,1063,7803839,23985000,0.00586860538547344
9973,Bond St W,Regional Highway 2,2,0,0,0,0.00221786331360899
9974,Highway 11 N, ,11,1523,11813522,31382000,0.00152423005350322
9975,Highway 416 S, ,416,808,4696959,28756000,0.0550288054813413
9976,Shantz Hill Rd,King's Highway 8 W,8,2693,797640,1594000,0.00420643047014536
9977,Shantz Hill Rd,King's Highway 8 W,8,2693,797640,1594000,0.000866626217056835
9978,Highway 17 W, ,17,1106,8336218,36217000,0.00679283865972606
9979,Highway 7 W,King's Highway 6 N,6,1181,5249189,25342000,0.000972062755166522
9980,Highway 40 N,Churchill Line,40,711,3723906,7234000,0.00131499899998744
9981,Highway 403 E, ,403,4002,24566011,85749000,0.00629023563054885
9982,Highway 17 E, ,17,705,2099691,10033000,0.00218162523038913
9983,Highway 401 W,Macdonald-Cartier Fwy W,401,3838,41875888,165714000,0.0920935607212773
9984,Highway 427 Collector, ,427,11835,36194482,120811000,0.0066716993924276
9985,Highway 427 Collector, ,427,11835,36194482,120811000,0.00167123816378347
9986,Highway 427 Collector, ,427,14347,43569707,111901000,0.00182246454013318
9987,Highway 401 Expy,Macdonald-Cartier Fwy E,401,18503,88636480,296394000,0.00328871175385008
9988,Highway 409 E, ,409,0,0,0,0.00109134641614665
9989,Highway 409 E, ,409,5587,11533577,53990000,0.0104055877919426
9990,Highway 427 Expy, ,427,11835,36194482,120811000,0.00953053386696216
9991,Highway 427 N, ,427,17183,54298231,174268000,0.0080417789385248
9992,Highway 401 E, ,401,4962,45403319,168334000,0.00591181836732821
9993,Highway 427 S, ,427,9481,12032957,48215000,0.00343534240004267
9994,Hwy 27, ,27,0,0,0,0.00165799985283319
9995,Highway 115,King's Highway 7 W,7,1318,6113141,6092000,0.0113097921929104
9996,Kingston Rd,Highway 2,2,0,0,0,0.00736106379556033
9997,Highway 401 W,Macdonald-Cartier Fwy W,401,5839,55351774,199280000,0.00886907619877293
9998,Exit 355, ,409,4107,12965181,54798000,0.00104357698694911
9999,Highway 427 N, ,427,9054,20570293,78357000,0.00739100689284407
10000,Highway 427 S, ,427,8058,15049952,61530000,0.00599497136775575
10001,Hwy 27, ,27,0,0,0,0.004209523320035
10002,Hwy 27, ,27,0,0,0,0.00285079545880204
10003,Hwy 27, ,27,0,0,0,0.00171512229125079
10004,Hwy 27, ,27,0,0,0,0.00143389965616687
10005,Hwy 27, ,27,0,0,0,0.000174048843712534
10006,Hwy 27, ,27,0,0,0,0.00077381263885318
10007,Hwy 27, ,27,0,0,0,0.000490112232054124
10008,Hwy 27, ,27,0,0,0,0.000774404903128876
10009,Hwy 27, ,27,0,0,0,0.000530225966963538
10010,Hwy 27, ,27,0,0,0,0.000110981980493204
10011,Hwy 27, ,27,0,0,0,0.000109004587090341
10012,Hwy 27, ,27,0,0,0,0.00677739301336719
10013,Hwy 27, ,27,0,0,0,0.00674902209288118
10014,Highway 401 E,Macdonald-Cartier Fwy E,401,5500,51025449,178393000,0.143962764400093
10015,Highway 427 Expy, ,427,13154,31798353,107091000,0.0120092911904185
10016,Kingston Rd,Highway 2,2,0,0,0,0.0043195616432769
10017,Kingston Rd,Highway 2,2,0,0,0,0.002649540624765
10018,Kingston Rd,Highway 2,2,0,0,0,0.000159962495602123
10019,Kingston Rd,Highway 2,2,0,0,0,0.000148394743831468
10020,Kingston Rd,Highway 2,2,0,0,0,0.00540094304156203
10021,Highway 427 Collector, ,427,13154,31798353,107091000,0.00645148129920698
10022,Kingston Rd,Highway 2,2,0,0,0,0.002799895393381
10023,Highway 427 Expy, ,427,13922,42065673,104010000,0.00923082581210854
10024,Dundas St W,Hwy 5,5,0,0,0,0.0033825859705332
10025,Dundas St W,Hwy 5,5,0,0,0,0.00247195855992078
10026,Dundas St W,Hwy 5,5,0,0,0,0.00123418419454438
10027,Dundas St W,Hwy 5,5,0,0,0,0.000922841264818624
10028,Highway 427, ,427,13922,42065673,104010000,0.00167182684510202
10029,Highway 427 Collector and The Queensway, ,427,13320,31586046,100463000,0.0012565446473989
10030,Highway 427 Collector, ,427,14098,43534645,111773000,0.00232901094886811
10031,Highway 427 Collector, ,427,14073,43533066,111581000,0.00428529413992419
10032,Highway 402 W, ,402,2674,21281028,64845000,0.00604978026066408
10033,Gardiner Expressway Collectors, ,1,0,0,0,0.00349316449737459
10034,Dundas St W,Hwy 5,5,0,0,0,0.0010550465866775
10035,Main St S,Highway 10,10,0,0,0,0.00373749447839649
10036,Highway 403 E,Queen Elizabeth Way E,1,8921,62187844,192145000,0.00712281316463691
10037,Queen Elizabeth Way W, ,1,9058,44189413,123553000,0.00891595123059839
10038,Gardiner Expressway Collectors, ,1,0,0,0,0.00603061314841198
10039,Gardiner Expressway W,Hwy 2 W,1,0,0,0,0.0100968751926335
10040,Gardiner Expressway Collectors, ,1,0,0,0,0.00436909709503563
10041,Highway 400 S, ,400,819,6487767,20383000,0.00269192589053602
10042,Highway 404 N, ,404,4633,24405475,57081000,0.00992606838310618
10043,Highway 400 S, ,400,1588,7306473,22715000,0.0424711533501522
10044,Highway 69, ,69,950,9165794,40873000,0.0162249584840836
10045,Highway 401 Collector,Macdonald-Cartier Fwy W,401,16318,64646835,271391000,0.0141337618624783
10046,Highway 401 E, ,401,5267,51493299,182143000,0.118235655356994
10047,Highway 7 W,King's Highway 8 W,7,1354,3652441,7771000,0.00666769199194937
10048,Highway 7 E,King's Highway 8 E,7,1382,6625657,15536000,0.00587660461598466
10049,Highway 7 W,King's Highway 8 W,7,1354,3652441,7771000,0.00832986340994264
10050,Highway 403 E,King's Highway 24 N,403,2628,22878071,74337000,0.0279811125189104
10051,Highway 403 W, ,403,3545,19649956,50909000,0.0214925159219032
10052,Highway 403 W, ,403,3545,19649956,50909000,0.00391527193408635
10053,Highway 403 E, ,403,3910,24336306,81823000,0.0044241339647327
10054,Highway 7 E,King's Highway 8 E,7,2376,13424750,16859000,0.0279374339593762
10055,Hurontario St,Highway 10,10,0,0,0,0.000173600115212389
10056, , ,403,5810,17645465,67896000,0.0165418904678862
10057,Highway 401 Collector,Macdonald-Cartier Fwy W,401,16318,64646835,271391000,0.00536352993875253
10058,Highway 402 W, ,402,2518,22102048,67483000,0.116870723306833
10059,Highway 35 S,King's Highway 115 S,115,0,0,0,0.000288300190773491
10060,Kingston Rd,Hwy 5,5,0,0,0,0.000324901523528558
10061,Highway 400 N, ,400,8201,38575420,122918000,0.00844715577352826
10062,Algonquin Boulevard East, ,101,0,0,0,0.00166517086211233
10063,Highway 58 N, ,58,719,1229873,1339000,0.00494025292005131
10064,Highway 58 S, ,58,657,2335768,951000,0.00922919621230514
10065,Highway 58 N, ,58,743,1138163,1144000,0.00882103242958403
10066,Regional Road 7 W, ,7,0,0,0,0.00361147429650099
10067,Highway 7,Highway 115,7,1336,5492204,4168000,0.0259742380544181
10068,Highway 115,King's Highway 7 E,7,1178,5048698,12559000,0.00364925195077629
10069,Highway 115,King's Highway 7 W,7,1009,5144666,6045000,0.00416025423717011
10070,Yonge St, ,11,0,0,0,0.00558432147459242
10071,Yonge St, ,11,0,0,0,0.00560766969518617
10072,Yonge St,County Road 1,11,0,0,0,0.00210617760075463
10073,Yonge St,County Road 1,11,0,0,0,0.00074559037014455
10074,Regional Road 7 W, ,7,0,0,0,0.00171188341481796
10075,Regional Road 7 W, ,7,0,0,0,0.000151109232046362
10076,Regional Road 7 E, ,7,0,0,0,0.0001622744588559
10077,Highway 7, ,7,671,2693915,8037000,0.03383554943837
10078,Highway 11 N, ,11,2364,11847401,32144000,0.00191752482326854
10079,Highway 427 S, ,427,5036,10358258,43000000,0.00575902234410117
10080,Highway 427 S, ,427,3495,9885982,42025000,0.00263141022643489
10081,Regional Road 7 W, ,7,0,0,0,0.0123446255613596
10082,Regional Road 7 W, ,7,0,0,0,0.00185119592643083
10083,Highway 409 W, ,409,4453,11669519,50651000,0.0137928353507164
10084,Highway 409 E, ,409,5393,11685333,56167000,0.00932576733530595
10085,Queen Elizabeth Way W, ,1,6853,36805606,120800000,0.00381730184283565
10086,Regional Hwy 2,Highway 2,2,0,0,0,0.00243558346754062
10087,Highway 401 E,Macdonald-Cartier Fwy E,401,9435,74209942,337732000,0.0140459041645044
10088,Hwy 27, ,27,0,0,0,0.000759950656280451
10089,Highway 85 S,Conestoga Pky S,85,2413,4799903,17912000,0.00515484476124406
10090,Tc Hwy E, ,417,1168,7056478,16397000,0.00824184179923671
10091,Highway 401 E,Macdonald-Cartier Fwy E,401,6286,54983993,192424000,0.00454737188948504
10092,Highway 8 E,King St Bypass,8,2544,23061960,57202000,0.0259229717991098
10093,Highway 403 W, ,403,2676,19369356,45384000,0.00399253129852579
10094,Highway 403 E,King's Highway 24 N,403,2628,22878071,74337000,0.00469208054022149
10095,Hurontario St,Highway 10,10,0,0,0,0.00510890838302431
10096,Regional Road 7 W, ,7,0,0,0,0.0053808284221006
10097,Highway 404 S, ,404,3065,8467913,57067000,0.00599493760115362
10098,Highway 404 S, ,404,2702,13461579,57613000,0.00503849483835651
10099,Regional Road 7 W, ,7,0,0,0,0.0022393719333784
10100,Regional Road 7 E, ,7,0,0,0,0.00200856192337022
10101,Regional Road 7 W, ,7,0,0,0,0.00318358851018157
10102,Highway 404 S, ,404,2666,13376209,56359000,0.00449066199930019
10103,Highway 404 N, ,404,3724,27132770,53620000,0.00596255537316031
10104,Highway 404 S, ,404,2702,13461510,57612000,0.00454948324494165
10105,Highway 115 S, ,115,1045,4847829,5732000,0.0426537210211728
10106,Highway 115 S, ,115,1096,5722251,5737000,0.0192590048995542
10107,Highway 115 N, ,115,1236,4709725,12819000,0.0190080633887047
10108,Highway 115 S, ,115,1096,5722251,5737000,0.00409338735398159
10109,Highway 7 W,Tc Highway W,7,985,5893383,2875000,0.00567111173321515
10110,Highway 115,King's Highway 7 W,7,1132,5299214,2869000,0.00337850550596331
10111,Highway 115,King's Highway 7 E,7,1048,2820295,6772000,0.0137320338302739
10112,Highway 115,King's Highway 7 E,7,1113,3172564,7209000,0.00385426558191143
10113,Highway 115,King's Highway 7 E,7,1134,3313138,7819000,0.00259194804735179
10114,Highway 7 E,Tc Highway E,7,895,2926865,6867000,0.00316729616550191
10115,Kingston Rd,Highway 2,2,0,0,0,0.00513324204631283
10116,Highway 403 W,King's Highway 24 S,403,3930,19253930,48251000,0.0205624546782319
10117,Highway 24 S,King's Highway 403 W,24,3547,19590743,50801000,0.00199560567247409
10118,Highway 403 E, ,403,3758,24755951,83285000,0.00798884085682795
10119,Highway 7 W,Conestoga Pky S,7,1807,7692825,26399000,0.00515530085683667
10120,King George Rd,King's Highway 24 S,24,0,0,0,0.00211878442269344
10121,King George Rd,King's Highway 24 N,24,0,0,0,0.0021361199362552
10122,Coronation Blvd,King's Highway 8 W,8,2775,534504,987000,0.0266766162156295
10123,Highway 401 Collector,Macdonald-Cartier Fwy W,401,16311,64651641,271418000,0.00947649521206806
10124,Highway 400 N, ,400,9149,35779451,125625000,0.00326513151234853
10125,Highway 6 N,Hanlon Expy,6,1005,4245735,19698000,0.000452815635795521
10126,Highway 6 S,Hanlon Expy,6,1392,6983221,34666000,0.000310233782840062
10127,Highway 7 E,King's Highway 8 E,7,2774,15675274,24692000,0.00593684573857426
10128,Highway 6 N,Hanlon Expy,6,998,4305829,19844000,0.000250137961905726
10129,Highway 7 W,Conestoga Pky S,7,1854,7872934,28119000,0.00327597982289607
10130,Highway 6 S,Hanlon Expy,6,1392,6983221,34666000,0.0102952417205998
10131,Highway 401 E, ,401,4923,50498564,177358000,0.00140387546603043
10132,Highway 402 E, ,402,2755,26434562,123640000,0.0432781108185548
10133,Highway 40 S,Modeland Rd,40,1008,2455636,3834000,0.00156741640093167
10134,Highway 402 E, ,402,2847,26267082,123426000,0.11816990335855
10135,Highway 403 E,King's Highway 6 N,403,5198,28068783,93479000,0.00718186124887691
10136,Highway 7 W,King's Highway 6 N,6,739,3077551,12075000,0.00986189887569853
10137,Highway 7 E,King's Highway 6 S,6,1252,3074623,27608000,0.0106572938706848
10138,Highway 404 S, ,404,2801,14457680,58042000,0.00994187994841074
10139,Highway 404 N, ,404,2281,19472843,25500000,0.00811016335284811
10140,Highway 404 N, ,404,2281,19472843,25500000,0.00496493158908313
10141,Highway 400 N, ,400,2403,21684205,76609000,0.017427663108343
10142,Highway 401 E,Macdonald-Cartier Fwy E,401,16517,80351792,282685000,0.00648026288319984
10143,Highway 401 W,Macdonald-Cartier Fwy W,401,3974,41696966,159137000,0.00757785314109199
10144,Highway 401 E,Macdonald-Cartier Fwy E,401,11350,81476173,290396000,0.0111831127509056
10145,Queen Elizabeth Way E, ,1,2192,15771624,77293000,0.00543485864105702
10146,Highway 17 W, ,17,0,0,0,0.000291398352780394
10147,Queen Elizabeth Way W, ,1,2448,18452195,76700000,0.0028589402686656
10148,Highway 401 E,Macdonald-Cartier Fwy E,401,4297,39077582,208735000,0.0148715124185821
10149,Highway 401 Collector,Macdonald-Cartier Fwy E,401,19421,77137735,270394000,0.00844325651386996
10150,Queen Elizabeth Way E, ,1,2601,15895763,77414000,0.00309238985524998
10151,Highway 6 N, ,6,524,3791161,14540000,0.0191407264759984
10152,Gardiner Expressway Collectors, ,1,0,0,0,0.000523461522957936
10153,Queen Elizabeth Way W, ,1,3837,18829980,77641000,0.00449142990682571
10154,Highway 6 N, ,6,523,3791161,14540000,0.0101958652502798
10155,Highway 403 W, ,403,3545,19649956,50909000,0.00383196413944832
10156,Highway 404 N, ,404,1873,10588990,16735000,0.0268245940948445
10157,Queen Elizabeth Way W, ,1,2560,20270728,79877000,0.0457647402090666
10158,Highway 401 Collector,Macdonald-Cartier Fwy E,401,14370,69337344,248253000,0.00656119555933251
10159,Highway 404 N, ,404,6441,20576766,57934000,0.00183962822332883
10160,Queen Elizabeth Way W, ,1,5872,45834335,137837000,0.0267168541892108
10161,HIGHWAY 404 COLLECTOR,HIGHWAY 404 COLLECTOR SOUTH,404,5221,9877165,76292000,0.0022565391607868
10162,Regional Road 7 W, ,7,0,0,0,0.000161616830811568
10163,Queen Elizabeth Way E, ,1,5013,33418737,132839000,0.0252716945732609
10164,Highway 7 E,King's Highway 8 E,7,2654,14454902,20308000,0.00548086254601615
10165,Highway 85 S,Conestoga Pky S,85,3955,5748263,20288000,0.012325431348128
10166,Queen Elizabeth Way W, ,1,6217,46347923,137797000,0.0235174591539509
10167,Highway 404 S, ,404,4201,9877509,76293000,0.00526039432760234
10168,Markham Rd, ,48,0,0,0,0.00126516034398404
10169,Highway 403 E, ,403,5295,17905505,72860000,0.0032156173734168
10170,Highway 403 E,Queen Elizabeth Way E,1,10239,61929572,188840000,0.00532472665458292
10171,Tc Hwy E, ,417,1242,5904839,13796000,0.00622896373184277
10172,Queen Elizabeth Way E, ,1,4501,29419983,127719000,0.0359423477050059
10173,Queen Elizabeth Way W, ,1,5309,45140828,131509000,0.0346613010698273
10174,Highway 406, ,406,245,733332,1582000,0.0152761022693535
10175,Highway 401 Collector,Macdonald-Cartier Fwy W,401,10230,56533599,214809000,0.00583695297491386
10176,Kingston Rd,Regional Highway 2,2,0,0,0,0.00125689158959996
10177,Highway 401 Collector,Macdonald-Cartier Fwy W,401,10230,56533599,214809000,0.0059583894801981
10178,Highway 6 N, ,6,523,3791161,14540000,0.00584901151102545
10179,Tc Hwy W, ,417,3174,7681933,42648000,0.000815774478598644
10180,Queen Elizabeth Way E, ,1,5136,24958586,114173000,0.0447107510524902
10181,Main St W,Hwy 8,8,0,0,0,0.00173748972083985
10182,Highway 401 W,Macdonald-Cartier Fwy W,401,5768,55613591,198057000,0.034525204254099
10183,Highway 8 E,King St Bypass,8,3143,19932357,47131000,0.00325748228113178
10184,Hwy 7,Baldwin St,7,642,409043,779000,0.000386246035570966
10185,Highway 401 Expy,Macdonald-Cartier Fwy W,401,12070,58591100,220646000,0.0401248716847852
10186,Kingston Rd,Highway 2,2,0,0,0,0.00544889081696157
10187,Highway 427 Collector, ,427,14098,43534645,111773000,0.00253691592964435
10188,Highway 427 Collector, ,427,13702,36178828,120804000,0.00562134388058771
10189,Highway 427 Transfer, ,427,13702,36178828,120804000,0.0102045955970602
10190,Highway 400 N, ,400,4058,32465106,101810000,0.00740973950369716
10191,Highway 403 E, ,403,6279,18642488,72967000,0.0103997340077374
10192,Regional Road 5,Hwy 5,5,0,0,0,0.00037425258848179
10193,Regional Road 5,Hwy 5,5,0,0,0,0.0017893287624062
10194,Dundas St W,Hwy 5,5,0,0,0,0.000637367241054546
10195,Queen Elizabeth Way E, ,1,5902,43793218,99416000,0.00271929200349708
10196,Highway 401 Expy,Macdonald-Cartier Fwy W,401,17163,63740454,233606000,0.0247311483636201
10197,Highway 11 S, ,11,1953,17711472,24070000,0.00122077917166242
10198,Queen Elizabeth Way E, ,1,1613,16640332,78967000,0.00753382748807328
10199,Highway 403 E, ,403,3758,24755951,83285000,0.024287243735077
10200,Highway 403 W, ,403,6575,18165378,67089000,0.00423920393469638
10201,Highway 401 Collector,Macdonald-Cartier Fwy W,401,18075,66008491,208903000,0.0106309880457159
10202,Highway 401 E, ,401,4184,46086482,175782000,0.00310700295877236
10203,King George Rd,King's Highway 24 N,24,0,0,0,0.0022793091058254
10204,Highway 403 W, ,403,3547,19590743,50801000,0.00389410122721885
10205,Highway 427 Collector, ,427,14098,43534645,111773000,0.00444019746718311
10206,Highway 427 Collector, ,427,13454,35423659,120532000,0.00102895686210437
10207,Highway 427 N, ,427,5924,14256988,57266000,0.0123791699770419
10208,Highway 427 S, ,427,3495,9885982,42025000,0.00430926064472964
10209,Dundas St W,Hwy 5,5,0,0,0,0.000953933435788761
10210,HIGHWAY 401 TO HIGHWAY 401 COLLECTOR, ,401,16318,64646835,271391000,0.0161704414736632
10211,Highway 7 E,King's Highway 6 S,6,1631,4832927,39872000,0.000841757446074002
10212,Highway 404 N, ,404,2288,19144842,25062000,0.006745624619044
10213,Markham Rd, ,48,0,0,0,0.00214173952621991
10214,Highway 401 Collector,Macdonald-Cartier Fwy E,401,12926,68785350,244452000,0.00244693401441126
10215,Queen Elizabeth Way W, ,1,2904,18855523,77275000,0.00342078952871748
10216,Queen Elizabeth Way W, ,1,1385,2749243,4957000,0.00377574747565954
10217,Queen Elizabeth Way W, ,1,5414,22165464,84367000,0.00540210544235634
10218,Highway 420, ,420,1445,231296,28000,0.00283304737625491
10219,Highway 420, ,420,1051,2330505,4533000,0.00733931521249703
10220,Highway 420, ,420,958,776326,2227000,0.00395485409848435
10221,Kingston Rd,Regional Highway 2,2,0,0,0,0.000110000000006494
10222,Kingston Rd,Regional Highway 2,2,0,0,0,0.000466202745588736
10223,Regional Hwy 2,Highway 2,2,0,0,0,0.000110113577689761
10224,Dundas St W,Regional Highway 2,2,0,0,0,0.000547658652834999
10225,Baldwin St S,Regional Road 12,12,0,0,0,0.000130230564729822
10226,King St W,Regional Highway 2,2,0,0,0,0.00216247029531315
10227,Highway 401 E,Macdonald-Cartier Fwy E,401,7020,61189114,215555000,0.00794245638851266
10228,Centennial Pky N,Hwy 20,20,0,0,0,0.00069126237854254
10229,Highway 35 S,King's Highway 115 S,115,1447,11280097,15240000,0.00572673945819721
10230,Highway 401 W,Macdonald-Cartier Fwy W,401,4972,45861190,188678000,0.0437831694690916
10231,Highway 35 S,King's Highway 115 S,115,1731,11758578,12446000,0.000702439321175352
10232,Dundas St E,Regional Highway 2,2,0,0,0,0.00148095273389533
10233,Highway 401 W,Macdonald-Cartier Fwy W,401,5591,45010457,187270000,0.0103429195611587
10234,Highway 401 E,Macdonald-Cartier Fwy E,401,6421,55699053,198435000,0.00477004409396687
10235,Highway 35 N,King's Highway 115 N,115,1176,5780801,18285000,0.00236581787671929
10236,Highway 401 E,Macdonald-Cartier Fwy E,401,5696,54797105,197408000,0.0130499330807318
10237,Highway 401 E, ,401,4184,46086482,175782000,0.1026180797277
10238,Bayfield St,Hwy 26,11,0,0,0,0.00130778552601251
10239,Highway 115 N, ,115,1195,4709725,12819000,0.0363985179484456
10240,Highway 115 S, ,115,1235,5220548,6038000,0.0169585935723387
10241,Hurontario St,Highway 10,10,0,0,0,0.00324324587256179
10242,Highway 401 E,Macdonald-Cartier Fwy E,401,5379,39134617,212335000,0.00418391966342427
10243,Bovaird Dr E,King's Highway 7 W,7,1420,2966989,9594000,0.00344745750925472
10244,Highway 401 W,Macdonald-Cartier Fwy W,401,4943,42928883,181112000,0.00313549028687138
10245,Highway 401 W,Macdonald-Cartier Fwy W,401,4943,42928883,181112000,0.00114964385789822
10246,Highway 416 N, ,416,837,7710199,16683000,0.00600753835789253
10247,Highway 11, ,11,921,8683421,29326000,0.0139090762691031
10248,Highway 401 E, ,401,4923,50498564,177358000,0.00207860650433577
10249,Highway 401 W,Macdonald-Cartier Fwy W,401,3536,41631483,158510000,0.0031990255631452
10250,Highway 400 N, ,400,885,8546979,41849000,0.00341174858008971
10251,Tc Hwy E, ,417,4084,10372316,30767000,0.00353275131195552
10252,Tc Hwy W,King's Highway 417 W,417,4562,10328193,49789000,0.00531943633853515
10253,Tc Hwy W,King's Highway 417 W,417,4953,14101735,46911000,0.00519435054997429
10254,Tc Hwy W,King's Highway 417 W,417,4988,14101735,46911000,0.00647867845148807
10255,Tc Hwy W,King's Highway 417 W,417,6303,13784994,46392000,0.00551111613707943
10256,Highway 401 W,Macdonald-Cartier Fwy W,401,4356,41791192,158807000,0.143162178914559
10257,Highway 401 W,Macdonald-Cartier Fwy W,401,3881,40141446,156655000,0.00637877666390707
10258,Veteran's Memorial Hwy,King's Highway 16 S,16,338,2488978,6227000,0.00391875913880236
10259,Veteran's Memorial Hwy, ,16,520,3024788,2234000,0.00159055336285063
10260,Highway 401 E, ,401,4853,45693561,167645000,0.00778824077376902
10261,Tc Hwy E, ,417,1038,4322314,11838000,0.00447506565521315
10262,Highway 400, ,400,611,6099006,20532000,0.0177855699018749
10263,Regional Road 7 E, ,7,0,0,0,0.000140463518398452
10264,Queen Elizabeth Way E, ,1,2192,16677496,78946000,0.00292845449854836
10265,Bovaird Dr E,King's Highway 7 W,7,1420,2966989,9594000,0.00205385539902539
10266,Queen Elizabeth Way W, ,1,5724,34251126,113306000,0.0037935447618091
10267,Queen Elizabeth Way W, ,1,5156,43342522,132731000,0.0735948989811445
10268,Highway 58 N, ,58,618,1388496,1494000,0.00830564514247558
10269,Queen Elizabeth Way W, ,1,5718,37073944,121387000,0.00664180693185794
10270,Hwy 27, ,27,0,0,0,0.00396482730116309
10271,Hurontario St,Highway 10,10,0,0,0,0.00482142439328219
10272,Queen St E,Regional Road 7 W,7,0,0,0,0.000196061214902795
10273,Hurontario St,Highway 10,10,0,0,0,0.000186024191983987
10274,Hurontario St,Highway 10,10,0,0,0,0.000343118055471349
10275,Hurontario St,Highway 10,10,0,0,0,0.000874419235822479
10276,Highway 406 N, ,406,838,1520652,4698000,0.00537394235676445
10277,Queen Elizabeth Way E, ,1,9393,43025710,99618000,0.00962003122763031
10278,Hurontario St,Highway 10,10,105,695447,3715000,0.0131946833632829
10279,Highway 401 Expy,Macdonald-Cartier Fwy E,401,16517,80359464,282725000,0.020589666584742
10280,Highway 401 Collector,Macdonald-Cartier Fwy E,401,16517,80359464,282725000,0.00866423916885075
10281,Queen Elizabeth Way E, ,1,4999,43319171,99464000,0.00536702892324228
10282,Queen Elizabeth Way E, ,1,5471,43770576,99349000,0.0141847908993788
10283,Highway 409 W, ,409,0,0,0,0.000630017460102428
10284,Highway 427 Collector, ,427,14347,43569707,111901000,0.00457612452625525
10285,Highway 427 Collector, ,427,13702,36178828,120804000,0.00202490542986864
10286,Yonge St, ,11,0,0,0,0.000186034690317777
10287,Dundas St W,Hwy 5,5,0,0,0,0.00406605375390938
10288,Hurontario St,Highway 10,10,105,695447,3715000,0.00150943863738381
10289,Tc Hwy E, ,417,2894,6830724,15100000,0.00588412940542577
10290,Highway 420, ,420,85,0,0,0.00151489313045522
10291,Queen Elizabeth Way W, ,1,5319,22618447,84517000,0.00597314056825229
10292,Queen Elizabeth Way W, ,1,5540,34379724,119908000,0.00714571159789652
10293,Queen Elizabeth Way E, ,1,4621,16669841,80242000,0.024392276287301
10294,Tc Hwy W,King's Highway 417 W,417,1196,9788637,40508000,0.00770253832048551
10295,Highway 401 E,Macdonald-Cartier Fwy E,401,7894,62096468,217898000,0.00506219061752327
10296,Highway 401 E,Macdonald-Cartier Fwy E,401,7566,62926648,222942000,0.00344703616142098
10297,King St E,Regional Highway 2,2,0,0,0,0.0026071027981355
10298,Highway 403 E,Queen Elizabeth Way E,1,8987,62034062,189835000,0.00286723263744711
10299,Highway 403 E,Queen Elizabeth Way E,1,9099,58942057,189387000,0.00787692249842008
10300,Highway 403 W,Queen Elizabeth Way W,1,7345,48656091,143929000,0.00638920706769001
10301,Hurontario St,Highway 10,10,154,2889215,11474000,0.00202581087942773
10302,Dundas St W,Hwy 5,5,0,0,0,0.000589732008654954
10303,Dundas St W,Hwy 5,5,0,0,0,0.000587241006708963
10304,Highway 427 N, ,427,7759,25743702,93254000,0.00258356052769576
10305,Highway 427 Expy, ,427,12427,43699291,111915000,0.00596211726672476
10306,Highway 427 Expy, ,427,12427,43699291,111915000,0.0157317864979975
10307,Hwy 27, ,27,0,0,0,0.00492006311019028
10308,Highway 401 Collector, ,401,16318,64646835,271391000,0.0170076958613477
10309,Highway 401 Collector,Macdonald-Cartier Fwy W,401,17323,88148180,340629000,0.0018178327755881
10310,Highway 401 Collector,Macdonald-Cartier Fwy W,401,12571,62797800,265772000,0.00271227449087331
10311,Don Valley Pky S,HIGHWAY 404 SOUTH,404,3930,4985783,11508000,0.00446920895513481
10312,Highway 404 N, ,404,7911,19831644,57524000,0.00317599889502819
10313,Regional Road 7 E,Highway 7,7,0,0,0,0.00101180630555743
10314,Highway 401 W,Macdonald-Cartier Fwy W,401,5512,54681772,198309000,0.00662510765476334
10315,Queen Elizabeth Way E, ,1,5032,25389167,118380000,0.00625336920803595
10316,Bond St E,Regional Highway 2,2,0,0,0,0.00312719905153616
10317,Kingston Rd,Highway 2,2,0,0,0,0.000374412873690335
10318,Highway 11 S, ,11,1362,17477544,21292000,0.00107490697268628
10319,Yonge St, ,11,0,0,0,0.00195728282783787
10320,Kingston Rd,Highway 2,2,0,0,0,0.00235646557370088
10321,Kingston Rd,Highway 2,2,0,0,0,0.00100945777522744
10322,Regional Road 7 W,Highway 7,7,0,0,0,0.0120625207997158
10323,Regional Road 7 E,Highway 7,7,0,0,0,0.00648598657860979
10324,Highway 115 N, ,115,1195,4709725,12819000,0.00415801647424389
10325,Regional Road 7 W, ,7,0,0,0,0.000145784086912966
10326,Regional Road 7 W, ,7,0,0,0,0.00130319279694291
10327,Highway 401 W,Macdonald-Cartier Fwy W,401,4334,41399766,171514000,0.00213232187062523
10328,Regional Road 7 E,Highway 7,7,0,0,0,0.0060049976266102
10329,Regional Road 7 E,Highway 7,7,0,0,0,0.00538995054366122
10330,Tc Hwy W,King's Highway 417 W,417,5228,8465775,45526000,0.033083708416052
10331,Highway 404 N, ,404,1873,10588990,16735000,0.00401658625625631
10332,Tc Hwy E, ,417,6911,9152458,23638000,0.00927479756244367
10333,Highway 11, ,11,867,10153498,29156000,0.00783772559484476
10334,Markham Rd, ,48,0,0,0,0.00526370713025694
10335,Regional Road 7 E, ,7,0,0,0,0.0132004077176892
10336,Highway 7 W,King's Highway 8 W,7,1704,4277954,8340000,0.0078287045189422
10337,Highway 7 E,King's Highway 8 E,7,1691,10071253,16658000,0.00593574816548325
10338,Highway 7 W,King's Highway 8 W,7,1958,5320009,9071000,0.0089109398544811
10339,Highway 427 Collector, ,427,14347,43569707,111901000,0.00189559165537641
10340,Highway 401 W,Macdonald-Cartier Fwy W,401,5916,43570448,178439000,0.0484299401917137
10341,Highway 420, ,420,85,0,0,0.00185112308829933
10342,Highway 403 E,King's Highway 24 N,403,4109,22941956,80322000,0.00442580888246609
10343,Highway 401 W,Macdonald-Cartier Fwy W,401,4856,43265569,182238000,0.0639143325244883
10344,Highway 7 W,Conestoga Pky S,7,1824,7692825,26399000,0.00796881478101291
10345,Highway 7 W,King's Highway 8 W,7,1816,7110454,12330000,0.0061168168692313
10346,Highway 8 E,King St Bypass,8,3143,19932357,47131000,0.00219294797758375
10347,Highway 8 W,King St Bypass,8,2237,12005768,27243000,0.00258657118722182
10348,Highway 401 E,Macdonald-Cartier Fwy E,401,13128,67890402,245863000,0.0146055743013205
10349,Highway 7 E,King's Highway 6 S,6,1642,4839088,39882000,0.00707590339558399
10350,Highway 6 S, ,6,560,1632673,6357000,0.00470457452909093
10351,Queenston Rd,Hwy 8,8,0,0,0,0.000115446957515337
10352,Tc Hwy E, ,417,6911,9152458,23638000,0.00469563941113344
10353,Queenston Rd,Hwy 8,8,0,0,0,0.00871225510832257
10354,Highway 401 W,Macdonald-Cartier Fwy W,401,5854,55363573,199283000,0.00967507618225529
10355,Queenston Rd,Hwy 8,8,0,0,0,0.000605026445704801
10356,Tc Hwy E, ,417,5473,9150279,23192000,0.0350875677868803
10357,Highway 416 N, ,416,2009,5401882,14915000,0.00617655442211432
10358,King St W,Hwy 8,8,0,0,0,0.00242035659262226
10359,Highway 416 S,Veteran's Memorial Highway,416,2015,4531564,8791000,0.00660962853661373
10360,Highway 416 N, ,416,2060,5894280,15604000,0.00521963935227524
10361,Tc Hwy E, ,417,6337,8428691,45638000,0.00980972462716993
10362,Main St W,Hwy 8,8,0,0,0,0.000487624855780869
10363,Tc Hwy E, ,417,6276,11511716,33581000,0.00298232821132554
10364,Highway 35 N,King's Highway 115 N,115,1869,5719510,18333000,0.000793416032078334
10365,Highway 40 N, ,40,387,1898017,5376000,0.0243918071125528
10366,Highway 403 E, ,403,5365,30306535,95668000,0.00467425318186173
10367,Tc Hwy E, ,417,6174,11994030,33759000,0.00889851522568619
10368,Tc Hwy E, ,417,6174,11994030,33759000,0.00479389899476586
10369,Highway 401 E,Macdonald-Cartier Fwy E,401,5875,54797105,197408000,0.0203670553715491
10370,Queen Elizabeth Way W, ,1,592,44365252,124287000,0.0282673730734269
10371,Highway 416 S, ,416,1728,4714607,17979000,0.00625958016813286
10372,Queen Elizabeth Way E, ,1,7537,39928817,132985000,0.01028283379718
10373,Queen Elizabeth Way W, ,1,8663,43438290,123738000,0.00500614651444454
10374,King St E,Regional Highway 2,2,0,0,0,0.00310584271073753
10375,Highway 69, ,69,950,9165794,40873000,0.0120182099267627
10376,Merritt Road, ,58,0,0,0,0.000161449682537632
10377,Regional Road 5, ,5,489,782066,2876000,0.00322070070015241
10378,Queen Elizabeth Way E, ,1,4838,33521847,132976000,0.0239863795349941
10379,Merritt Road, ,58,0,0,0,0.00228289465671173
10380,Queen Elizabeth Way E, ,1,4996,26315950,119533000,0.00739568961597871
10381,Yonge St,County Road 1,11,0,0,0,8.88866131529576e-05
10382,Yonge St,County Road 1,11,0,0,0,0.0015493301778301
10383,Hurontario St,Highway 10,10,135,1651616,3977000,0.00198202491656799
10384,Hurontario St,Highway 10,10,231,663164,4540000,0.00244195517156144
10385,Yonge St,County Road 1,11,0,0,0,9.99849989038105e-05
10386,Highway 401 Expy,Macdonald-Cartier Fwy W,401,11943,58555414,219448000,0.0133540048694199
10387,Highway 401 W,Macdonald-Cartier Fwy W,401,5785,55278994,197890000,0.00583197126800141
10388,Regional Road 7 W,Highway 7,7,0,0,0,0.00761200473307393
10389,Highway 416 S, ,416,806,4729329,28776000,0.00421400055955571
10390,Highway 401 W,Macdonald-Cartier Fwy W,401,4773,44623779,180090000,0.00391626628568078
10391,Highway 401 E,Macdonald-Cartier Fwy E,401,1613,6596045,19987000,0.00902966547750441
10392,Highway 401 W,Macdonald-Cartier Fwy W,401,4054,41399766,171514000,0.00328801587036358
10393,Bath Rd, ,33,0,0,0,0.00683667730494026
10394,Bath Rd, ,33,0,0,0,0.00163978720242191
10395,Bath Rd, ,33,0,0,0,0.00659425990786529
10396,Highway 401 E,Macdonald-Cartier Fwy E,401,5694,50389170,176193000,0.0603639020982903
10397,Tc Hwy E, ,417,1979,7159694,15234000,0.00711163864069677
10398,Queen Elizabeth Way W, ,1,2406,20099917,80034000,0.0132003202152938
10399,Regional Road 5,Hwy 5,5,688,594409,8946000,0.00321134488962756
10400,Highway 401 W,Macdonald-Cartier Fwy W,401,4054,41399766,171514000,0.0476644276890421
10401,County Road 2,Highway 2,2,0,0,0,0.0220967694909398
10402,Highway 137 N, ,137,827,5778164,16427000,0.00747624122272002
10403,Highway 401 W, ,401,4800,43103210,182136000,0.000621836246899533
10404,Tc Hwy W, ,417,3174,7681933,42648000,0.006694860954671
10405,Highway 11, ,11,921,8683421,29326000,0.039378126098471
10406,Bath Rd, ,33,0,0,0,0.00837129274000477
10407,Highway 115 S, ,115,1235,5220548,6038000,0.00542025699362297
10408,Tc Hwy E, ,417,4659,9869551,30161000,0.00831597301441304
10409,Highway 11,Highway 17,17,1197,11305073,40807000,0.000135049692594422
10410,Queen Elizabeth Way W, ,1,5404,44110326,134940000,0.0301006804413571
10411,Tc Hwy W,King's Highway 417 W,417,1273,8323601,35051000,0.00471555776404998
10412,Queen Elizabeth Way E, ,1,4510,32978949,131484000,0.00435916510814489
10413,Highway 401 W,Macdonald-Cartier Fwy W,401,4352,41504630,158831000,0.0880104910454361
10414,Highway 401 W,Macdonald-Cartier Fwy W,401,4584,42880586,180273000,0.0142888511421031
10415,Highway 401 E, ,401,5057,51932411,182332000,0.0114756346220603
10416,Highway 401 E, ,401,4802,47318973,168977000,0.00723958589313202
10417,Highway 401 E, ,401,3884,47345125,169503000,0.00604848983584598
10418,Highway 115 N, ,115,1236,4709725,12819000,0.00380049986868897
10419,Highway 401 E, ,401,4744,46831418,167941000,0.00371943749699523
10420,Highway 401 E, ,401,3923,46004944,173426000,0.0140148789447016
10421,Highway 401 W,Macdonald-Cartier Fwy W,401,3582,41381488,164883000,0.0181665043996562
10422,Highway 401 W,Macdonald-Cartier Fwy W,401,3587,41544388,165251000,0.00248201087827934
10423,Queen Elizabeth Way W, ,1,5743,35701394,117160000,0.0464759604981355
10424,Main St E,Hwy 8,8,0,0,0,0.00767611395030811
10425,Main St E,Hwy 8,8,0,0,0,0.00245861851454247
10426,Hurontario St,Highway 10,10,135,1651616,3977000,0.000441508776831589
10427,Hurontario St,Highway 10,10,201,1249660,5339000,0.000308288825611265
10428,Highway 427 Collector, ,427,13454,35423659,120532000,0.00399148428958848
10429,Highway 6 N,Hanlon Expy,6,998,4305829,19844000,0.000122800651438244
10430,Highway 404 N, ,404,2281,19472843,25500000,0.00580005163511198
10431,Highway 404 S, ,404,2666,13376209,56359000,0.00524929009616494
10432,Highway 404 N, ,404,4815,20461964,53274000,0.00660264294299449
10433,Hurontario St,Highway 10,10,105,695447,3715000,0.000490079585366015
10434,HIGHWAY 401 Expy TO HIGHWAY 401 COLLECTOR, ,401,19421,77137735,270394000,0.0118217896944182
10435,Tc Hwy E, ,417,5473,9150279,23192000,0.00596459234885613
10436,Highway 416 S,Veteran's Memorial Highway,416,1781,4190020,8113000,0.00603116806199198
10437,Highway 427 N, ,427,3975,13073252,55309000,0.00157828071014882
10438,Yonge St, ,11,0,0,0,0.000688889730599675
10439,King St E,Hwy 8,8,0,0,0,0.00798859018740384
10440,Highway 403 E,Queen Elizabeth Way E,1,8942,59776969,189029000,0.00801947138807597
10441,Highway 403 W,Queen Elizabeth Way W,1,8158,49947053,145021000,0.00919267808801503
10442,Regional Road 7 E, ,7,0,0,0,0.000898202802258538
10443,Highway 8 W,King St Bypass,8,1826,13415583,33517000,0.0331132541314984
10444,Kingston Rd,Highway 2,2,0,0,0,0.0101224187239941
10445,Highway 401 W,Macdonald-Cartier Fwy W,401,5691,55613591,198057000,0.00528140946225714
10446,Highway 403 W, ,403,5655,16536353,64093000,0.00284081356130088
10447,Highway 401 W,Macdonald-Cartier Fwy W,401,4993,45191439,183131000,0.0067486003597752
10448,Kingston Rd W,Regional Highway 2,2,0,0,0,0.0161197334244774
10449,Kingston Rd,Regional Highway 2,2,0,0,0,0.000851149810505436
10450,Kingston Rd,Regional Highway 2,2,0,0,0,0.000922691714474918
10451,Highway 401 W,Macdonald-Cartier Fwy W,401,3838,41875888,165714000,0.00690608044593608
10452,King St E,Regional Highway 2,2,0,0,0,0.00354378485435894
10453,Queen Elizabeth Way W, ,1,8466,44151686,126983000,0.00424496362384817
10454,Highway 403 W, ,403,4574,16155849,64372000,0.00228171181440985
10455,Highway 410 S, ,410,4092,12711001,43286000,0.00257165022234701
10456,Hurontario St,Highway 10,10,0,0,0,0.00417539917950306
10457,Hurontario St,Highway 10,10,0,0,0,0.00121981599265666
10458,Queen Elizabeth Way E, ,1,4999,43319171,99464000,0.0122693185322559
10459,Tc Hwy W,King's Highway 417 W,417,6303,13784994,46392000,0.00476591590483819
10460,Highway 401 W,Macdonald-Cartier Fwy W,401,4578,34216336,142706000,0.00531332713355605
10461,Highway 20 E,Regional Road 20,20,0,0,0,0.00266684472549287
10462,Hwy 20, ,20,0,0,0,0.00173876105315539
10463,Hwy 20, ,20,0,0,0,0.00147509796281888
10464,Bath Rd,County Road 33,33,0,0,0,0.00251913834473234
10465,Centennial Pky N,Hwy 20,20,0,0,0,0.00722547751897317
10466,Queenston Rd,Hwy 8,8,0,0,0,0.00196551015003829
10467,Centennial Pky N,Hwy 20,20,0,0,0,0.000108853112067542
10468,Centennial Pky N,Hwy 20,20,0,0,0,0.000225035552738267
10469,Tc Hwy E, ,417,1223,6357152,14344000,0.006742366639827
10470,Paradise Rd S,Hwy 8,8,0,0,0,0.00206795672106565
10471,Main St W,Hwy 8,8,0,0,0,0.00179469398671602
10472,King St E,Hwy 8,8,0,0,0,0.00250067308616635
10473,Highway 403 W,Queen Elizabeth Way W,1,7414,49778859,142419000,0.00374737075364152
10474,Highway 403 E,Queen Elizabeth Way E,1,7985,58762631,188366000,0.00678720237139773
10475,Tc Hwy W, ,417,3814,8205236,44545000,0.00780596468553827
10476,Highway 401 E,Macdonald-Cartier Fwy E,401,6036,49793377,178459000,0.0108372131210291
10477,Centennial Pky N,Hwy 20,20,0,0,0,0.00135376048420142
10478,Tc Hwy W,King's Highway 417 W,417,4692,10322604,49461000,0.00160383540304617
10479,Regional Road 7 W,Highway 7,7,0,0,0,0.00541848276244506
10480,Highway 7 W,King's Highway 6 N,6,739,3077551,12075000,0.00075302390401182
10481,Highway 7 W,King's Highway 6 N,6,1159,5248430,25342000,0.000803203585644954
10482,Highway 401 E, ,401,4512,47146623,169159000,0.0905002638974228
10483,Highway 427 Collector, ,427,13154,31798353,107091000,0.00161024252832661
10484,Highway 11,Algonquin Avenue,11,888,7495695,30774000,0.00376327536596503
10485,Highway 11,Algonquin Avenue,11,767,7460910,30712000,0.000750168647690356
10486,Highway 401 W,Macdonald-Cartier Fwy W,401,3536,41631483,158510000,0.0842583642818664
10487,Highway 11, ,11,908,10493662,28762000,0.00403209332572648
10488,Highway 401 E, ,401,3860,46934386,168118000,0.0842134405338862
10489,Tc Hwy E, ,417,4659,9869551,30161000,0.00136371534490456
10490,Tc Hwy W,King's Highway 417 W,417,5582,10291171,39580000,0.00801886522650836
10491,Tc Hwy E, ,417,4659,9869551,30161000,5.28015151234981e-05
10492,Tc Hwy E, ,417,4962,9898239,29954000,0.00304148639874405
10493,Tc Hwy E, ,417,4947,9921117,30414000,0.000488409664151856
10494,Tc Hwy E, ,417,973,5852818,13763000,0.0651530699955025
10495,Highway 401 W,Macdonald-Cartier Fwy W,401,5712,44167371,179171000,0.131781769029901
10496,Highway 403 E,Queen Elizabeth Way E,1,9099,58942057,189387000,0.00664901249871276
10497,Highway 406 S, ,406,1208,3961244,6165000,0.000546100723355652
10498,Highway 401 E,Macdonald-Cartier Fwy E,401,10410,84902355,293726000,0.00214689193953863
10499,Highway 410, ,410,2741,9952350,15213000,0.00522886065506007
10500,Highway 400 N, ,400,1371,9689428,44837000,0.00523809346174072
10501,Highway 410 N, ,410,7623,19597355,49039000,0.00610153505801508
10502,Modeland Rd, ,40,780,4604789,8941000,0.00186239131820102
10503,Highway 402 E, ,402,12227,26434565,123640000,0.051132856468694
10504,Highway 400 N, ,400,1371,9689428,44837000,0.00512950698215876
10505,Highway 402 W, ,402,2292,22787308,68329000,0.00604740314613287
10506,Huron Church Rd,King's Highway 3 E,3,3634,32395619,174165000,0.000375889611452304
10507,Huron Church Rd,King's Highway 3 W,3,0,0,0,0.0187179163229557
10508,Service Road, ,402,2755,26434562,123640000,0.0130085754731655
10509,Queenston Rd,Hwy 8,8,0,0,0,0.000769220384565613
10510,Centennial Pky S,Hwy 20,20,0,0,0,0.000396778275605737
10511,Highway 8 E,King St Bypass,8,1848,7891882,28167000,0.000563540593051738
10512,Yonge St,County Road 1,11,0,0,0,0.00055215668064135
10513,Regional Road 7 E,Highway 7,7,0,0,0,0.00203079147136638
10514,Queen Elizabeth Way E, ,1,1497,16772101,78424000,0.0051873320030583
10515,Queen Elizabeth Way W, ,1,1531,19619264,78625000,0.00887710170303587
10516,Regional Road 7 E, ,7,0,0,0,0.00282726767106662
10517,Highway 420,Roberts St,420,699,834991,2252000,0.00212454130395356
10518,Highway 420,Roberts St,420,0,0,0,0.00780040828091128
10519,Gardiner Collectors, ,1,0,0,0,0.0065035320167032
10520,Talbot Rd,King's Highway 3 E,3,900,32912375,174238000,0.00313983171605608
10521,Highway 401 E,Macdonald-Cartier Fwy E,401,5060,51049960,178396000,0.12737705296024
10522,Highway 401 E,Macdonald-Cartier Fwy E,401,10410,84902355,293726000,0.00896119553028197
10523,Highway 401 E,Macdonald-Cartier Fwy E,401,5926,55037328,192887000,0.119245102289325
10524,Highway 11,Highway 17,17,637,7126228,37699000,0.000584480110867744
10525,Highway 401 E,Macdonald-Cartier Fwy E,401,7694,56209099,266804000,0.00579826526697887
10526,Highway 11 S, ,11,2193,17711472,24070000,0.0139772927331331
10527,Highway 11 N, ,11,2141,11813982,31414000,0.000793923170097686
10528,Highway 401 W,Macdonald-Cartier Fwy W,401,3838,41875888,165714000,0.00320728361483599
10529,Highway 401 E, ,401,5420,51107277,181411000,0.000901412184302216
10530,Highway 404 S, ,404,2181,7399458,48414000,0.00427018239164321
10531,Highway 6 N, ,6,666,3794780,14561000,0.0104845973741759
10532,Highway 401 W,Macdonald-Cartier Fwy W,401,4125,41281415,170515000,0.00237694194290529
10533,Highway 400 S, ,400,961,2569844,3919000,0.00456160151754427
10534,Highway 403 E, ,403,3880,24936712,86771000,0.00632242285267527
10535,Kingston Rd W,Regional Highway 2,2,0,0,0,0.00135046658603189
10536,Markham Rd,Main Street Markham S,48,0,0,0,0.00172937463031363
10537,Kingston Rd E,Regional Highway 2,2,0,0,0,0.000904292541141209
10538,Regional Hwy 2,Highway 2,2,0,0,0,0.000635567462976923
10539,Yonge St,County Road 1,11,0,0,0,0.00317698740945665
10540,Yonge St,County Road 1,11,0,0,0,0.000119570063185691
10541,Highway 401 E,Macdonald-Cartier Fwy E,401,7014,53083497,185148000,0.00686960406935915
10542,Regional Road 7 W, ,7,0,0,0,0.00300394954550276
10543,Highway 17 W, ,17,1112,9414680,46448000,0.00612367058649922
10544,Huron Church Rd,King's Highway 3 W,3,565,26718514,124330000,0.010334119216798
10545,Huron Church Rd,King's Highway 3 E,3,569,32457310,174165000,0.0125520065918738
10546,Huron Church Rd,King's Highway 3 W,3,4092,27678731,157228000,0.00232974624454374
10547,Highway 410, ,410,3913,14624077,31304000,0.00822854898988538
10548,Highway 11, ,11,469,9595508,28008000,0.0349836902001809
10549,Highway 401 W,Macdonald-Cartier Fwy W,401,3496,41692604,159108000,0.00487357363746564
10550,Talbot Rd,King's Highway 3 W,3,969,26727672,124186000,0.0165852820596618
10551,Highway 401 Collector,Macdonald-Cartier Fwy E,401,14370,69337344,248253000,0.00239675451767396
10552,Highway 401 Collector,Macdonald-Cartier Fwy W,401,12270,59411246,224006000,0.0010860372921638
10553,Kingston Rd,Highway 2,2,0,0,0,0.00540334082105401
10554,Highway 115 S, ,115,1083,4847829,5732000,0.00675445846538279
10555,Highway 11 S, ,11,2193,17711472,24070000,0.0151058667543484
10556,Highway 11 S, ,11,1953,17711472,24070000,0.00189969076430488
10557,King St E,King's Highway 8 W,8,0,0,0,0.00611319743218294
10558,King St E,King's Highway 8 E,8,0,0,0,0.00621033011428462
10559,Highway 401 E, ,401,5267,51625818,182255000,0.00637179288354319
10560,Highway 401 E, ,401,5057,51932411,182332000,0.030253818379264
10561,Bovaird Dr E,King's Highway 7 E,7,1505,2839381,14463000,0.000511770456353596
10562,Highway 410, ,410,2225,9624328,14352000,0.00597290828066141
10563,Talbot Rd, ,3,498,26895637,124388000,0.00426854106906476
10564,Highway 3 W,Talbot Rd,3,498,26895637,124388000,0.000701354232984865
10565,Bovaird Dr E,King's Highway 7 W,7,1420,2966989,9594000,0.000802577099127008
10566,Talbot Rd,King's Highway 3 E,3,516,33805023,175585000,0.0020339637874323
10567,Bovaird Dr E,King's Highway 7 W,7,1420,2966989,9594000,0.00126103608193498
10568,Bovaird Dr E,King's Highway 7 W,7,1420,2966989,9594000,0.000493340653061497
10569,Bovaird Dr E,King's Highway 7 E,7,1505,2839381,14463000,0.00194520050379931
10570,Bovaird Dr E,King's Highway 7 E,7,1505,2839381,14463000,0.00175935358695121
10571,Talbot Rd,King's Highway 3 E,3,516,33805023,175585000,0.000629455317783339
10572,Highway 410 N, ,410,3913,14624077,31304000,0.00111620517826149
10573,Regional Road 7 W, ,7,0,0,0,0.00286044541985207
10574,Highway 410 S, ,410,8397,16080575,56826000,0.0176619650610092
10575,Hurontario St,Highway 10,10,0,0,0,0.00628820239318497
10576,Main St S,Highway 10,10,0,0,0,0.00289646622769249
10577,Highway 7,Highway 115,7,1336,5492204,4168000,0.00254483140422847
10578,Highway 7 E,Tc Highway E,7,895,2926865,6867000,0.000745729552871711
10579,Main St S,Highway 10,10,0,0,0,0.0034741824045639
10580,Hurontario St,Highway 10,10,0,0,0,0.000839409710489823
10581,Hurontario St,Highway 10,10,0,0,0,0.000960401721173436
10582,Main St S,Highway 10,10,0,0,0,0.00288822452971843
10583,Main St S,Highway 10,10,0,0,0,0.00115665422660576
10584,Highway 410 S, ,410,5852,12757295,43326000,0.00623925042133676
10585,Highway 7 E,Tc Highway E,7,897,2639018,6786000,0.00286438911462065
10586,Highway 410 S, ,410,8397,16080575,56826000,0.00427523065344163
10587,Highway 410 S, ,410,8028,15811971,55822000,0.00535182754041458
10588,Highway 115 N, ,115,1178,5048698,12559000,0.00368935645629948
10589,Highway 7, ,7,691,2651161,7709000,0.00691706889900707
10590,Tc Hwy W,King's Highway 7 W,7,1132,5299214,2869000,0.000299713196223445
10591,Regional Road 7 E, ,7,0,0,0,0.00679440685728432
10592,Tc Hwy E, ,417,5393,10801376,25015000,0.00469388961655084
10593,Highway 403 W, ,403,5249,16981298,66429000,0.0126687361054485
10594,Regional Road 5,Hwy 5,5,688,594409,8946000,0.00109215471156042
10595,Regional Road 107,Highway 7,7,0,0,0,0.0016585933799454
10596,Regional Road 107,Highway 7,7,0,0,0,0.00191611299248445
10597,Queen Elizabeth Way W, ,1,5907,36056623,79400000,0.00366048358446876
10598,Dundas St W,Hwy 5,5,0,0,0,0.000535552985226027
10599,Regional Road 107,Highway 7,7,0,0,0,0.00356190693307636
10600,Hurontario St,Highway 10,10,0,0,0,0.0029892445794766
10601,Hurontario St,Highway 10,10,0,0,0,0.00134132540123486
10602,Hurontario St,Highway 10,10,0,0,0,0.00413763842258608
10603,Hurontario St,Highway 10,10,0,0,0,0.00180989477097294
10604,Hurontario St,Highway 10,10,0,0,0,0.00142999416849733
10605,Hurontario St,Highway 10,10,0,0,0,0.00230769262767085
10606,Tc Hwy W,King's Highway 417 W,417,6299,13537323,45931000,0.00181894062575816
10607,Tc Hwy E,King's Highway 417 E,417,967,5289730,13978000,0.00438890320604491
10608,Highway 400 N, ,400,885,8546979,41849000,0.0189417119360417
10609,Dundas St W,Hwy 5,5,0,0,0,0.00194929556815837
10610,Dundas St W,Hwy 5,5,0,0,0,0.000613293601789264
10611,Highway 400 S, ,400,7339,29942316,97657000,0.00851262764770599
10612,Highway 410 N, ,410,8163,20032979,50792000,0.00627468101534208
10613,Highway 410 S, ,410,8397,16080575,56826000,0.00656579478588146
10614,Highway 400 N, ,400,9149,35779451,125625000,0.00352172373621541
10615,Highway 401 E, ,401,4945,45858763,168912000,0.00516443114037319
10616,Highway 3 E, ,3,583,889044,1281000,0.00663161373425418
10617,Regional Road 7 E, ,7,0,0,0,0.0491896842251522
10618,Highway 401 E,Macdonald-Cartier Fwy E,401,6235,54349252,187705000,0.00490548252344593
10619,Queen Elizabeth Way W, ,1,4983,34118943,99678000,0.0195742475599727
10620,Highway 400 S, ,400,4217,30120413,63802000,0.00682830545724769
10621,Regional Road 7 W, ,7,0,0,0,0.00281485744151655
10622,Highway 20, ,20,0,0,0,0.000169537975064285
10623,Highway 406 S, ,406,1208,3961244,6165000,0.00813668495502666
10624,Highway 58 S, ,58,514,2537178,1180000,0.00344268856333651
10625,Highway 400 N, ,400,4058,32465106,101810000,0.0512416560704378
10626,Highway 406 S, ,406,1401,6446700,6985000,0.00516208863972748
10627,Highway 403 E, ,403,6279,18642488,72967000,0.00615754683166831
10628,Hurontario St,Highway 10,10,0,0,0,0.00315985393993376
10629,County Road 1, ,11,0,0,0,0.00297024609148772
10630,Highway 400 N, ,400,7620,39710777,124083000,0.00893097976921946
10631,Highway 427 N, ,427,9054,20570293,78357000,0.00657252997699583
10632,Highway 401 E,Macdonald-Cartier Fwy E,401,4614,40516963,217546000,0.013376772987076
10633,Highway 401 W,Macdonald-Cartier Fwy W,401,4636,32895642,143760000,0.0130770900456337
10634,Highway 404 S, ,404,4201,9877509,76293000,0.00926215643141362
10635,Queenston Rd,Hwy 8,8,0,0,0,0.0001490503270403
10636,Yonge St, ,11,0,0,0,0.00702341349802093
10637,Highway 403 E,Queen Elizabeth Way E,1,9099,58942057,189387000,0.00656371529320156
10638,Yonge St, ,11,0,0,0,0.000541638785579671
10639,Highway 427 Expy, ,427,13479,35402082,120344000,0.0110020249936681
10640,Highway 6,King's Highway 6 N,6,644,4080644,15028000,0.00569197517844124
10641,King St E,Regional Highway 2,2,0,0,0,0.00137150475171225
10642,Queen Elizabeth Way W, ,1,4942,34357082,99942000,0.00975254538294129
10643,Highway 401 W,Macdonald-Cartier Fwy W,401,5712,44167371,179171000,0.00779753843853596
10644,Highway 427 S, ,427,3495,9885982,42025000,0.00695404317869554
10645,Queen Elizabeth Way E, ,1,7558,40120072,133321000,0.0209483624562091
10646,Queen Elizabeth Way W, ,1,5282,34080229,99277000,0.0100430421999651
10647,Queen Elizabeth Way E, ,1,7343,40828982,96893000,0.0042622551796257
10648,Highway 401 E, ,401,4664,48254220,167339000,0.00517357211021884
10649,Markham Rd, ,48,0,0,0,0.00410599338723075
10650,Highway 584, ,584,0,0,0,0.0410119792796668
10651,Highway 11, ,11,907,10227147,28727000,0.00599302509434489
10652,McIrvine Road, ,602,2,0,0,0.135320717975895
10653,Highway 11,Algonquin Avenue,11,888,7495695,30774000,0.000585218789857515
10654,Gardiner Expressway Collectors, ,1,0,0,0,0.0015856626047386
10655,Highway 401 E,Macdonald-Cartier Fwy E,401,14871,80761890,282341000,0.0105480785639906
10656,Highway 105, ,105,186,206598,1134000,0.130599204932029
10657,Highway 400 S, ,400,2409,25743044,47477000,0.00474435952074801
10658,Yonge St, ,11,0,0,0,0.00120647032164096
10659,County Road 2, ,2,0,0,0,0.0113536249218773
10660,Highway 400 N, ,400,3391,23428035,80947000,0.0115720772179313
10661,Hwy 27, ,27,0,0,0,0.00155565195335347
10662,Highway 542a, ,542001,9,0,0,0.0306837943655255
10663,Highway 7, ,7,691,2651161,7709000,0.0213830265379386
10664,Regional Road 7 W,Highway 7,7,0,0,0,0.000175863583536669
10665,Highway 401 E, ,401,5686,51659317,184394000,0.0198028645325812
10666,Highway 17, ,17,283,3225956,21136000,0.126754222872437
10667,Hwy 6,King's Highway 6,6,531,1987035,3288000,0.0412284511658731
10668,Highway 101, ,101,89,68558,177000,0.256242515522161
10669,Loyalist Pky,County Road 33,33,0,0,0,0.0237901851649812
10670,Hwy 587, ,587,0,0,0,0.0123738401848105
10671,Highway 584, ,584,28,6918,57000,0.0773957879376898
10672,Highway 542, ,542,62,0,0,0.014880614538417
10673,Lakeshore Rd,King's Highway 21,21,311,1179748,2488000,0.0154426578855634
10674,Highway 401 Collector,Macdonald-Cartier Fwy E,401,16918,77003362,272014000,0.00888752632308085
10675,Highway 602, ,602,2,0,0,0.163765333236533
10676,Highway 519, ,519,58,214880,165000,0.138383273164814
10677,Highway 17a, ,17,661,9495452,37201000,0.0813957376270866
10678,Highway 556, ,556,38,69328,185000,0.0491907354136383
10679,Highway 17, ,17,110,0,0,0.0356463851104038
10680,Highway 596, ,596,21,12370,1000,0.118091054004964
10681,None, ,613,26,0,0,0.272912488708499
10682,Highway 8,King's Highway 7,7,386,2340914,5259000,0.0255002779919472
10683,Talbot Line,County Road 3,3,0,0,0,0.0205623595218656
10684,Highway 621, ,621,18,0,0,0.132869030269249
10685,Highway 17, ,17,624,6732524,37594000,0.283748012271288
10686,Highway 534, ,534,60,0,0,0.0172176045504634
10687,Highway 534, ,534,60,0,0,0.00620958704460923
10688,Airport Road, ,601,90,0,0,0.182436667732722
10689,Highway 599, ,599,26,485869,554000,0.0325309209300921
10690,Highway 77, ,77,539,2237165,2645000,0.0130142479543276
10691,County Road 3,Talbot Rd,3,0,0,0,0.0283822288590692
10692,Talbot Trail,County Road 3,3,0,0,0,0.0266945931784669
10693,Highway 599, ,599,23,485869,554000,0.246243053623571
10694,Highway 588, ,588,69,304967,79000,0.174036183384266
10695,Highway 599, ,599,24,485869,554000,0.0409781995324118
10696,Highway 11, ,11,161,468476,1887000,0.269855484915475
10697,Ramp, ,537,137,54938,354000,0.000308164561376471
10698,Kingston Rd,Regional Highway 2,2,0,0,0,0.000457708422464808
10699,Peter Drive, ,580,12,0,0,0.15746398641628
10700,Highway 643, ,643,19,22314,16000,0.242123692214405
10701,Bayfield Main St S,King's Highway 21,21,299,422968,1906000,0.0258832003079
10702,Highway 17, ,17,407,4798285,34125000,0.0873757765841504
10703,Highway 552 E, ,552,22,3279,7000,0.118463512596227
10704,Highway 17, ,17,442,4629520,33689000,0.184184805251479
10705,Loudon Rd,King's Highway 4,4,44,11803,17000,0.0335184029588597
10706,Kingston Rd,Regional Highway 2,2,0,0,0,0.000160862742747017
10707,Kingston Rd,Regional Highway 2,2,0,0,0,0.000149585600922988
10708,Highway  631, ,631,13,78117,76000,0.110144377384017
10709,Highway  631, ,631,55,428381,69000,0.0541571713001036
10710,Modeland Rd,King's Highway 40,40,784,4276762,7836000,0.0246425221160074
10711,Highway  631, ,631,55,428381,69000,0.154658160847069
10712,Highway 569, ,569,30,4736,3000,0.298777070341843
10713,Highway 11, ,11,571,8026091,31163000,0.0387249912472903
10714,County Road 21,Hwy 21,21,0,0,0,0.00930009806795331
10715,Highway 17 W, ,17,566,5036960,25434000,0.0151756387443691
10716,Highway 804, ,804,3,0,0,0.261171680563148
10717,Highway 125, ,125,185,38466,227000,0.162157206417979
10718,Highway 401 E,Macdonald-Cartier Fwy E,401,5282,43003945,181281000,0.0199582195170197
10719,Highway 401 W,Macdonald-Cartier Fwy W,401,4080,41903222,160462000,0.00398957037983334
10720,Highway 66, ,66,59,106241,474000,0.211247028450719
10721,Highway 542, ,542,31,0,0,0.351358989651645
10722,Highway 17, ,17,661,8305464,53819000,0.126192705788423
10723,Highway 66, ,566,50,179177,1142000,0.0557903275587073
10724,Highway 540, ,540,60,52658,160000,0.358759641367647
10725,Highway 6, ,6,526,1626308,6328000,0.0493461347933956
10726,Highway 3, ,3,218,643134,2520000,0.0240632657228665
10727,Coumbes St,Hwy 60,60,0,0,0,0.0103207744259274
10728,Highway 15, ,15,126,194137,410000,0.0201609432427302
10729,Barskys Hill Road, ,658,0,0,0,0.0137725757974101
10730,Highway 17a, ,17,659,9490064,37057000,0.0839148604918286
10731,County Road 41, ,41,0,0,0,0.00564470438180807
10732,Highway 602, ,602,2,0,0,0.248669158281739
10733,Highway 17, ,17,596,6458992,38064000,0.231052946015218
10734,Highway 17a, ,17,721,7963313,53180000,0.0590869191279728
10735,Highway 11, ,11,645,7368624,30585000,0.0107277775839333
10736,Tc Hwy E, ,417,4603,9766727,29604000,0.0123156194659907
10737,Highway 583, ,583,11,9882,23000,0.433787900170884
10738,Lakeview Drive, ,17,0,0,0,0.0115240007998607
10739,Highway 600, ,600,6,2633,3000,0.322072518115451
10740,Highway 568, ,568,9,0,0,0.0319484875065813
10741,Highway 17, ,17,819,8305464,53819000,0.293985475603491
10742,Highway 599, ,599,24,485869,554000,0.0668737317439013
10743,Highway 612, ,612,42,89102,670000,0.0397860512220747
10744,Highway 579, ,579,18,0,0,0.0451090515247906
10745,Tc Hwy E, ,417,1038,4322314,11838000,0.125835291461711
10746,Highway 621, ,621,13,2633,3000,0.103273872066137
10747,Redditt Road, ,658,72,78335,24000,0.0124570708078466
10748,Highway 101, ,101,91,68558,177000,0.800445225284503
10749,Highway 17, ,17,794,8304740,53993000,0.0870962306874168
10750,Winchester Rd W,King's Highway 7,7,986,95580,289000,0.00346183353378792
10751,Highway  638, ,638,25,4912,4000,0.356034127360977
10752,Ranger Lake Road, ,556,10,66049,178000,0.521215012412504
10753,Dundas St W,Regional Highway 2,2,0,0,0,0.00339843585507513
10754,Highway 11, ,11,667,7468493,30882000,0.0364275130195454
10755,Highway 11, ,11,159,321139,1315000,0.346007381835115
10756,Highway 502, ,502,68,93326,204000,1.08249355509898
10757,Darlington Way Road, ,596,39,5646,20000,0.0534717492063855
10758,Highway  632, ,632,112,1540,1000,0.040064140080623
10759,Highway 11,Highway 17,17,1121,9526103,39511000,0.000260847622174022
10760,Highway 11,Highway 17,17,907,7034849,27246000,0.000247396442984581
10761,Highway 11, ,11,956,9824421,27969000,0.00531480083649065
10762,Highway 596, ,596,21,12370,1000,0.214275622741854
10763,None, ,665,6,0,0,0.086895937779582
10764,Highway 420, ,420,699,834991,2252000,0.0117256473619563
10765,Highway 72, ,72,70,239964,364000,0.700988206511622
10766,Highway 420, ,420,1009,2323408,4262000,0.0128478418458835
10767,Yonge St, ,11,0,0,0,0.00613664322753266
10768,Highway 404 S, ,404,4201,9877509,76293000,0.00199930612962035
10769,Richmond St,King's Highway 4 S,4,0,0,0,0.00582613799268128
10770,Highway 401 E,Macdonald-Cartier Fwy E,401,8310,62096468,217898000,0.00975691229890551
10771,Kingston Rd W,Regional Highway 2,2,0,0,0,0.000103368273635949
10772,Highway 17 E, ,17,121,13261,33000,0.189035935365267
10773,Highway 621, ,621,13,0,0,0.246648121641378
10774,Highway 525, ,525,13,0,0,0.270366057855242
10775,Dog Lake Road,Hwy 589,589,90,24786,64000,0.052638889447705
10776,None, ,7059,15,0,0,0.0541296945111559
10777,Highway 420, ,420,0,0,0,0.00212186362990266
10778,Highway 403 W, ,403,4628,21038400,58481000,0.00793137243880231
10779,Highway 69, ,69,911,9153015,40573000,0.00453698774771578
10780,Highway 11,Highway 17,17,637,7126228,37699000,0.00061218052893599
10781,Yonge St,County Road 1,11,0,0,0,0.00164327623850578
10782,Highway 427 N, ,427,9054,20570293,78357000,0.00442226431838296
10783,Highway 641, ,641,16,37110,10000,0.162796764730321
10784,Highway  631, ,631,55,428381,69000,0.129683784666744
10785,Highway 605, ,605,27,0,0,0.112477797133129
10786,Highway 400 S, ,400,3536,28840735,55156000,0.00436579406777014
10787,Queen Elizabeth Way W,Hwy 2 W,1,0,0,0,0.00450125922228064
10788,Highway 11 S, ,11,1918,17439966,21365000,0.000799392269162168
10789,Highway 401 E, ,401,3923,46004943,173426000,0.0104073339386177
10790,Highway 401 E, ,401,5712,51445819,183209000,0.00521329997144269
10791,Highway 615, ,615,19,0,0,0.231877186068033
10792,Highway 11, ,11,150,577458,497000,0.167097870528723
10793,Highway 665, ,665,23,0,0,0.106696891210869
10794,Highway 401 W,Macdonald-Cartier Fwy W,401,4835,35166374,163662000,0.0151852359517621
10795,Highway 401 W,Macdonald-Cartier Fwy W,401,4800,43103210,182136000,0.00395859957210279
10796,Highway 401 E, ,401,5420,51107277,181411000,0.00448685609349411
10797,Highway 401 E, ,401,5712,51445819,183209000,0.00270922073668481
10798,Highway 401 W, ,401,5040,43105365,181714000,0.00704519951968111
10799,Highway 404 S, ,404,2181,7399458,48414000,0.027140985582321
10800,Highway 401 E,Macdonald-Cartier Fwy E,401,5060,51049960,178396000,0.00310048067726768
10801,Highway 525, ,525,13,0,0,0.202323222911894
10802,Highway 401 W,Macdonald-Cartier Fwy W,401,4561,41184838,170393000,0.0479752780029862
10803,Highway 406 N, ,406,714,3048280,6574000,0.00646512339212464
10804,Highway 619, ,619,2,0,0,0.152657583409859
10805,Highway 619, ,619,2,0,0,0.237579714623832
10806,Highway 608, ,608,28,0,0,0.102015849556356
10807,Main St W,Hwy 8,8,0,0,0,0.00481987806838068
10808,Highway 617, ,617,28,0,0,0.232054901553123
10809,Highway 416 S, ,416,955,2739141,23617000,0.0204859541455494
10810,Highway 40 N, ,40,465,2723452,6273000,0.0243822638077427
10811,Highway 600, ,600,5,0,0,0.277283002676955
10812,Jones Road, ,671,30,0,0,0.371520345021221
10813,Highway 17, ,17,851,7992434,53291000,0.049044048757187
10814,Highway 17, ,17,661,8305464,53819000,0.12093389929741
10815,Highway 71, ,71,92,215139,516000,0.497722948984094
10816,Yonge St,County Road 1,11,0,0,0,0.000119816526407123
10817,Highway 420, ,420,1051,2330505,4533000,0.00173128911509335
10818,Highway 406 S, ,406,985,7423583,9910000,0.00958657565937819
10819,King St W,Hwy 8,8,0,0,0,0.00575059883858289
10820,Highway 401 E,Macdonald-Cartier Fwy E,401,7014,53083497,185148000,0.0385914646937111
10821,Regional Road 7 W,Highway 7,7,0,0,0,0.000789046259704894
10822,Highway 401 E,Macdonald-Cartier Fwy E,401,6798,53893550,188334000,0.008827059441527
10823,Hwy 609, ,609,3,0,0,0.177383438609291
10824,Highway 527, ,527,6,23650,134000,0.0709406209264106
10825,Highway 664, ,664,108,43280,49000,0.130523636169929
10826,Lake Shore Blvd E,Highway 2,2,0,0,0,0.00175608228735896
10827,Lake Shore Blvd E,Highway 2,2,0,0,0,0.0121969149150656
10828,Highway 401 Collector,Macdonald-Cartier Fwy E,401,15269,76961692,266486000,0.00278640349589267
10829,Highway 401 W,Macdonald-Cartier Fwy W,401,5920,43665412,179799000,0.00133054966762004
10830,Highway 401 E,Macdonald-Cartier Fwy E,401,7010,53110136,185179000,0.00187623408614452
10831,Highway 401 W,Macdonald-Cartier Fwy W,401,6250,44042090,179792000,0.00424942671906307
10832,Danforth Ave,Hwy 5,5,0,0,0,0.0121703711463167
10833,Highway 502, ,502,65,102652,210000,0.221587222464153
10834,Highway  633, ,633,8,0,0,0.0560357311803194
10835,Don Valley Pky N,HIGHWAY 404 NORTH,404,7826,10702468,16274000,0.0058476498058922
10836,Bovaird Dr E,King's Highway 7 E,7,1505,2839381,14463000,0.00118740810170103
10837,Hurontario St,Highway 10,10,0,0,0,0.00508225813591518
10838,Highway 410 N, ,410,8163,20032979,50792000,0.00671885105031842
10839,Hurontario St,Highway 10,10,0,0,0,0.00360207553418878
10840,Tc Hwy W, ,417,1573,9614313,40265000,0.00889642886986297
10841,Highway 401 E,Macdonald-Cartier Fwy E,401,4297,39077582,208735000,0.0170879498994158
10842,Queen Elizabeth Way W, ,1,5540,34379724,119908000,0.00519552099679227
10843,Highway 401 E,Macdonald-Cartier Fwy E,401,13128,67890402,245863000,0.00329199532169252
10844,Markham Rd,Hwy 48,48,0,0,0,0.00144532695267612
10845,Highway 502, ,502,65,102652,210000,0.321605591101789
10846,Hwy 603, ,603,2,0,0,0.0565396266187984
10847,Markham Rd, ,48,0,0,0,0.00716053253563347
10848,Markham Rd, ,48,0,0,0,0.00178188818277024
10849,Markham Rd, ,48,0,0,0,0.00787655921503145
10850,Highway 11, ,11,119,634844,1882000,0.32385105499142
10851,Highway 588, ,588,28,101809,50000,0.100953592794577
10852,Regional Road 7 W, ,7,0,0,0,0.00376608186738411
10853,Markham Rd, ,48,0,0,0,0.00525631372925408
10854,Highway 401 E, ,401,3923,46004943,173426000,0.00516039641442525
10855,Queen Elizabeth Way W, ,1,3837,18829980,77641000,0.0159769735982046
10856,Tc Hwy W, ,417,3221,7885263,43614000,0.00724211162188631
10857,Highway 17, ,17,404,7498128,36970000,0.757137323728837
10858,Highway 595, ,595,25,58564,0,0.0563970575756993
10859,Hwy 622, ,622,16,40925,197000,0.525073019204936
10860,Tc Hwy E, ,417,3908,9073334,22940000,0.0047899658284886
10861,Bovaird Dr E,King's Highway 7 E,7,0,0,0,0.00852236091611807
10862,Queenston Rd,Hwy 8,8,0,0,0,0.000699837838343897
10863,Highway 401 W,Macdonald-Cartier Fwy W,401,4754,40602454,170148000,0.0563777166378731
10864,Yonge St, ,11,0,0,0,0.00181050053187909
10865,Tc Hwy E, ,417,1223,6357152,14344000,0.080460746998771
10866,Highway 594, ,594,24,0,0,0.360041703022366
10867,Highway 6 S, ,6,1998,10654250,28531000,0.00842402573000679
10868,Highway 595, ,595,18,0,0,0.242372740698296
10869,Highway 590, ,590,55,29434,2000,0.192909808459996
10870,Highway 664, ,664,108,43280,49000,0.0816614568755931
10871,Highway 61, ,61,64,580090,1855000,0.333594894405336
10872,Dog Lake Road,Hwy 589,589,0,0,0,0.0227359823667575
10873,Highway 11, ,17,454,1108863,6812000,0.158885935457944
10874,Bath Rd, ,33,0,0,0,0.0189736232039735
10875,Highway 400 S, ,400,1631,7291970,22683000,0.02810221395028
10876,Highway 6,King's Highway 6 N,6,1060,5435091,16485000,0.00736419597632063
10877,Queen Elizabeth Way E, ,1,4479,29372925,127552000,0.00410435532573147
10878,Bath Rd,County Road 33,33,0,0,0,0.0190140450671413
10879,Highway 401 Collector,Macdonald-Cartier Fwy W,401,12290,59598903,224187000,0.00873649736607357
10880,Queenston Rd,Hwy 8,8,0,0,0,0.000444490719806824
10881,Highway 802, ,802,2,0,0,0.13356707193344
10882,Highway 599, ,599,23,485869,554000,0.206586738280663
10883,Queen Elizabeth Way W, ,1,6774,47045713,139441000,0.00301190285449272
10884,Queen Elizabeth Way W, ,1,4942,34357082,99942000,0.0103076324514993
10885,Hwy 27, ,27,0,0,0,0.00838630638775573
10886,Highway 17, ,17,716,8252009,53708000,0.455033267088618
10887,Highway 527, ,527,34,7842,8000,0.908634930301757
10888,Highway  628, ,628,46,102181,99000,0.0882167506753753
10889,Hwy 622, ,622,15,53455,111000,0.401838824048687
10890,Hwy 587, ,587,16,0,0,0.36261720791095
10891,Regional Road 7 W, ,7,0,0,0,0.0027072975455571
10892,Regional Road 7 E, ,7,0,0,0,0.00818722031264054
10893,Regional Road 99, ,427,3975,13073252,55309000,0.0121842773715575
10894,Hwy 27, ,27,0,0,0,0.00539475771224692
10895,Hwy 27, ,27,0,0,0,0.00395751368338691
10896,Highway 599, ,599,24,526225,602000,0.658082707743302
10897,Hwy 622, ,622,16,53455,111000,0.55191750460665
10898,Highway 401 E,Macdonald-Cartier Fwy E,401,5764,54942042,191804000,0.00484387960545827
10899,Regional Road 7 E, ,7,0,0,0,0.00388108460663991
10900,Highway 527, ,527,7,23650,134000,0.227967188769042
10901,Highway 61, ,61,81,580413,1857000,0.0445293503110016
10902,Highway 527, ,527,80,169212,1122000,0.255562245012014
10903,Highway 11,Highway 17,17,505,7587343,42282000,0.0848950048617309
10904,King Street, ,527,7,23650,134000,0.457592316554177
10905,Highway 585, ,585,30,0,0,0.221395652468483
10906,Highway 11, ,17,501,2297160,11648000,0.145147129816559
10907,Highway 593, ,593,5,0,0,0.529573845217943
10908,Highway 597, ,597,13,0,0,0.0482082412666888
10909,Highway 11, ,11,280,3609539,18821000,0.410358430754689
10910,Highway 416 N, ,416,1486,5809569,17119000,0.00715547312659013
10911,King St E,King's Highway 8 W,8,11148,45577775,184706000,0.000200571682947992
10912,Highway 401 Expy,Macdonald-Cartier Fwy W,401,12290,59598903,224187000,0.0239955954013173
10913,Queen Elizabeth Way E, ,1,5255,33331783,132248000,0.0423008981335122
10914,Tc Hwy E, ,417,3908,9073334,22940000,0.00358792488774835
10915,Highway 403 E, ,403,4948,21297287,76541000,0.00727784467601149
10916,Highway 401 E, ,401,4957,46083848,169485000,0.0213574165623674
10917,Queen Elizabeth Way W, ,1,6774,47045713,139441000,0.0199716317831092
10918,Queen Elizabeth Way E, ,1,5256,33331783,132248000,0.018484583209535
10919,Regional Road 7 W, ,7,0,0,0,0.00120825436062998
10920,Highway 403 W,Queen Elizabeth Way W,1,8158,49947053,145021000,0.00488062201015572
10921,Highway 11, ,17,819,8788959,55805000,0.265950988651233
10922,Highway 585, ,585,30,0,0,0.157219687500038
10923,Highway 102, ,102,591,6597604,44551000,0.233426694640595
10924,Highway 61, ,61,103,441816,1751000,0.0308115960299402
10925,Dog Lake Road,Hwy 589,589,43,14954,1000,0.268278777237426
10926,Highway 811, ,811,5,0,0,0.803063615173582
10927,Highway 11,Highway 17,17,1,0,0,0.0497189774190477
10928,Highway 17, ,17,328,3074144,21023000,0.151787420910095
10929,Rawlings Rd,King's Highway 21,21,326,398442,1440000,0.0183741428911757
10930,Highway 401 W,Macdonald-Cartier Fwy W,401,3496,41692604,159108000,0.0912437143301883
10931,Bath Rd, ,33,0,0,0,0.00543130806070539
10932,Highway 403 W, ,403,3358,19297417,49991000,0.00530561954835977
10933,Highway 403 W,Queen Elizabeth Way W,1,7414,49778859,142419000,0.00444769390873999
10934,Tc Hwy W,King's Highway 417 W,417,1241,10151141,39419000,0.00810652751829013
10935,Highway 527, ,527,6,23650,134000,0.501957880136897
10936,Concession  M, ,548,15,0,0,0.0465696331649332
10937,Highway 11,Highway 17,17,646,7348725,40737000,0.390482259283443
10938,Highway 69, ,69,711,9165794,40873000,0.130795986974815
10939,Highway 17, ,17,427,4798285,34125000,0.675448129627216
10940,Tc Hwy W,King's Highway 417 W,417,1128,9979743,40671000,0.0611556579392206
10941,Tc Hwy E, ,417,985,5289730,13978000,0.0646010794522836
10942,Highway 401 W,Macdonald-Cartier Fwy W,401,7899,56331589,207742000,0.00989846319780973
10943,Main St W,Hwy 8,8,0,0,0,0.00274131711411771
10944,Highway 651, ,651,20,0,0,0.248845475992217
10945, , ,650,19,0,0,0.0640467216539654
10946,Highway 11, ,11,359,4974924,28845000,1.72568854449161
10947,Highway 409 W, ,409,4471,11727109,53870000,0.00446289753624479
10948,Highway 409 W, ,409,4768,13986941,56538000,0.00813275710104828
10949,Highway 402 W, ,402,2186,22386466,72163000,0.00903270257661595
10950,Highway 11, ,11,258,3563928,18795000,0.691531540398746
10951,Hwy 657, ,657,34,0,0,0.069486308417972
10952, , ,7042,11,1452,6000,0.00706356586968618
10953,Highway 11, ,11,116,3609539,18821000,0.41801772313848
10954, , ,7089,3,0,0,0.00698877325125493
10955,Brookdale Ave, ,138,0,0,0,0.0017722744285122
10956,Highway 138, ,138,0,0,0,0.000170074295539055
10957,Highway 138, ,138,0,0,0,0.00105852653156876
10958,Brookdale Ave, ,138,0,0,0,0.0117919101332077
10959,Highway 138, ,138,0,0,0,0.000201882881871632
10960,Highway 584, ,584,17,29232,72000,0.341789544575887
10961,Highway  631, ,631,13,78117,76000,0.105440703582004
10962,Highway 138, ,138,0,0,0,0.00360252243683708
10963,Highway 138, ,138,433,3854432,6167000,0.0148081442967294
10964,Brookdale Ave, ,138,0,0,0,0.0127006145126871
10965,Highway 138, ,138,0,0,0,0.00181209469343843
10966,Highway 138, ,138,425,3821792,6158000,0.0208560566655611
10967,Highway 138, ,138,304,2199621,4171000,0.0245939613389544
10968,Highway 138, ,138,372,3968940,6217000,0.00489594385340481
10969,Highway 625, ,625,5,0,0,0.304948028383107
10970,Highway 625, ,625,5,15365,84000,0.0348046468724338
10971,Highway 17, ,17,464,5161178,34361000,0.0532758536126398
10972,D Line Road, ,548,20,0,0,0.465925578873765
10973,Highway 138, ,138,373,3854432,6167000,0.0300422536141443
10974,Highway 138, ,138,377,4091368,6251000,0.00258045906764207
10975,Highway 138, ,138,373,3854432,6167000,0.00661624701327749
10976,Cornwall Centre Rd, ,138,0,0,0,0.00837544660545392
10977,St Andrews Rd, ,138,223,1369335,2417000,0.0202108762143864
10978,Highway 138, ,138,427,3821792,6158000,0.0202425244878685
10979,Highway 138, ,138,427,3821792,6158000,0.00653321926772015
10980,Highway 138, ,138,370,3854432,6167000,0.0205743998972078
10981,Highway 138, ,138,373,4091368,6251000,0.0245747982282089
10982,Highway 556, ,556,17,69328,185000,0.23211947158265
10983,Highway  631, ,631,13,78117,76000,0.0751217908077223
10984,None, ,532,36,3279,7000,0.154247107861475
10985,Highway 519, ,519,58,214880,165000,0.108248140147061
10986,Highway 651, ,651,0,0,0,0.029562495730657
10987,Highway 138, ,138,372,3968940,6217000,0.0176401253701986
10988,Highway 138, ,138,387,3350004,5728000,0.00226523893706561
10989,Highway 138, ,138,0,0,0,0.00045389536237295
10990,Highway 138, ,138,387,3350004,5728000,0.000163220709467102
10991,Highway 17, ,17,407,4798285,34125000,0.294421474136662
10992,Colonel Talbot Rd,King's Highway 4,4,724,1817159,5305000,0.00286908058412936
10993,Colonel Talbot Rd,King's Highway 4,4,724,1817159,5305000,0.000603805179963544
10994,Brookdale Ave, ,138,0,0,0,0.00212760180770485
10995,Highway 138, ,138,387,3350004,5728000,0.000902939340156597
10996,Highway 138, ,138,374,3968940,6217000,0.0460917093152368
10997,Highway 138, ,138,0,0,0,0.00184046995842933
10998,Highway 138, ,138,370,3854432,6167000,0.0304541244332209
10999,Highway 138, ,138,370,4091367,6251000,0.0157452207669574
11000,Highway 138, ,138,372,3968940,6217000,0.0179707337839489
11001,Hwy 34, ,34,704,881024,2959000,0.0017014440560598
11002,Hwy 34, ,34,443,1469009,2325000,0.00935270451375814
11003,County Road 34, ,34,449,428174,539000,0.0275536730126065
11004,Hwy 34, ,34,443,1469009,2325000,0.0200584333912452
11005,Hwy 34, ,34,533,1452177,2290000,0.0237791756157795
11006,Hwy 34, ,34,443,1469009,2325000,0.026306589825909
11007,Hwy 34, ,34,533,1452177,2290000,0.000829882552801357
11008,Hwy 34, ,34,533,1452177,2290000,0.0153655364548223
11009,Hwy 34, ,34,443,1469009,2325000,0.0010924176455282
11010,Highway 651, ,651,20,0,0,0.27422131780002
11011,Highway  631, ,631,13,78117,76000,0.666163254792503
11012,Highway 108, ,108,34,5407,29000,0.119674772423214
11013,Highway 17, ,17,480,4413637,32799000,0.600110062638883
11014,Highway 124, ,124,89,364611,696000,0.00110214407381267
11015,Highway 124, ,124,89,364611,696000,0.00173120337927059
11016,Highway 124, ,124,103,436733,305000,0.00370087208597395
11017,Highway 124, ,124,103,436733,305000,0.00170909338299196
11018,Highway 124, ,124,103,436733,305000,0.00184812612806132
11019,Highway 124, ,124,103,436733,305000,0.00130163042482401
11020,Howey Street, ,618,29,0,0,0.170485011162039
11021,Highway  637, ,637,42,0,0,0.274757462791249
11022,Highway 124, ,124,89,364611,696000,0.0026717656598836
11023,Kingston Rd,Highway 2,2,0,0,0,0.00128885191466296
11024,Highway 614, ,614,19,0,0,0.48102389388723
11025,Highway 17, ,17,443,4465359,33550000,0.0677450164301755
11026,Hwy 34, ,34,487,2056735,4226000,0.00250612704888477
11027,Highway 105, ,105,173,204957,1129000,0.399602208525531
11028,Highway 599, ,599,55,487999,563000,0.529780218271848
11029,Highway 141, ,141,130,388768,195000,0.0658966290946065
11030,Highway 6, ,6,166,100919,185000,0.518176895119844
11031,Highway 124, ,124,437,10240356,28731000,0.046590675140271
11032,Highway 124, ,124,85,452182,1054000,0.00196414418140706
11033, , ,12,507,1445074,1548000,0.00176058430377276
11034, , ,12,507,1445074,1548000,0.00142932457579149
11035,Highway 11, ,11,525,7386688,30297000,0.570660776259708
11036,Highway 654, ,654,38,1296,19000,0.249374623818886
11037,Highway 11,Highway 11,11,607,2417395,7920000,0.00108015668304754
11038,Highway 11,Highway 17,11,607,2417395,7920000,0.000249251536200336
11039,Highway 11,Highway 11,11,449,2497237,8737000,0.000839269434427856
11040,Highway 11,Highway 11,11,449,2497237,8737000,0.000252211960861543
11041,Hwy 34, ,34,533,1452177,2290000,0.00572457885521274
11042,Hwy 34, ,34,531,1452177,2290000,0.0161156586324345
11043, , ,34,443,1469009,2325000,0.00592287057999656
11044,Hwy 34, ,34,531,1452177,2290000,0.019307426813688
11045,Highway 522, ,522,31,0,0,0.457478267967296
11046,Highway  630, ,630,17,0,0,0.296531917215525
11047,Hwy 34, ,34,533,1452177,2290000,0.00187845327612901
11048,Hwy 34, ,34,500,821490,3605000,0.00401132401818223
11049,Highway 540, ,540,26,30729,26000,0.343697019284011
11050,Highway 540a, ,540,15,0,0,0.0677486482597347
11051,Highway 540, ,540,26,30729,26000,0.0433935376885914
11052,Mcgill St, ,34,0,0,0,0.00995212407201247
11053,County Road 31,Hwy 93,93,0,0,0,0.000509019289456493
11054,Hurontario Street,Highway 10,10,245,1155288,1254000,0.000848374096797057
11055,Bridge Street,County Road 20,4,0,0,0,0.00310681671147487
11056,Regional Hwy 2,Highway 2,2,0,0,0,0.00967565729639114
11057,Highway 540, ,540,26,10886,0,0.331542192400936
11058,Katrine Road,Highway 592,592,805,9579124,27960000,0.0190396666335869
11059,Highway 12, ,12,1029,2258546,3036000,0.00236532779387237
11060,TC Hwy,Hwy 17,17,351,4227148,21208000,1.56646609742922
11061,Highway 17, ,17,216,0,0,0.0142406764245418
11062,None, ,526,21,0,0,0.0107367660000459
11063, , ,4,0,0,0,0.00602116016847314
11064,Highway 40 N, ,40,460,3014635,6447000,0.000248471326313943
11065,Highway 542, ,542,62,0,0,0.212958482337558
11066,Highway 528A, ,528,3,0,0,0.0609643383252053
11067,Highway 528, ,528,15,0,0,0.0201967492296688
11068,Highway 17, ,17,358,3905921,20533000,0.163614795893694
11069,Highway 108,Highway 639,108,21,5407,29000,0.00548541710857951
11070,Highway 124, ,124,89,364611,696000,0.000353745093085204
11071,Worthington Street, ,540,134,98344,167000,0.330166694119195
11072,Highway 531, ,531,23,41091,1000,0.0347202909457288
11073,Highway 570, ,570,12,0,0,0.0535121064151224
11074,Highway 11, ,11,643,7327712,30445000,0.136935654352856
11075,Highway 40 N,Hwy 40b,40,711,3723906,7234000,0.000227266363541246
11076,Highway 40 S, ,40,412,1560794,2370000,0.000242249871014008
11077,Manitowaning Road, ,6,45,0,0,0.537019306109656
11078,Highway 401 E,Macdonald-Cartier Fwy E,401,5631,42959190,180989000,0.0383826639129086
11079,Highway 124, ,124,85,452182,1054000,0.00450253798744303
11080,Highway 588, ,588,28,29434,2000,0.172030304267379
11081,Highway 602, ,602,0,0,0,0.00511915487515135
11082,Highway 605, ,605,33,120127,415000,0.0472867633270976
11083,Stevens Avenue, ,625,5,0,0,0.00531314999302773
11084,Becker Road, ,631,0,0,0,0.00372971230757573
11085,Gordon Lake Road, ,647,18,0,0,0.0990234759798738
11086,Shantz Hill Rd,King's Highway 8 W,8,2693,797640,1594000,0.000309808005050724
11087,None, ,658,20,0,0,0.150986335991071
11088,Highway 658, ,658,72,78335,24000,0.119788890102231
11089,None, ,671,0,0,0,0.00384767255510074
11090,Highway 7,Tc Highway,7,679,530880,1166000,0.00901061030139916
11091,Rest Area, ,401,3923,46004943,173426000,0.00364123876816135
11092,Highway 559 West, ,559,251,69290,525000,0.00374952237608215
11093,Tc Hwy, ,17,1022,4957282,20515000,0.0390202003245658
11094,Highway 6,Regional Road 46 S,6,2204,10547065,27851000,0.00183894511900912
11095,Regional Road 7, ,7,0,0,0,0.00891992266006981
11096,Regional Road 7, ,7,0,0,0,0.000146329381854675
11097,Highway 401 E,Macdonald-Cartier Fwy E,401,7965,55594467,269870000,0.00460609441889423
11098,Highway 6,Queen St,6,2204,10547065,27851000,0.000854660150047703
11099,Highway 9,Davis Drive West,9,1716,4720577,8534000,0.00436668892459111
11100,Highway 7,Tc Highway,7,627,530400,1234000,0.0128164483243751
11101,Highway 7,Highway 12,7,472,744363,2128000,0.0140770276295079
11102,Queen Elizabeth Way W, ,1,5282,34080229,99277000,0.00515200536647514
11103,Highway 401 E,Macdonald-Cartier Fwy E,401,9775,89598342,311774000,0.00892351908160646
11104,Baldwin St S,Regional Road 12,12,469,93739,231000,0.0311448507445953
11105,Highway 7,Tc Highway,7,608,530880,1166000,0.0154667930963074
11106,Highway 7,Highway 12,7,472,744363,2128000,0.017401821107373
11107,Rest Area, ,401,3923,46004943,173426000,0.00459383877577307
11108,Highway 12, ,12,412,402373,1317000,0.0248216058801831
11109,Highway 138, ,138,387,3350004,5728000,0.0152390545638467
11110,Highway 138, ,138,387,3350004,5728000,0.000854012089492969
11111,Baldwin St S,Regional Road 12,12,469,93739,231000,0.00103589970526671
11112,Baldwin St S,Regional Road 12,12,469,93739,231000,0.00122299921299653
11113,Baldwin St S,Regional Road 12,12,469,93739,231000,0.000775756239869313
11114,Baldwin St S,Regional Road 12,12,469,93739,231000,0.000973021884907923
11115,Baldwin St S,Regional Road 12,12,469,93739,231000,0.000609485379550201
11116,Highway 12, ,12,412,402373,1317000,0.00593332954250745
11117,Winchester Rd W,King's Highway 7,7,986,95580,289000,0.00286269909711279
11118,Queen Elizabeth Way E, ,1,5471,43770576,99349000,0.00514032249609531
11119,Regional Road 107, ,7,0,0,0,0.00682527762922993
11120,Highway 11 S, ,11,2193,17711472,24070000,0.00208981915867383
11121,Highway 400 N, ,400,3878,27583643,86341000,0.00890564630913715
11122,Regional Road 7 E, ,7,0,0,0,0.00181014845800102
11123,Bovaird Dr E,King's Highway 7 E,7,0,0,0,0.00559727377761167
11124,Highway 400 S, ,400,5823,24185700,67440000,0.00211628273255474
11125,Highway 401 W, ,401,4506,39501497,166177000,0.0361407985270577
11126,Highway 7 W,King's Highway 6 N,6,1181,5249189,25342000,0.00760196556439213
11127,Highway 7 E,King's Highway 6 S,6,1659,4832927,39872000,0.00775648675395703
11128,Highway 6 S,Hanlon Expy,6,1385,6928272,34605000,0.000387613209256447
11129,Markham Rd,Regional Road 68,48,0,0,0,0.00559597450975805
11130,Regional Road 68,Main Street Markham S,48,0,0,0,0.0013064609477289
11131,Regional Road 68,Main Street Markham S,48,0,0,0,0.00216020805661463
11132,Main St S,Regional Road 68,48,0,0,0,0.00132348970528889
11133,Regional Road 68,Main Street Markham S,48,0,0,0,0.000784742633002715
11134,Markham Rd,Regional Road 68,48,0,0,0,0.00148961978307353
11135,Markham Rd,Main Street Markham S,48,0,0,0,0.00026469982997597
11136,Highway 85 S,Conestoga Pky S,85,2018,4724147,13399000,0.00719430954342081
11137,Highway 404 S, ,404,962,1119884,2160000,0.00890216910585891
11138,Highway 401 W,Macdonald-Cartier Fwy W,401,4471,41065036,162515000,0.0262317664956553
11139,Highway 7 E,Conestoga Pky N,7,1818,7133369,12384000,0.00599216877950685
11140,Highway 400 S, ,400,8415,32871430,102131000,0.00383606409932881
11141,Regional Road 7 E, ,7,0,0,0,0.00426139735298483
11142,Highway 401 E, ,401,4481,46127383,175864000,0.00384948138921337
11143,Highway 404 N, ,404,3724,27132770,53620000,0.00778407984693142
11144,Tc Hwy W,King's Highway 417 W,417,1196,9788637,40508000,0.14779046143187
11145,Highway 11 S, ,11,1405,9598178,44874000,0.0118608678800224
11146,Highway 6 S, ,6,1534,10841616,28587000,0.00587523817168272
11147,Tc Hwy W,King's Highway 417 W,417,865,5381197,20857000,0.00703059851087166
11148,Highway 416 S,Veteran's Memorial Highway,416,1763,4714607,17979000,0.00599071682908976
11149,Tc Hwy W,King's Highway 417 W,417,1213,10579400,40594000,0.00811961195119374
11150,Markham Rd, ,48,0,0,0,0.00787301277034643
11151,Markham Rd,Regional Road 68,48,0,0,0,0.00425320585465179
11152,Highway 403 E, ,403,4554,17304661,66702000,0.00658898284757403
11153,Regional Road 7 W,Highway 7,7,0,0,0,0.000150233152167106
11154,Danforth Ave,Hwy 5,5,0,0,0,0.00549843201249765
11155,Kingston Rd,Highway 2,2,0,0,0,0.00947919041089025
11156,Kingston Rd,Highway 2,2,0,0,0,0.000175513532265709
11157,Kingston Rd,Highway 2,2,0,0,0,0.000511422525906559
11158,Regional Road 7 W, ,7,0,0,0,0.000785953890527222
11159,Highway 401 W,Macdonald-Cartier Fwy W,401,3974,41696966,159137000,0.0855846798516315
11160,Highway 400 S, ,400,2171,25713452,47254000,0.00686158831693846
11161,Highway 401 Collector,Macdonald-Cartier Fwy W,401,10370,57707319,217971000,0.00159176442982804
11162,Highway 400 N, ,400,1371,9689428,44837000,0.0384169427271848
11163,Highway 401 W,Macdonald-Cartier Fwy W,401,6594,55552740,197990000,0.0281591642587586
11164,Bradford St, ,11,0,0,0,0.000687163735974581
11165,Bond St W,Regional Highway 2,2,0,0,0,0.00793043351314157
11166,Highway 402 E, ,402,2755,26434562,123640000,0.0127977628277599
11167,Highway 401 E,Macdonald-Cartier Fwy E,401,7411,64733323,235348000,0.00235377654153159
11168,Highway 416 N, ,416,954,9066386,17089000,0.00354906550408677
11169,King St W,Regional Highway 2,2,0,0,0,0.00248867357203439
11170,Highway 11 N, ,11,1038,10002367,30756000,0.00157326953648211
11171,Bond St W,Regional Highway 2,2,0,0,0,0.0100964637553879
11172,Highway 403 W,Queen Elizabeth Way W,1,8828,49282422,145985000,0.0127113291126396
11173,Regional Hwy 2,Highway 2,2,0,0,0,0.00209777405840585
11174,Highway 402 E, ,402,2784,26703043,124467000,0.00686305511763153
11175,Bond St E,Regional Highway 2,2,0,0,0,0.00452078478718119
11176,Highway 402 E, ,402,2847,26267082,123426000,0.00800967319905674
11177,Tc Hwy W, ,417,1573,9567826,40340000,0.0567845287980767
11178,Bovaird Dr E,King's Highway 7 W,7,0,0,0,0.00856174486999411
11179,Tc Hwy E,King's Highway 417 E,417,1979,7159694,15234000,0.00949095987873408
11180,HIGHWAY 401 COLLECTOR TO HIGHWAY 401, ,401,14535,75753393,269557000,0.00341402288108161
11181,Highway 11, ,11,950,10572085,29200000,0.00520858783150896
11182,Kingston Rd,Regional Highway 2,2,0,0,0,0.000526804669703939
11183,Queen Elizabeth Way W, ,1,2904,18855523,77275000,0.00610163951616021
11184,Highway 58 N, ,58,743,1138163,1144000,0.00128132002248231
11185,Highway 401 E, ,401,3923,46004944,173426000,0.00313228424600296
11186,Kingston Rd,Highway 2,2,0,0,0,0.00548132187837942
11187,Dundas St W,Regional Highway 2,2,0,0,0,0.000536680538118562
11188,Regional Road 7 W, ,7,0,0,0,0.00119764101468481
11189,Highway 402 E, ,402,3262,26878852,121731000,0.0486210353442384
11190,Regional Road 7 E,Highway 7,7,0,0,0,0.0120696359929568
11191,Kingston Rd,Highway 2,2,0,0,0,0.0167418158843557
11192,Kingston Rd,Highway 2,2,0,0,0,0.0139672347323011
11193,Kingston Rd,Highway 2,2,0,0,0,0.0104571485023406
11194,Kingston Rd,Highway 2,2,0,0,0,0.0104501406601238
11195,Queen Elizabeth Way E, ,1,4168,26325233,119553000,0.00401013909421209
11196,Highway 11 N, ,11,2364,11847401,32144000,0.020546689051312
11197,Highway 401 E, ,401,4520,47146623,169159000,0.0977417158296085
11198,Regional Road 5,Hwy 5,5,688,594409,8946000,0.00232081063429218
11199,Kingston Rd,Highway 2,2,0,0,0,0.00497462420088725
11200,Kingston Rd,Highway 2,2,0,0,0,0.00412451038695714
11201,Kingston Rd,Highway 2,2,0,0,0,0.00221242439872467
11202,Queenston Rd,Hwy 8,8,0,0,0,0.000146758304735356
11203,Yonge St, ,11,0,0,0,0.00193887056913226
11204,Dundas St W,Hwy 5,5,0,0,0,0.00238556492262073
11205,Highway 402 W, ,402,2629,22174485,67200000,0.00497202162366583
11206,Highway 403 E,King's Highway 24 N,403,3910,23736474,81009000,0.0218560718187398
11207,Highway 403 E, ,403,3910,24336306,81823000,0.0227283843387053
11208,Highway 400 S, ,400,7339,29942316,97657000,0.00701496686705543
11209,Highway 400 N, ,400,9169,35727548,125630000,0.00686408220242314
11210,Highway 403 W,Queen Elizabeth Way W,1,8186,48524858,143168000,0.00595298052876705
11211,Highway 427 S, ,427,8058,15049952,61530000,0.00600866197268018
11212,Highway 401 Expy,Macdonald-Cartier Fwy W,401,16318,64646835,271391000,0.0189923919495158
11213,Regional Hwy 2,Highway 2,2,0,0,0,0.00632135272866662
11214,Highway 410 S, ,410,9152,36500613,152440000,0.00850739779002946
11215,Hwy 27, ,27,0,0,0,0.00782272582852161
11216,Gardiner Expy E,Highway 2 E,2,0,0,0,0.0121680526074468
11217,Hwy 27, ,27,0,0,0,0.000559990178469429
11218,Highway 401 W,Macdonald-Cartier Fwy W,401,5165,43865821,180459000,0.00479177080192851
11219,Highway 420, ,420,1051,2330505,4533000,0.00378637324547704
11220,Highway 404 N, ,404,3618,26306152,58501000,0.00667824530547017
11221,Highway 403 W,King's Highway 24 S,403,2676,19369356,45384000,0.0127151711314689
11222,Highway 403 E,King's Highway 24 N,403,2628,22878071,74337000,0.0128090663255466
11223,Highway 403 W,King's Highway 24 S,403,3930,19253930,48251000,0.00470799752568332
11224,Bath Rd, ,33,0,0,0,0.00595909592875073
11225,Highway 7 W,King's Highway 6 N,6,739,3077551,12075000,0.000701249504802482
11226,Talbot Rd,King's Highway 3 W,3,703,27208591,124883000,0.00239503324226259
11227,Huron Church Rd,King's Highway 3 W,3,3611,26718514,124330000,0.00126303786244373
11228,King St E,King's Highway 8 E,8,12193,55302446,255333000,0.00296769736576211
11229,Highway 401 E,Macdonald-Cartier Fwy E,401,11738,71264553,296486000,0.0146442417467513
11230,Highway 7 E,King's Highway 8 E,7,2698,13638006,17780000,0.00525061961617474
11231,Highway 402 E, ,402,2588,26620612,124723000,0.00528652470251115
11232,Highway 404 S, ,404,2522,13969559,55186000,0.00507578690270156
11233,Highway 115 N, ,115,1236,4709725,12819000,0.00716656233710279
11234,Highway 35 N,King's Highway 115 N,115,1236,4709725,12819000,0.000817829444310205
11235,Huron Church Rd,King's Highway 3 W,3,3611,26718514,124330000,0.00451920989279544
11236,Huron Church Rd,King's Highway 3 E,3,535,32395619,174165000,0.00436833798085495
11237,Huron Church Rd,King's Highway 3 W,3,3611,26718514,124330000,0.00163087522514552
11238,Huron Church Rd,King's Highway 3 W,3,3611,26718514,124330000,0.0022571264627119
11239,Talbot Rd,King's Highway 3 E,3,509,32548574,174766000,0.0100075555137423
11240,Dufferin Ave,King's Highway 40 S,40,0,0,0,0.00681729548543414
11241,Highway 40 N, ,40,460,3014635,6447000,0.0171805674295402
11242,Highway 40 S, ,40,381,2157959,2778000,0.0243948823764546
11243,Highway 416 N, ,416,1260,4280434,12827000,0.00557083784686358
11244,Highway 401 E,Macdonald-Cartier Fwy E,401,9775,89598342,311774000,0.00813365003682837
11245,Highway 401 W,Macdonald-Cartier Fwy W,401,10153,66712694,239818000,0.00895804160319063
11246,Highway 403 W, ,403,6055,16997802,64523000,0.00667828227751963
11247,Highway 403 E, ,403,5719,20431793,76069000,0.0077574606834987
11248,Highway 403 W, ,403,6031,16155849,64372000,0.00690239099746939
11249,Highway 403 E, ,403,5295,17905505,72860000,0.00772136796644799
11250,Highway 11, ,11,861,10495599,29176000,0.00369721595419325
11251,Highway 410, ,410,2225,9624328,14352000,0.00952511097375031
11252,Hurontario St,Highway 10,10,0,0,0,0.00392340906765144
11253,Kingston Rd,Highway 2,2,0,0,0,0.000776918271128094
11254,Highway 403 E,King's Highway 6 N,403,5182,28109320,93908000,0.0146597561177508
11255,Highway 403 E, ,403,4807,25696297,88081000,0.00297164682558007
11256,Churchill Line,King's Highway 40 N,40,842,3453683,7025000,0.00506842873719765
11257,Highway 58 S, ,58,626,2523773,1168000,0.00374718473042466
11258,Regional Road 7 E,Highway 7,7,0,0,0,0.000167630546132199
11259,Highway 403 E,Queen Elizabeth Way E,1,9122,59073089,189838000,0.00388781439613844
11260,Highway 40 N,Modeland Rd,40,887,4481991,8142000,0.000232310137515791
11261,Highway 401 W,Macdonald-Cartier Fwy W,401,3838,41875888,165714000,0.00263767813238868
11262,Highway 401 Collector,Macdonald-Cartier Fwy W,401,16318,64646835,271391000,0.00193694037079611
11263,Highway 402 E, ,402,2755,26434562,123640000,0.00918316775484823
11264,Highway 7 E,King's Highway 6 S,6,1252,3074623,27608000,0.00066743383495236
11265,Highway 40 S, ,40,306,1746861,2669000,0.00662407129517181
11266,Tc Hwy W,King's Highway 417 W,417,5579,10289317,39579000,0.00765647588394287
11267,Highway 40 N,Churchill Line,40,700,3841094,7575000,0.0119101033623387
11268,Tc Hwy E, ,417,4600,9766727,29604000,0.0042468941519924
11269,Highway 3 W, ,3,741,487184,1518000,0.00253784968035117
11270,Highway 3 W, ,3,741,487184,1518000,0.00184131523481827
11271,Regional Road 7 W, ,7,0,0,0,0.000608481717106116
11272,Highway 410 S, ,410,7882,28824853,121494000,0.00571729545714495
11273,Queen Elizabeth Way W, ,1,2205,18474579,76716000,0.00484918030023461
11274,Highway 402 W, ,402,2518,22102048,67483000,0.00440413023465354
11275,Queen Elizabeth Way E, ,1,5032,25389167,118380000,0.0102546018525494
11276,King St W,Regional Highway 2,2,0,0,0,0.010136095708912
11277,Highway 400 N, ,400,5535,32565430,99543000,0.00614525374038541
11278,Highway 400 S, ,400,5823,24185700,67440000,0.00384997523993431
11279,Highway 400 S, ,400,5823,24185700,67440000,0.00454856636028242
11280,Highway 401 E,Macdonald-Cartier Fwy E,401,7894,62096468,217898000,0.00658044093524832
11281,Hurontario St,Highway 10,10,231,663164,4540000,0.00161957011522153
11282,Queen Elizabeth Way E, ,1,4996,26315950,119533000,0.00407661540397734
11283,Highway 401 Collector,Macdonald-Cartier Fwy E,401,14535,75753393,269557000,0.00555302843619111
11284,Highway 401 W,Macdonald-Cartier Fwy W,401,6569,55715512,206136000,0.0185920451988945
11285,Queen Elizabeth Way W, ,1,4746,32569775,81196000,0.00211657695723872
11286, , ,403,6440,17520042,65678000,0.0214256464139032
11287,Tc Hwy W,King's Highway 417 W,417,4562,10328193,49789000,0.0128553625912326
11288,Tc Hwy W,King's Highway 417 W,417,2017,9403189,39435000,0.0111004891920991
11289,Highway 427 S, ,427,8669,10529680,40287000,0.00656816812218223
11290,Highway 409 E, ,409,5587,11533577,53990000,0.00260653452223639
11291,Highway 409 W, ,409,4753,11903857,51340000,0.00268966080151498
11292,Highway 427 Collector, ,427,13702,36178828,120804000,0.00138435869630667
11293,Highway 427 Collector, ,427,13702,36178828,120804000,0.00116455737084778
11294,Dundas St W,Hwy 5,5,0,0,0,0.00287784024332125
11295,Highway 427 Collector, ,427,13154,31798353,107091000,0.00242870284760329
11296,Highway 427 Collector, ,427,14073,43533066,111581000,0.00418115758150495
11297,Richmond St,King's Highway 4 N,4,0,0,0,0.00777071745517957
11298,Tc Hwy W,King's Highway 417 W,417,1128,9979743,40671000,0.0103343440270703
11299,Highway 401 Collector,Macdonald-Cartier Fwy E,401,19421,77137735,270394000,0.00179777225647084
11300,Highway 17, ,17,1187,13425515,48020000,0.00066746971617039
11301,Highway 400 N, ,400,3991,32627118,102130000,0.0100928161275334
11302,Highway 401 E,Macdonald-Cartier Fwy E,401,13128,67890402,245863000,0.0152544968667741
11303,None, ,17,359,3648489,20207000,0.00617971573696078
11304,King St W,Hwy 8,8,0,0,0,0.00514835052885848
11305,Highway 402 E, ,402,3011,26527798,123522000,0.103134968004903
11306,Highway 17, ,17,418,3866736,14028000,0.000390032049947379
11307,Regional Road 7 E, ,7,0,0,0,0.00055263459899985
11308,Highway 403 E,Queen Elizabeth Way E,1,10239,61929572,188840000,0.00319068895099958
11309,Richmond St,King's Highway 4 S,4,0,0,0,0.000938360271960349
11310,Richmond St,King's Highway 4 N,4,0,0,0,0.00105682023070513
11311,Richmond St,King's Highway 4 S,4,0,0,0,0.000320689881353675
11312,Richmond St,King's Highway 4 N,4,0,0,0,0.000345706522952167
11313,Highway 58 S, ,58,657,2335768,951000,0.00149960128033364
11314,Richmond St,King's Highway 4 S,4,0,0,0,0.000133296661591552
11315,Richmond St,King's Highway 4 S,4,0,0,0,0.000244738636144789
11316,Richmond St,King's Highway 4 N,4,0,0,0,0.000130361037126093
11317,Yonge St, ,11,0,0,0,0.00364320603652733
11318,Yonge St, ,11,0,0,0,0.00185275663200516
11319,Regional Road 7 E, ,7,0,0,0,0.00423545485726551
11320,Highway 7 E,King's Highway 6 S,6,1642,4839088,39882000,0.000760376067448509
11321,Highway 401 W,Macdonald-Cartier Fwy W,401,4356,41791192,158807000,0.00393701448332327
11322,Highway 401 E, ,401,3860,46934386,168118000,0.00353213069832656
11323,Regional Road 7 E, ,7,0,0,0,0.000736491683594339
11324,Highway 400 N, ,400,8201,38575420,122918000,0.00402954988801575
11325,Kingston Rd W,Regional Highway 2,2,0,0,0,0.00011140017954164
11326,Highway 401 Expy,Macdonald-Cartier Fwy E,401,11283,67836437,246174000,0.025981004205573
11327,Regional Hwy 2,Highway 2,2,0,0,0,0.000748647447038875
11328,Dundas St W,Regional Highway 2,2,0,0,0,0.00184812637880606
11329,Highway 401 Expy,Macdonald-Cartier Fwy W,401,12270,59411246,224006000,0.00875345732893542
11330,Kingston Rd,Highway 2,2,0,0,0,0.00271416469653118
11331,Highway 401 W,Macdonald-Cartier Fwy W,401,5617,55336342,199035000,0.0087368498902198
11332,Tc Hwy W,King's Highway 417 W,417,1448,8442025,37016000,0.0143636080160795
11333,Highway 420, ,420,85,0,0,0.00103408949250739
11334,Highway 115,King's Highway 7 E,7,1178,5048698,12559000,0.0339871261694195
11335,Highway 11 N, ,11,2106,11837215,31446000,0.00187006525717583
11336,Bovaird Dr E,King's Highway 7 E,7,1505,2839381,14463000,0.000568081860310348
11337,Main St S,Highway 10,10,0,0,0,0.00347602096482341
11338,Highway 410 N, ,410,6662,33398542,95187000,0.00361855557332055
11339,Regional Road 107,Highway 7,7,0,0,0,0.0012708454264594
11340,Regional Road 107,Highway 7,7,0,0,0,0.00204200537467088
11341,Regional Road 107,Highway 7,7,0,0,0,0.00139275913206907
11342,Highway 400 N, ,400,3878,27583643,86341000,0.00363391568776308
11343,Highway 401 W,Macdonald-Cartier Fwy W,401,4755,40602454,170148000,0.00253889208122113
11344,King St E,King's Highway 8 E,8,0,0,0,0.00637472078011512
11345,Main St E,Hwy 8,8,0,0,0,0.000893409010485546
11346,Highway 401 Collector,Macdonald-Cartier Fwy W,401,12025,63055914,268298000,0.00306111529915866
11347,Yonge St, ,11,0,0,0,0.00265362464223389
11348,Yonge St, ,11,0,0,0,0.00266097873727345
11349,Highway 401 W,Macdonald-Cartier Fwy W,401,4754,40602454,170148000,0.0109155238930998
11350,Queen Elizabeth Way E, ,1,5758,37541294,136767000,0.00210521659218643
11351,County Road 1, ,11,0,0,0,0.00110781316115306
11352,Highway 401 E, ,401,6459,51645213,184347000,0.00274766088300878
11353,Tc Hwy W, ,417,851,5411926,20870000,0.0921320850808472
11354,Regional Hwy 2,Highway 2,2,0,0,0,0.00105343485799812
11355,Highway 403 E, ,403,4839,25446513,87263000,0.00635660203879464
11356,King St W,Regional Highway 2,2,0,0,0,0.00799077375974779
11357,Queen Elizabeth Way W, ,1,5309,45140828,131509000,0.018533318094275
11358,Highway 11, ,11,768,7460910,30712000,0.000579473036467633
11359,Tc Hwy W, ,417,851,5411926,20870000,0.006128904787295
11360,Highway 6 N,Hanlon Expy,6,1118,4244574,19706000,0.00049451794706333
11361,Highway 416 N, ,416,837,7710199,16683000,0.005224001788427
11362,Highway 416 S,Veteran's Memorial Highway,416,914,4869550,17999000,0.00566695816132728
11363,Dundas St E,Regional Highway 2,2,0,0,0,0.000796840009038393
11364,Highway 401 W,Macdonald-Cartier Fwy W,401,5512,54681772,198309000,0.00473782559496573
11365,Dundas St E,County Road 2,2,0,0,0,0.0164045325040463
11366,Tc Hwy E, ,417,1979,7159694,15234000,0.0153447156542573
11367,Centennial Pky,Hwy 20,20,0,0,0,0.00011294689014158
11368,Centennial Pky N,Hwy 20,20,0,0,0,0.000109252002248051
11369,HIGHWAY 404 COLLECTOR SOUTH,Highay 404 Collector,404,5221,9877165,76292000,0.00237523634783943
11370,HIGHWAY 404 SOUTH, ,404,5221,9877165,76292000,0.0037536870383473
11371,Highway 6 S,Hanlon Expy,6,1544,6911003,34725000,0.000379005277028795
11372,Highway 400 N, ,400,3615,32387614,100774000,0.00167027555391326
11373,Highway 400 S, ,400,3809,28315653,61467000,0.00507319822555369
11374,Hurontario St,Highway 10,10,0,0,0,0.00323547953107663
11375,Highway 401 W,Macdonald-Cartier Fwy W,401,5165,43865821,180459000,0.00369357514337165
11376,Highway 401 W,Macdonald-Cartier Fwy W,401,5712,44167371,179171000,0.00447519845770146
11377,Highway 401 E,Macdonald-Cartier Fwy E,401,7010,53110136,185179000,0.001734123409659
11378,Highway 401 Collector,Macdonald-Cartier Fwy E,401,5376,13099909,64221000,0.00531267869148119
11379,Highway 403 W,Queen Elizabeth Way W,1,8296,48192428,143862000,0.00558867159603179
11380,Regional Road 7 E,Highway 7,7,0,0,0,0.00291217519356892
11381,Tc Hwy W, ,417,846,5420662,20904000,0.00465757237130253
11382,Tc Hwy E,King's Highway 417 E,417,3516,9362959,22640000,0.00554458089718665
11383,Queen Elizabeth Way W, ,1,8466,44151686,126983000,0.0106041381331286
11384,Veteran's Memorial Hwy, ,16,334,2699489,2742000,0.000194077304219712
11385,Queen St E, ,7,0,0,0,0.00017647946055956
11386,Tc Hwy W, ,417,3814,8205236,44545000,0.00338547635762081
11387,Main St E,Hwy 8,8,0,0,0,0.0103723827970219
11388,Main St E,Hwy 8,8,0,0,0,0.00257500388467372
11389,King St E,Hwy 8,8,0,0,0,0.00264256783341417
11390,County Road 1, ,11,0,0,0,0.000853825509098669
11391,Highway 401 E, ,401,4664,48254220,167339000,0.000290558083701599
11392,Highway 401 E,Macdonald-Cartier Fwy E,401,6024,49782585,178423000,0.010631713719433
11393,Regional Road 7 W, ,7,0,0,0,0.00136075897937796
11394,Highway 401 W, ,401,4924,39140241,155303000,0.00561275184947799
11395,Highway 58 N, ,58,719,1229873,1339000,0.00668542999816344
11396,Hurontario St,Highway 10,10,154,2889215,11474000,0.00135405317475766
11397,Tc Hwy E, ,417,1312,4303391,11951000,0.0607984093973944
11398,Highway 7, ,7,616,2651161,7709000,0.00809232309069639
11399,Veteran's Memorial Hwy, ,16,334,2699489,2742000,0.00575120520098359
11400,Highway 403 E,Queen Elizabeth Way E,1,9122,59073089,189838000,0.00951289407415961
11401,Highway 403 W,Queen Elizabeth Way W,1,8428,49829323,142678000,0.0101770603913318
11402,Highway 403 E,Queen Elizabeth Way E,1,8942,59776969,189029000,0.0064380872789751
11403,Veteran's Memorial Hwy,King's Highway 16 N,16,334,2699489,2742000,0.00249198752361901
11404,Highway 7, ,7,671,2694337,8037000,0.00558555948209316
11405,Highway 11 N, ,11,2141,11813982,31414000,0.0797594388681103
11406,Highway 400 N, ,400,3878,27583643,86341000,0.0155409129286625
11407,Highway 400 S, ,400,3731,27244975,50906000,0.0143886656189882
11408,Hurontario St,Highway 10,10,0,0,0,0.00253364419602295
11409,Highway 401 E,Macdonald-Cartier Fwy E,401,4923,50498564,177358000,0.0020556070453993
11410,Highway 401 E, ,401,4398,47349487,169532000,0.0934425395331208
11411,Bath Rd,County Road 33,33,0,0,0,0.0125372076538985
11412,Queenston Rd,Hwy 8,8,0,0,0,0.000480485171481047
11413,Tc Hwy W,King's Highway 417 W,417,1128,8442025,37016000,0.0380119539447417
11414,Tc Hwy W,King's Highway 417 W,417,1128,8442025,37016000,0.00283402444451096
11415,Highway 6,King's Highway 6 N,6,1060,5435091,16485000,0.00931635179822909
11416,Highway 403 W,King's Highway 6 S,403,4582,13883991,42852000,0.0055173097219369
11417,Highway 403 W,King's Highway 6 S,403,4596,13821154,42724000,0.00424848120063403
11418,Main St W,Hwy 8,8,4674,18096839,65907000,0.00681678903476216
11419,Highway 403 W,King's Highway 6 S,403,4596,13821154,42724000,0.00709300719667524
11420,Highway 6,King's Highway 6 S,6,2474,15641750,30688000,0.00937420713064046
11421,Highway 6,King's Highway 6 N,6,1060,5435091,16485000,0.0072782734504768
11422,Highway 6,King's Highway 6 S,6,2985,15641923,30688000,0.00269321458155681
11423,Main St W,Hwy 8,8,0,0,0,0.00490931598652573
11424,King St W,Hwy 8,8,0,0,0,0.00488767680744066
11425,King St W,Hwy 8,8,0,0,0,0.00489559417435063
11426,Main St W,Hwy 8,8,0,0,0,0.00514892386276178
11427,Highway 402 W, ,402,2498,23025668,69702000,0.0737862145693786
11428,Highway 401 Collector,Macdonald-Cartier Fwy E,401,5376,13099909,64221000,0.0049589986231115
11429,Highway 40 N, ,40,460,3014635,6447000,0.00115852880846506
11430,Markham Rd,Hwy 48,48,0,0,0,0.00715948309546328
11431,Highway 401 E,Macdonald-Cartier Fwy E,401,4741,39902532,215354000,0.0035931683770694
11432,Highway 401 W,Macdonald-Cartier Fwy W,401,4856,43265569,182238000,0.00376704591020629
11433,Tc Hwy W,King's Highway 417 W,417,5584,10150880,40606000,0.00622668636837614
11434,Highway 403 W, ,403,3819,18552928,57042000,0.00209611670954209
11435,Highway 403 E,Queen Elizabeth Way E,1,9122,59073089,189838000,0.00699660595362739
11436,Tc Hwy E,King's Highway 417 E,417,967,5289730,13978000,0.100052594319425
11437,Highway 401 W,Macdonald-Cartier Fwy W,401,4252,41269132,170674000,0.130376600628758
11438,Highway 403 E,Queen Elizabeth Way E,1,9532,58836776,188508000,0.00482413960595494
11439,Highway 403 W,Queen Elizabeth Way W,1,7345,48656091,143929000,0.00536914842935556
11440,Highway 403 E,Queen Elizabeth Way E,1,8003,62354872,190217000,0.0079195317763922
11441,Markham Rd, ,48,0,0,0,0.00121436023650043
11442,Markham Rd,Hwy 48,48,0,0,0,0.000140089257267036
11443,Tc Hwy W,King's Highway 417 W,417,2017,9403189,39435000,0.00758176695074551
11444,Tc Hwy E, ,417,1979,7159694,15234000,0.00266705450564451
11445,Tc Hwy E, ,417,1004,6936292,15319000,0.00594012598654975
11446,Tc Hwy W, ,417,740,5343834,21498000,0.0089019241489891
11447,Tc Hwy W,King's Highway 417 W,417,824,5411191,20863000,0.00749774159023967
11448,Tc Hwy E, ,417,985,5289730,13978000,0.00849884405390064
11449,Tc Hwy E, ,417,916,4898802,14011000,0.00605892009388927
11450,Highway 401 W,Macdonald-Cartier Fwy W,401,4352,41504630,158831000,0.00569183206008901
11451,Highway 401 W,Macdonald-Cartier Fwy W,401,5365,39687768,172058000,0.155275247792971
11452,Highway 401 W,Macdonald-Cartier Fwy W,401,4595,39544518,171890000,0.0121564204103833
11453,Highway 401 W,Macdonald-Cartier Fwy W,401,4498,41106905,163380000,0.00708232315345428
11454,Tc Hwy W,King's Highway 417 W,417,5553,9904635,40608000,0.000518767770747382
11455,Tc Hwy W,King's Highway 417 W,417,1448,8442025,37016000,0.0153176983532409
11456,Queen Elizabeth Way E, ,1,4838,33521847,132976000,0.0190109416550973
11457,Highway 85 S,Conestoga Pky S,85,2420,4830984,18095000,0.0173176109943214
11458,Highway 403 E,Queen Elizabeth Way E,1,8003,62354872,190217000,0.00888712004465272
11459,Highway 11 N, ,11,2365,11837215,31446000,0.015219054025545
11460,Highway 11 S, ,11,2194,18335397,25254000,0.00815893687552003
11461,Highway 11 N, ,11,2364,11847401,32144000,0.00770748413457155
11462,Highway 11 S, ,11,2194,18335397,25254000,0.00137539267120389
11463,Highway 11 N, ,11,2364,11847401,32144000,0.00213828553424877
11464,Highway 403 W, ,403,4554,17304661,66702000,0.00777876261434383
11465,Regional Road 5,Hwy 5,5,489,782066,2876000,0.0022411500860255
11466,Dundas St E,Regional Road 5,5,0,0,0,0.00090426765949825
11467,Dundas St E,Regional Road 5,5,0,0,0,0.00368356498952018
11468,Highway 11 N, ,11,2365,11837215,31446000,0.00161461853078749
11469,Highway 11 S, ,11,1953,17711472,24070000,0.00409159301862096
11470,Highway 11 N, ,11,2106,11837215,31446000,0.0155256128509738
11471,Highway 11 S, ,11,1953,17711472,24070000,0.0117850895499139
11472,Highway 11 S, ,11,1918,17439966,21365000,0.0159664752042788
11473,Highway 11 N, ,11,2141,11813982,31414000,0.015906623149196
11474,Highway 11 S, ,11,1925,17431117,21358000,0.0013370033657531
11475,Highway 11 N, ,11,2134,11813522,31382000,0.00123355178249858
11476,Highway 11 S, ,11,1373,17431117,21358000,0.00119102596778819
11477,Highway 11 N, ,11,1523,11813522,31382000,0.0153819589568242
11478,Highway 11 S, ,11,1373,17431117,21358000,0.0151805527650002
11479,Highway 11 S, ,11,1374,17439257,21402000,0.00137224268990308
11480,Highway 11 N, ,11,1522,11813522,31382000,0.000729212761846188
11481,Highway 401 W,Macdonald-Cartier Fwy W,401,3986,39232014,165859000,0.0055814960557851
11482,Highway 401 W,Macdonald-Cartier Fwy W,401,5365,39687768,172058000,0.0050139833822835
11483,Queen Elizabeth Way W, ,1,7332,47930076,140668000,0.0377483209731675
11484,Highway 401 E, ,401,6263,48529741,175295000,0.158211788780078
11485,Highway 401 W, ,401,4636,39292360,164250000,0.0111596667250101
11486,Tc Hwy E, ,417,973,5852818,13763000,0.00429404397765218
11487,Highway 401 Collector,Macdonald-Cartier Fwy E,401,19421,77137735,270394000,0.0110389448595122
11488,Bath Rd, ,33,0,0,0,0.00974178143371401
11489,Bath Rd, ,33,0,0,0,0.00122479702036687
11490,Bath Rd, ,33,0,0,0,0.000239426397898777
11491,Bath Rd, ,33,0,0,0,0.00023690715484687
11492,Highway 401 W, ,401,4924,39140241,155303000,0.0120378010269337
11493,Highway 401 W, ,401,4964,39329049,155466000,0.0201573858558679
11494,Highway 401 W, ,401,4636,39292360,164250000,0.000168404275468813
11495,Highway 401 W, ,401,4924,39140241,155303000,0.000896988851682555
11496,HIGHWAY 401 TO HIGHWAY 401 COLLECTOR, ,401,15323,69442312,248135000,0.00689375112683923
11497,Bath Rd,County Road 33,33,0,0,0,0.000482247923811068
11498,Highway 401 W, ,401,4636,39292360,164250000,0.00681877098863645
11499,Highway 401 E, ,401,5218,48513013,167973000,0.0356230776786431
11500,Highway 401 E,Macdonald-Cartier Fwy E,401,5275,49011862,169166000,0.00358151034154498
11501,Shantz Hill Rd,King's Highway 8 E,8,3299,1578952,6882000,0.00150086060352762
11502,Highway 401 E, ,401,5218,48513013,167973000,0.010266629204047
11503,Highway 401 W,Macdonald-Cartier Fwy W,401,4506,39501497,166177000,0.0114469402781252
11504,Bovaird Dr E,King's Highway 7 W,7,0,0,0,0.00381839605778777
11505,Highway 58 N, ,58,719,1229873,1339000,0.00886913977614391
11506,Highway 58 N, ,58,743,1138163,1144000,0.00371075798819879
11507,Highway 58 S, ,58,657,2335768,951000,0.0034957371901024
11508,Queen Elizabeth Way E, ,1,4613,26189843,119240000,0.00506353060163396
11509,Queen Elizabeth Way W, ,1,5215,36469475,119170000,0.0267789049041413
11510,Highway 401 W, ,401,4515,39581039,165376000,0.00811051331175197
11511,Highway 401 E, ,401,6262,48516987,175178000,0.00257167103613845
11512,Tc Hwy W,King's Highway 417 W,417,944,9988635,38882000,0.00469593853900185
11513,Queen Elizabeth Way W, ,1,2406,20099917,80034000,0.0102355796166782
11514,Garrison Rd,Regional Road 3,3,0,0,0,0.000735894805219607
11515,Queen Elizabeth Way E, ,1,4303,30395178,127653000,0.0748443514890411
11516,Tc Hwy E, ,417,985,5289730,13978000,0.00809410812814648
11517,Tc Hwy W, ,417,851,5411926,20870000,0.00697088836688393
11518,Highway 401 Collector,Macdonald-Cartier Fwy W,401,17002,68027819,215832000,0.0143453776370158
11519,Highway 20, ,20,0,0,0,0.000399867861322264
11520,Dundas St W,Hwy 5,5,0,0,0,0.00186056792404471
11521,Hurontario St,Highway 10,10,0,0,0,0.00197553455957947
11522,Dundas St W,Hwy 5,5,0,0,0,0.0015466242387891
11523,Highway 401 W,Macdonald-Cartier Fwy W,401,3974,41696966,159137000,0.0041051541793224
11524,Highway 403 W,Queen Elizabeth Way W,1,8158,49947053,145021000,0.00707114446351037
11525,Highway 403 E,Queen Elizabeth Way E,1,8942,59776969,189029000,0.0076357155617312
11526,Coronation Blvd,King's Highway 8 E,8,3217,1141633,2705000,0.000345398320778996
11527,Coronation Blvd,King's Highway 8 W,8,2775,534504,987000,0.000323246036298731
11528,Highway 401 E,Macdonald-Cartier Fwy E,401,6198,60604967,216176000,0.00124581481050887
11529,Highway 401 E,Macdonald-Cartier Fwy E,401,5875,54797105,197408000,0.0254257902974009
11530,Highway 401 W,Macdonald-Cartier Fwy W,401,5125,45849981,188663000,0.0179318459573253
11531,Highway 401 E,Macdonald-Cartier Fwy E,401,5926,55037328,192887000,0.00364878950173469
11532,Highway 401 E,Macdonald-Cartier Fwy E,401,6488,60605976,216106000,0.00154684417899961
11533,Highway 35 N,King's Highway 115 N,115,1571,5623578,18219000,0.00881935117647235
11534,Highway 403 W,Queen Elizabeth Way W,1,8828,49282422,145985000,0.00765173727812561
11535,Highway 403 W,Queen Elizabeth Way W,1,8296,48192428,143862000,0.00540769125486106
11536,Bath Rd, ,33,0,0,0,0.0036227462693221
11537,Highway 17a, ,17,659,9490064,37057000,0.000683479334035481
11538,Queen Elizabeth Way W, ,1,4750,32590076,81368000,0.0111027129682792
11539,Highway 416 S, ,416,1728,4714607,17979000,0.0741629276304278
11540,Highway 416 N,Veteran's Memorial Highway,416,1672,7538642,16824000,0.0574758107411174
11541,Tc Hwy W,King's Highway 417 W,417,1076,8323601,35051000,0.00613611519057576
11542,Hurontario St,Highway 10,10,231,663164,4540000,0.0124467462765361
11543,Highway 403 W,Queen Elizabeth Way W,1,7345,48656091,143929000,0.00409578404265704
11544,Highway 403 E,Queen Elizabeth Way E,1,8003,62354872,190217000,0.00431217244114696
11545,Highway 409 E, ,409,0,0,0,0.00255247533887046
11546,Shantz Hill Rd,King's Highway 8 E,8,3299,1578952,6882000,0.00133018833250686
11547,Highway 7 W,King's Highway 6 N,6,1159,5248430,25342000,0.000806206549216338
11548,Queen Elizabeth Way E, ,1,5902,43793218,99416000,0.00421061191284851
11549,Queen Elizabeth Way E, ,1,5471,43770576,99349000,0.00232523052616686
11550,Hurontario St,Highway 10,10,154,2889215,11474000,0.00196827789503324
11551,Hurontario St,Highway 10,10,154,2889215,11474000,0.00310962253305022
11552,Markham Rd, ,48,0,0,0,0.00410753474750376
11553,Dundas St E,Regional Road 5,5,0,0,0,0.00387518129150168
11554,Markham Rd,Main Street Markham S,48,0,0,0,0.000364078288317915
11555,Hurontario St,Highway 10,10,0,0,0,0.00831759174028114
11556,Hurontario St,Highway 10,10,0,0,0,0.00315063119740728
11557,Hurontario St,Highway 10,10,0,0,0,0.00316035518668332
11558,Hurontario St,Highway 10,10,0,0,0,0.00271804628953792
11559,Highway 401 E,Macdonald-Cartier Fwy E,401,16517,80351792,282685000,0.00843310692650442
11560,Highway 401 W,Macdonald-Cartier Fwy W,401,5512,54681772,198309000,0.00767750190394847
11561,Highway 401 W,Macdonald-Cartier Fwy W,401,5322,54987893,198316000,0.0137980181263736
11562,Highway 403 E, ,403,6025,19301014,73671000,0.00587815858769963
11563,Hurontario St,Highway 10,10,135,1651616,3977000,0.000567818633049044
11564,Highway 35 S,King's Highway 115 S,115,1068,11746947,12337000,0.000715942036765006
11565,Highway 35 S,King's Highway 115 S,115,1739,15194496,13033000,0.000652607845474797
11566,Huron Church Rd,King's Highway 3 W,3,4092,27678731,157228000,0.00147096142099537
11567,Highway 404 S, ,404,2522,13969559,55186000,0.00545471255498027
11568,Highway 115 S, ,115,1048,5168906,6259000,0.048600800739353
11569,Regional Road 7 E,Highway 7,7,0,0,0,0.000147709173687958
11570,Highway 403 W, ,403,4233,19297011,51660000,0.00806544515142684
11571,King's Highway 3 W,King's Highway 3 W,3,288,26727672,124186000,0.0151166589758187
11572,Highway 6 S, ,6,1534,10841616,28587000,0.0101730697160741
11573,Talbot Rd,King's Highway 3 E,3,981,32548574,174766000,0.00101180190042434
11574,Highway 3 W,Talbot Rd,3,498,26895637,124388000,0.000672811955041649
11575,Regional Hwy 2,Highway 2,2,0,0,0,0.000259123522704591
11576,Highway 402 W, ,402,2187,22568211,71954000,0.0149038998586438
11577,Highway 401 W, ,401,4506,39501497,166177000,0.00290916945925132
11578,King St E,Hwy 8,8,0,0,0,0.00788944730104664
11579,Queenston Rd,Hwy 8,8,0,0,0,0.000649150213785431
11580,Queenston Rd,Hwy 8,8,0,0,0,0.000144156165314101
11581,Centennial Pky,Hwy 20,20,0,0,0,0.000114769333899549
11582,Highway 403 E, ,403,5846,18545756,73726000,0.00714048026383068
11583,Hurontario St,Highway 10,10,135,1651616,3977000,0.00500148657600211
11584,Highway 427 S, ,427,8021,19860040,82609000,0.00530199950206164
11585,Highway 11 N, ,11,1523,11813522,31382000,0.0152127127265444
11586,Queen Elizabeth Way E, ,1,1975,15794008,77309000,0.00535845124977232
11587,Queen Elizabeth Way W, ,1,2560,20270728,79877000,0.00562377362051932
11588,Highway 427 S, ,427,8669,10529680,40287000,0.00481519644744528
11589,Highway 403 E, ,403,5846,18545756,73726000,0.00951321066115376
11590,Highway 401 W,Macdonald-Cartier Fwy W,401,3689,29357140,152633000,0.00769041916101426
11591,Highway 401 E, ,401,5057,51932411,182332000,0.00535479702213228
11592,Highway 401 Collector,Macdonald-Cartier Fwy W,401,12270,59411246,224006000,0.00412105150612808
11593,Gardiner Expressway Collectors, ,1,0,0,0,0.00167777741612057
11594,Queen Elizabeth Way E, ,1,1613,16640332,78967000,0.00206310399107411
11595,Regional Road 5,Hwy 5,5,688,594409,8946000,0.00208535704373242
11596,Highway 410 S, ,410,7141,28684345,121605000,0.0111691001378623
11597,Hurontario St,Highway 10,10,0,0,0,0.000503357725668373
11598,Hurontario St,Highway 10,10,0,0,0,0.00037234526991518
11599,Hurontario St,Highway 10,10,0,0,0,0.000475572286811376
11600,Hurontario St,Highway 10,10,0,0,0,0.000304384625108197
11601,Hurontario St,Highway 10,10,0,0,0,0.00286242351968924
11602,Bovaird Dr E,King's Highway 7 W,7,0,0,0,0.00442831655148079
11603,Highway 403 W,Queen Elizabeth Way W,1,8186,48524858,143168000,0.00952709729596552
11604,Highway 402 E, ,402,2894,26393730,123235000,0.00952643164271987
11605,Main St S,Highway 10,10,0,0,0,0.00257668721423212
11606,Hurontario St,Highway 10,10,0,0,0,0.000117592516755089
11607,Hurontario St,Highway 10,10,0,0,0,0.000112004464198167
11608,Highway 401 E, ,401,5712,51445819,183209000,0.00431685671570919
11609,Tc Hwy W,King's Highway 417 W,417,824,5411191,20863000,0.096539458326327
11610,Highway 402 E, ,402,3011,26527798,123522000,0.0108245150097362
11611,Tc Hwy E, ,417,6174,11994030,33759000,0.00617758717042309
11612,Highway 402 W, ,402,2292,22787308,68329000,0.100991279268404
11613,Highway 400 N, ,400,1405,9598178,44874000,0.0320060967543204
11614,Highway 401 W,Macdonald-Cartier Fwy W,401,15439,64295834,235037000,0.00928145712748052
11615,Highway 402 W, ,402,2292,22787308,68329000,0.00693705350839668
11616,Talbot Rd,King's Highway 3 E,3,706,32481758,174766000,0.00360157021973507
11617,Huron Church Rd,King's Highway 3 W,3,4092,27678731,157228000,0.00870550190820753
11618,Huron Church Rd,King's Highway 3 E,3,4264,34459644,205812000,0.00224768903543323
11619,Huron Church Rd,King's Highway 3 E,3,4264,34459644,205812000,0.00868651234582503
11620,Huron Church Rd,King's Highway 3 E,3,4264,34459644,205812000,0.00160719026813324
11621,Huron Church Rd,King's Highway 3 W,3,4092,27678731,157228000,0.00172544631906732
11622,Highway 402 W, ,402,2497,23042584,69857000,0.015754656500063
11623,Bloor St W,Hwy 5,5,0,0,0,0.00158295577949847
11624,Highway 404 S, ,404,2781,9910368,52397000,0.0031495615164227
11625,Highway 404 N, ,404,2571,16224924,19177000,0.00494446156875069
11626,Highway 404 N, ,404,2571,16224924,19177000,0.0055157505029172
11627,Highway 404 S, ,404,2781,9910368,52397000,0.00591121906126454
11628,Highway 404 N, ,404,1967,12021318,17497000,0.004298815839257
11629,Highway 401, ,401,10370,57707319,217971000,0.00859892344250603
11630,Markham Rd, ,48,0,0,0,0.00608723490688625
11631,Tc Hwy E, ,417,4600,9766727,29604000,0.000901299062472226
11632,Highway 401 E, ,401,5364,50740633,180980000,0.00369409135757915
11633,Highway 401 E, ,401,5712,51445819,183209000,0.00859826052605677
11634,Highway 401 W, ,401,5040,43105365,181714000,0.00925948589999554
11635,Highway 403 E, ,403,3758,24755951,83285000,0.00202734827594838
11636,Highway 401 E, ,401,4802,47318973,168977000,0.00572857479117674
11637,Highway 402 E, ,402,2588,26620612,124723000,0.101222852667878
11638,Highway 8 W,King St Bypass,8,2218,12005768,27243000,0.0040537862211747
11639,King St Bypass, ,8,3494,20842395,48035000,0.0165282685192345
11640,Highway 401 W,Macdonald-Cartier Fwy W,401,10153,66712694,239818000,0.00477150778308646
11641, , ,403,6031,16155849,64372000,0.0201732606885347
11642,Tc Hwy E,King's Highway 417 E,417,1577,7191448,15231000,0.0292732790108444
11643,Highway 400 N, ,400,1751,3889278,4372000,0.000918695140285179
11644,Highway 402 W, ,402,10773,22607752,68181000,0.00592002006283112
11645,Highway 427, ,427,17522,764308,1584000,0.00178258420447649
11646,Regional Road 7 W, ,7,0,0,0,0.00133519286995336
11647,Richmond St,King's Highway 4 S,4,0,0,0,0.00751481352809074
11648,Talbot Rd,King's Highway 3 E,3,838,1024501,1716000,0.0107991234507945
11649,Highway 403 W, ,403,4554,17304661,66702000,0.0179791980658171
11650,Highway 85 S,Conestoga Pky S,85,1018,3462201,11181000,0.00647031314564027
11651,Regional Road 107,Highway 7,7,0,0,0,0.000189552103660343
11652,Highway 6 N, ,6,666,3794780,14561000,0.00842340444725482
11653,Hwy 20, ,20,0,0,0,0.000894082394415235
11654,Queenston Rd,Hwy 8,8,0,0,0,0.00296157308707909
11655,Queenston Rd,Hwy 8,8,0,0,0,0.0007140266101863
11656,Highway 403 E,King's Highway 6 N,403,4674,18096839,65907000,0.00907238272722856
11657,King St W,Hwy 8,8,0,0,0,0.00132166750737456
11658,Queen Elizabeth Way W, ,1,10003,31975916,96089000,0.00540266573347077
11659,King St W,Hwy 8,8,0,0,0,0.00472266026199765
11660,Main St W,Hwy 8,8,0,0,0,0.00492735616042513
11661,Highway 416 S,Veteran's Memorial Highway,416,836,4761658,27219000,0.00219514099774901
11662,Tc Hwy W,King's Highway 417 W,417,944,9988635,38882000,0.00766747118635338
11663,Highway 406, ,406,1133,3764413,6021000,0.00640441505467456
11664,Regional Road 20, ,20,0,0,0,0.00014900826317702
11665,Highway 403 E,Queen Elizabeth Way E,1,9014,62330377,191035000,0.00542019308051007
11666,Highway 406 N, ,406,1071,1342883,3563000,0.00523212103649532
11667,Tc Hwy E, ,417,1021,4303391,11951000,0.00706287823011162
11668,Queen Elizabeth Way E, ,1,7971,39954004,133336000,0.00953393614321336
11669,Highway 403 E,Queen Elizabeth Way E,1,9532,58836776,188508000,0.0162558505857024
11670,Highway 11 S, ,11,2193,17711472,24070000,0.00128451780840333
11671,Tc Hwy W,King's Highway 417 W,417,1448,8434487,36980000,0.000220510770767235
11672,Highway 6 N, ,6,666,3794780,14561000,0.0147956541242482
11673,Highway 401 W,Macdonald-Cartier Fwy W,401,4584,42880586,180273000,0.00519041533945592
11674,Highway 11, ,11,1006,8884714,30445000,0.00351353438776497
11675,Gardiner Expressway W,Hwy 2 W,1,0,0,0,0.00939891450299796
11676,Highway 401 E, ,401,4512,47146623,169159000,0.00374941051818585
11677,Highway 400 S, ,400,8435,32882953,102202000,0.0252615181363067
11678,Tc Hwy E, ,417,1312,4303391,11951000,0.00134975294039518
11679,Regional Road 7 W, ,7,0,0,0,0.00601312966729618
11680,Highway 400 N, ,400,5535,32565430,99543000,0.00827915453343633
11681,Highway 401 E, ,401,4854,45693561,167645000,0.0365974049572245
11682,Bloor St W,Hwy 5,5,0,0,0,0.00173970629712397
11683,Dundas St W,Hwy 5,5,0,0,0,0.000682844052437678
11684,Tc Hwy E,King's Highway 417 E,417,1577,7191448,15231000,0.0609442163885372
11685,Highway 402 W, ,402,2536,22151009,67167000,0.00787726517318245
11686,Queen Elizabeth Way E, ,1,5902,43793218,99416000,0.0343080463615422
11687,Westside Rd,King's Highway 58 N,58,310,113782,95000,0.00217646425375801
11688,Regional Road 7 E, ,7,0,0,0,0.00920491070262473
11689,Regional Road 7 W, ,7,0,0,0,0.0321991840216669
11690,Regional Road 7 E, ,7,0,0,0,0.00320787156846789
11691,Queen Elizabeth Way W, ,1,2448,18452195,76700000,0.0620999796610674
11692,Highway 401 E, ,401,4481,46127383,175864000,0.00760256827691611
11693,Highway 401 W,Macdonald-Cartier Fwy W,401,4757,42909313,179664000,0.125251287589302
11694,Highway 406 S, ,406,1511,3964274,6167000,0.00305772215688846
11695,Richmond St,King's Highway 4 N,4,0,0,0,0.00607083289326666
11696,Highway 6 N,Hanlon Expy,6,1534,5463052,22889000,0.0220529172456682
11697,Highway 410 N, ,410,6051,32979533,95129000,0.010993803118727
11698,Hurontario St,Highway 10,10,0,0,0,0.00315380610466327
11699,Highway 403 E,Queen Elizabeth Way E,1,9014,62330377,191035000,0.0132750532180623
11700,Highway 7,Highway 115,7,1427,3296756,7886000,0.0308706524211305
11701,Queen Elizabeth Way E, ,1,5758,37541294,136767000,0.0186333403668046
11702,Highway 402 W, ,402,2536,22151009,67167000,0.131685297939008
11703,Huron Church Rd,King's Highway 3 E,3,3634,32395619,174165000,0.00321807652596772
11704,King's Highway 3 E,King's Highway 3 E,3,706,32481758,174766000,0.00154116261965999
11705,Highway 403 E, ,403,3910,24336306,81823000,0.00643552382062212
11706,Merritt Road, ,58,0,0,0,0.00254509183487537
11707,Highway 6 S, ,6,1533,10845265,28596000,0.0191233065192241
11708,Highway 6 S, ,6,1533,10845265,28596000,0.00305622937621171
11709,Queenston Rd,Hwy 8,8,0,0,0,0.000149254815648106
11710,Highway 20 E,Regional Road 20,20,0,0,0,0.00700359119281916
11711,Centennial Pky N,Hwy 20,20,0,0,0,0.000397034003550409
11712,Queenston Rd,Hwy 8,8,0,0,0,0.00188067035916345
11713,Highway 403 W,Queen Elizabeth Way W,1,7428,49789462,142499000,0.00571630162290945
11714,Highway 403 W, ,403,3708,18498103,57361000,0.0263837782229687
11715,Bovaird Dr E,King's Highway 7 W,7,0,0,0,0.00559691671654837
11716,Highway 6,King's Highway 6 S,6,2475,15641923,30688000,0.00720154420034795
11717,Highway 403 W, ,403,5655,16536353,64093000,0.0101009775805971
11718,Highway 427 Expy, ,427,14098,43534645,111773000,0.0111988074158476
11719,Gardiner Expressway W,Hwy 2 W,1,0,0,0,0.0185994814531007
11720,Queen Elizabeth Way W, ,1,10002,31976396,96380000,0.00581547535221929
11721,Gardiner Expressway Collectors, ,1,0,0,0,0.00151855852705999
11722,Gardiner Expressway Collectors, ,1,0,0,0,0.00285776475305355
11723,Gardiner Collectors, ,1,0,0,0,0.000605344529987606
11724,King St E,King's Highway 8 W,8,0,0,0,0.00315311718305784
11725,Highway 401 Expy,Macdonald-Cartier Fwy W,401,19427,87942211,336343000,0.0356475572697129
11726,Highway 401 Expy,Macdonald-Cartier Fwy E,401,16918,77003362,272014000,0.0486883235760909
11727,Highway 400 S, ,400,3999,30164112,63826000,0.0703491178418908
11728,Highway 400 N, ,400,3519,32635140,101774000,0.0561804063663646
11729,Highway 6 N,Hanlon Expy,6,998,4305829,19844000,0.0103646193610521
11730,Highway 11, ,11,921,8683421,29326000,0.00387861057100111
11731,Highway 401 Collector,Macdonald-Cartier Fwy E,401,15269,76961692,266486000,0.00593577051880904
11732,HIGHWAY 401 TO HIGHWAY 401 COLLECTOR, ,401,12270,59411246,224006000,0.00789803639374004
11733,Highway 401 Collector,Macdonald-Cartier Fwy W,401,12571,62797800,265772000,0.00276619223485716
11734,HIGHWAY 401 COLLECTOR TO HIGHWAY 401, ,401,15269,76961692,266486000,0.00860954421508767
11735,Highway 401 Expy,Macdonald-Cartier Fwy W,401,12571,62797800,265772000,0.0154876053518978
11736,Don Valley Pky S,Highway 404,404,3930,4985783,11508000,0.00234336444889859
11737,Kingston Rd,Highway 2,2,0,0,0,0.00559842345685026
11738,Highway 7 E,King's Highway 6 S,6,1631,4832927,39872000,0.000770730821976374
11739,Highway 401 Collector,Macdonald-Cartier Fwy W,401,13077,58989773,222193000,0.00326578361744588
11740,Highway 401 Collector,Macdonald-Cartier Fwy E,401,15323,69442312,248135000,0.00159552573163491
11741,Highway 401 Collector,Macdonald-Cartier Fwy E,401,15323,69442312,248135000,0.00398929533074645
11742,Highway 401 W,Macdonald-Cartier Fwy W,401,3581,41540096,165251000,0.0147695874893958
11743,Highway 404 S, ,404,2666,13376209,56359000,0.00897772364401986
11744,Regional Road 7 W, ,7,0,0,0,0.00423777541688483
11745,Highway 404 S, ,404,2702,13461579,57613000,0.00674085935010648
11746,Highway 115,King's Highway 7 E,7,1402,4907238,12316000,0.00437827579280425
11747,Highway 404 N, ,404,6441,20576766,57934000,0.00708368400847016
11748,Highway 404 S, ,404,3605,10130185,76628000,0.00499999489998274
11749,Highway 404 N, ,404,5581,22006155,58222000,0.00487390586612366
11750,Highway 404 S, ,404,3603,10130185,76628000,0.00541438925972219
11751,Regional Road 7 W,Highway 7,7,0,0,0,0.00599474991403019
11752,Highway 404 S, ,404,2781,9910368,52397000,0.0282023574763791
11753,Highway 404 S, ,404,2328,7715108,50191000,0.0048105598946373
11754,Highway 404 N, ,404,1967,12021318,17497000,0.00529228461386901
11755,Highway 404 S, ,404,2328,7715108,50191000,0.0056480543593489
11756,Markham Rd, ,48,0,0,0,0.00115918417691259
11757,Markham Rd, ,48,0,0,0,0.00221281868539501
11758,Markham Rd, ,48,0,0,0,0.0045311545597078
11759,Regional Road 7 E, ,7,0,0,0,0.000598171380089541
11760,Regional Road 7 E, ,7,0,0,0,0.000164550903975427
11761,Queen Elizabeth Way E, ,1,2192,15771624,77293000,0.0590999212210213
11762,Highway 401 E,Macdonald-Cartier Fwy E,401,12106,76107938,309580000,0.00670874905472527
11763,Queen Elizabeth Way W, ,1,3837,18829980,77641000,0.00760391844538782
11764,Queen Elizabeth Way E, ,1,2601,15895763,77414000,0.00707468298692812
11765,Highway 420, ,420,85,0,0,0.000926168991076435
11766,Queen Elizabeth Way W, ,1,1385,2749243,4957000,0.00653458593776432
11767,Queen Elizabeth Way E, ,1,4696,16505463,80168000,0.00685498643383036
11768,Queen Elizabeth Way E, ,1,4621,16669841,80242000,0.00398389537964849
11769,Highway 420, ,420,1445,231296,28000,0.00217082244226983
11770,Kingston Rd W,Regional Highway 2,2,0,0,0,0.0161509500448995
11771,Highway 420, ,420,85,0,0,0.00301884807365613
11772,Highway 401 Collector,Macdonald-Cartier Fwy W,401,10230,56533599,214809000,0.0134902952105431
11773,Highway 401 Expy,Macdonald-Cartier Fwy W,401,9057,56598624,213818000,0.03213893220244
11774,HIGHWAY 401 COLLECTOR TO HIGHWAY 401, ,401,9057,56598624,213818000,0.00897812374221067
11775,Highway 2A, ,2,0,0,0,0.0138528621277993
11776,HIGHWAY 401 TO HIGHWAY 401 COLLECTOR, ,401,12770,67792600,247371000,0.00650077040643535
11777,Kingston Rd,Regional Highway 2,2,0,0,0,0.00209809866308807
11778,Regional Hwy 2,Highway 2,2,0,0,0,0.000170425937031172
11779,Kingston Rd W,Regional Highway 2,2,0,0,0,0.00018363550855388
11780,Regional Hwy 2,Highway 2,2,0,0,0,0.000179078195171756
11781,Kingston Rd E,Regional Highway 2,2,0,0,0,0.00470076501050345
11782,Hwy 33,Bridge St,33,0,0,0,0.000623849340750602
11783,Highway 401 W,Macdonald-Cartier Fwy W,401,6572,55751297,206218000,0.0062497906390614
11784,Dundas St W,Regional Highway 2,2,0,0,0,0.00016504847770808
11785,Baldwin St S,Regional Road 12,12,0,0,0,0.000122808794509055
11786,Brock St N,Regional Road 12,12,0,0,0,0.000741512385629159
11787,Brock St N,Regional Road 12,12,0,0,0,0.000261938924165561
11788,Baldwin St S,Regional Road 12,12,0,0,0,0.0012106085247046
11789,Baldwin St S,Regional Road 12,12,0,0,0,0.000303660995171154
11790,Highway 401 E,Macdonald-Cartier Fwy E,401,7411,64733323,235348000,0.0107362142276989
11791,Hwy 27, ,27,0,0,0,0.000104278473320574
11792,Highway 401 W,Macdonald-Cartier Fwy W,401,5854,55363573,199283000,0.00331399759772591
11793,Highway 401 E,Macdonald-Cartier Fwy E,401,6972,61186682,215519000,0.0309279775555719
11794,Highway 401 W,Macdonald-Cartier Fwy W,401,5920,43665412,179799000,0.00235555384704042
11795,Highway 401 E,Macdonald-Cartier Fwy E,401,6509,55370566,197718000,0.0405378160440393
11796,Highway 401 E,Macdonald-Cartier Fwy E,401,6421,55699053,198435000,0.0888190901458365
11797,Highway 35 N,King's Highway 115 N,115,1177,5780801,18285000,0.0123113651947442
11798,Highway 35 S,King's Highway 115 S,115,1563,15207310,13101000,0.000795468415492783
11799,Highway 401 W,Macdonald-Cartier Fwy W,401,5104,46033747,189093000,0.0567660290199548
11800,Highway 401 E,Macdonald-Cartier Fwy E,401,5896,55671108,198430000,0.0344602478374521
11801,Highway 401 W,Macdonald-Cartier Fwy W,401,5104,46033747,189093000,0.0116277947973929
11802,Highway 115 S, ,115,1096,5722251,5737000,0.00774599948975874
11803,Highway 400 S, ,400,4501,29522240,65372000,0.0527588763213527
11804,Highway 400 N, ,400,4058,32465106,101810000,0.000703614951517485
11805,Highway 11 S, ,11,1373,17431117,21358000,0.0152571551345771
11806,Main St S,Highway 10,10,0,0,0,0.00328062992946321
11807,Highway 404 S, ,404,962,1119884,2160000,0.00735735260498987
11808,Highway 404 S, ,404,1947,7326839,46639000,0.0155926678753251
11809,Highway 404 S, ,404,2181,7399458,48414000,0.00532569014176964
11810,Highway 401 W,Macdonald-Cartier Fwy W,401,3581,41540087,165251000,0.00468130844703378
11811,Highway 401 W,Macdonald-Cartier Fwy W,401,3582,41540087,165251000,0.0154208111609169
11812,Highway 400 S, ,400,700,6487767,20383000,0.0371309643446333
11813,Highway 400 N, ,400,756,8546979,41849000,0.00578972090378582
11814,Highway 400 N, ,400,3615,32387614,100774000,0.0991943793992122
11815,Highway 115 N, ,115,1385,4708292,12815000,0.0229072638750203
11816,Highway 401 E,Macdonald-Cartier Fwy E,401,14871,80761890,282341000,0.0100659883046353
11817,Hurontario St,Highway 10,10,0,0,0,0.00351023750820608
11818,Hurontario St,Highway 10,10,0,0,0,0.003928199932798
11819,Highway 401 E,Macdonald-Cartier Fwy E,401,5098,50928154,177767000,0.101951828021218
11820,Highway 401 W,Macdonald-Cartier Fwy W,401,4334,41399766,171514000,0.00311381628136099
11821,Highway 401 E,Macdonald-Cartier Fwy E,401,4771,50928328,177792000,0.00326754013438962
11822,Highway 137 N, ,137,827,5778164,16427000,0.000480188504645393
11823,Highway 401 W,Macdonald-Cartier Fwy W,401,5564,42928883,181112000,0.0369578035358595
11824,Highway 416 N,Veteran's Memorial Highway,416,998,8909573,17089000,0.036942526286346
11825,Tc Hwy W,King's Highway 417 W,417,865,5381197,20857000,0.0727920561226741
11826,Tc Hwy W, ,417,846,5420662,20904000,0.0076298767535295
11827,Tc Hwy E, ,417,3908,9073334,22940000,0.00836268262154819
11828,Tc Hwy E, ,417,5843,12087138,33645000,0.00426730787264452
11829,Highway 416 N,Veteran's Memorial Highway,416,1654,7524063,16629000,0.00400206704387654
11830,Tc Hwy E, ,417,5393,10801376,25015000,0.00382243340605689
11831,Tc Hwy E, ,417,4084,10372316,30767000,0.00956716039001217
11832,Tc Hwy E, ,417,4796,10448190,30837000,0.0100730339248808
11833,Veteran's Memorial Hwy,King's Highway 16 S,16,338,2488978,6227000,0.00573190939579171
11834,Veteran's Memorial Hwy,King's Highway 16 S,16,338,2488978,6227000,0.00119048474665481
11835,Veteran's Memorial Hwy, ,16,334,2699489,2742000,0.00109846216231222
11836,Veteran's Memorial Hwy,King's Highway 16 S,16,338,2488978,6227000,0.00077393604383862
11837,Queen Elizabeth Way E, ,1,1613,16640332,78967000,0.010419308454497
11838,Highway 115,King's Highway 7 W,7,1009,5144666,6045000,0.035703572398986
11839,Tc Hwy W,King's Highway 417 W,417,2017,9403189,39435000,0.00285931152134438
11840,Highway 401 E,Macdonald-Cartier Fwy E,401,5500,51025449,178393000,0.00370046042045525
11841,Highway 401 W,Macdonald-Cartier Fwy W,401,4650,41375513,170678000,0.0028788219115464
11842,Highway 401 E, ,401,5722,50508626,176709000,0.00745794746011499
11843,Tc Hwy E, ,417,4659,9869551,30161000,0.00428899787175023
11844,Tc Hwy W,King's Highway 417 W,417,5380,10382430,50002000,0.00444985881480585
11845,Tc Hwy W,King's Highway 417 W,417,5360,12362595,48929000,0.00405550612451529
11846,Tc Hwy E, ,417,4692,10042949,29270000,0.00666238755924059
11847,Tc Hwy E, ,417,4690,10042949,29270000,0.00591823989468148
11848,Veteran's Memorial Hwy,King's Highway 16 S,16,338,2488978,6227000,0.000827923072513069
11849,Highway 401 W, ,401,4755,40602454,170148000,0.0836251655521686
11850,Highway 400 S, ,400,3170,25282342,48237000,0.0191300830712473
11851,Veteran's Memorial Hwy,King's Highway 16 S,16,338,2488978,6227000,0.00177200028218808
11852,Veteran's Memorial Hwy,King's Highway 16 S,16,338,2488978,6227000,0.00180072790837905
11853,Highway 401 W,Macdonald-Cartier Fwy W,401,4068,41903222,160462000,0.0950085890992035
11854,Highway 401 E, ,401,4512,47146623,169159000,0.00329040268962054
11855,Queen Elizabeth Way E, ,1,4303,30395178,127653000,0.00788909596381453
11856,Highway 400, ,400,714,9589404,42060000,0.00425021202579202
11857,Highway 400, ,400,1185,9209110,41041000,0.00962915666832032
11858,Tc Hwy E, ,417,4603,9766727,29604000,0.00493511405421556
11859,Highway 17 W, ,17,750,5023137,25106000,0.0511466653234181
11860,Highway 401 W,Macdonald-Cartier Fwy W,401,13493,64189240,233547000,0.0269023346277622
11861,Queen Elizabeth Way W, ,1,1750,20133165,79809000,0.00460041560045594
11862,Queen Elizabeth Way E, ,1,2192,16677496,78946000,0.0102352595044869
11863,Queen Elizabeth Way W, ,1,2560,20270728,79877000,0.00402346104242313
11864,Queen Elizabeth Way E, ,1,2192,16677496,78946000,0.00701048664128985
11865,Tc Hwy W,King's Highway 417 W,417,4953,14101735,46911000,0.00606841130639788
11866,Queen Elizabeth Way E, ,1,5810,40180231,96124000,0.00991601126250879
11867,Highway 58 N, ,58,618,1388496,1494000,0.0030003034342825
11868,Highway 58 S, ,58,626,2523773,1168000,0.00487008754947781
11869,Queen Elizabeth Way E, ,1,4576,32013469,129072000,0.0316449739218423
11870,Highway 401 W,Macdonald-Cartier Fwy W,401,5930,43740189,180115000,0.0128373001045808
11871,Westside Rd,King's Highway 58 S,58,134,173745,428000,0.00250213538996735
11872,Highway 401 E, ,401,6262,48516987,175178000,0.001303485327854
11873,Dundas St E,Hwy 5,5,0,0,0,0.00205316000353901
11874,Highway 11, ,11,46,652194,53000,0.00174362674756198
11875,Queen Elizabeth Way W, ,1,5404,44110326,134940000,0.00876260052841489
11876,Queen Elizabeth Way E, ,1,4501,29419983,127719000,0.0195673140879301
11877,Veteran's Memorial Hwy,King's Highway 16 S,16,338,2488978,6227000,0.00183045420262944
11878,Veteran's Memorial Hwy,King's Highway 16 S,16,415,2137799,5681000,0.00170866556118686
11879,Highway 406 N, ,406,837,1515659,4696000,0.0213753886071606
11880,Queen Elizabeth Way E, ,1,4819,26093708,119240000,0.0190464913920876
11881,Highway 427 Collector, ,427,14347,43569707,111901000,0.00175405798082269
11882,Queen Elizabeth Way W, ,1,6853,36805606,120800000,0.00721880458583591
11883,Highway 406 S, ,406,1401,6446700,6985000,0.00245683153281602
11884,Highway 427 Collector, ,427,13454,35423659,120532000,0.0015561805807548
11885,Highway 410 N, ,410,8163,20032979,50792000,0.0137468968263967
11886,Highway 410 N, ,410,6662,33398542,95187000,0.00661963256300243
11887,Regional Road 107,Highway 7,7,0,0,0,0.00820466951325368
11888,Queen Elizabeth Way E, ,1,2192,15771624,77293000,0.00470671475168003
11889,Highway 400, ,400,1237,8760017,39288000,0.00753322003177304
11890,County Road 1, ,11,0,0,0,0.039340633539397
11891,Highway 403 W,Queen Elizabeth Way W,1,9111,48811412,144448000,0.00537634381340456
11892,Highway 401 Collector,Macdonald-Cartier Fwy E,401,19325,79461350,289420000,0.00915337387505166
11893,Highway 401 E, ,401,5057,51932411,182332000,0.00284977434754244
11894,Westside Rd,King's Highway 58 N,58,310,113782,95000,0.00939378065883156
11895,Highway 403 E, ,403,4948,21297287,76541000,0.0105014123055141
11896,Regional Road 5,Hwy 5,5,489,782066,2876000,0.00315211485987984
11897,Queen Elizabeth Way E, ,1,2323,16611563,78887000,0.00823280351577728
11898,Highway 20, ,20,0,0,0,0.00248142167008479
11899,Queen Elizabeth Way E, ,1,1531,19619264,78625000,0.0185586505364003
11900,Queen Elizabeth Way E, ,1,7343,40828982,96893000,0.0123230422933437
11901,Queen Elizabeth Way E, ,1,1796,16178504,77315000,0.00447167936822913
11902,Queen Elizabeth Way E, ,1,1796,16178504,77315000,0.000628572208792133
11903,Queen Elizabeth Way E, ,1,1531,19619264,78625000,0.00408788791749466
11904,Queen Elizabeth Way W, ,1,4750,32590076,81368000,0.0109232900265498
11905,Queen Elizabeth Way E, ,1,10289,42120624,102993000,0.00297103880010656
11906,Queen Elizabeth Way W, ,1,5872,45834335,137837000,0.0166890634218873
11907,Queen Elizabeth Way W, ,1,5872,45834335,137837000,0.0162888215576877
11908,Highway 403 W,Queen Elizabeth Way W,1,9111,48811412,144448000,0.00548737792428277
11909,Queen Elizabeth Way W, ,1,5231,44925204,131362000,0.00782072280773856
11910,Queen Elizabeth Way W, ,1,5661,45433121,131757000,0.00838063599743599
11911,Highway 406, ,406,787,1207783,3292000,0.0203829906740779
11912,Highway 20, ,20,0,0,0,0.000597538751547473
11913,Highway 406 N, ,406,1199,2859804,5861000,0.00394339450992092
11914,Yonge St, ,11,0,0,0,0.00614270869547754
11915,Hurontario St,Highway 10,10,0,0,0,0.00833913594262916
11916,Highway 427 Expy, ,427,13702,36178828,120804000,0.0156263895463249
11917,Hurontario St,Highway 10,10,182,3075864,14118000,0.00377011105594543
11918,Highway 401 W,Macdonald-Cartier Fwy W,401,17163,63712907,233556000,0.0047857310571049
11919,Highway 427 N, ,427,5924,14256988,57266000,0.00563552056158934
11920,Regional Road 7 E, ,7,0,0,0,0.00688952727319566
11921,Hurontario St,Highway 10,10,201,1249660,5339000,0.00144050269004824
11922,Hurontario St,Highway 10,10,0,0,0,0.00271053067349548
11923,Hurontario St,Highway 10,10,0,0,0,0.00327482743726854
11924,Hurontario St,Highway 10,10,0,0,0,0.000407932592452997
11925,Highway 427 N, ,427,9254,16141961,50102000,0.00786550923068132
11926,Hwy 27, ,27,0,0,0,0.00924869900224564
11927,Yonge St, ,11,0,0,0,0.000190433715489512
11928,Highway 401 Collector,Macdonald-Cartier Fwy W,401,12025,63055914,268298000,0.00777911760358707
11929,Gardiner Expy W,Highway 2 W,2,0,0,0,0.00995445933179292
11930,Highway 427 Transfer, ,427,11835,36194482,120811000,0.00789411779861389
11931,Hwy 27, ,27,0,0,0,0.000675351760194427
11932,Hwy 27, ,27,0,0,0,0.000887286312325618
11933,Hwy 27, ,27,0,0,0,0.000183575597476259
11934,Hwy 27, ,27,0,0,0,0.00507542467326758
11935,Hwy 27, ,27,0,0,0,0.000562298852930233
11936,Hwy 27, ,27,0,0,0,9.71287805014712e-05
11937,Hurontario St,Highway 10,10,105,695447,3715000,0.00788473726691374
11938,Highway 427 Collector, ,427,14073,43533066,111581000,0.00193383519356524
11939,Hurontario St,Highway 10,10,231,663164,4540000,0.000744731495234627
11940,Highway 427 Collector and The Queensway, ,427,13154,31798353,107091000,0.0023017934436047
11941,Dundas St W,Hwy 5,5,0,0,0,0.000290353233156797
11942,Gardiner Expressway Collectors, ,1,0,0,0,0.00440926029803709
11943,Centennial Pky N,Hwy 20,20,0,0,0,0.00792884812147814
11944,Highway 6,King's Highway 6 N,6,1279,5435091,16485000,0.00433783791629932
11945,Highway 410 S, ,410,5852,12757295,43326000,0.00674340117769606
11946,Regional Road 7 W,Highway 7,7,0,0,0,0.006511561239963
11947,Highway 404 S, ,404,2962,11165641,56919000,0.0106699941286971
11948,Yonge St,County Road 1,11,0,0,0,0.00204844453181248
11949,Yonge St,County Road 1,11,0,0,0,0.00122792711507758
11950,Regional Road 7 E, ,7,0,0,0,0.005351584304455
11951,Highway 404 N, ,404,3618,26299656,58452000,0.00838259295932518
11952,Regional Road 7 W, ,7,0,0,0,0.00498882423743808
11953,Regional Road 7 E, ,7,0,0,0,0.00446368595446082
11954,Highway 404 N, ,404,5579,21992088,58178000,0.00670232706186509
11955,Highway 403 W,Queen Elizabeth Way W,1,8213,48623959,143764000,0.00230864838632425
11956,Highway 401 Collector,Macdonald-Cartier Fwy W,401,9057,56598624,213818000,0.0041560252662864
11957,Highway 401 Collector,Macdonald-Cartier Fwy W,401,9905,56647808,214764000,0.00633655041361016
11958,Highway 401 Collector,Macdonald-Cartier Fwy W,401,9905,56647808,214764000,0.00874113458591033
11959,Highway 401 Collector,Macdonald-Cartier Fwy E,401,12395,67855561,247426000,0.0106361152641121
11960,Highway 401 W,Macdonald-Cartier Fwy W,401,9972,56959696,210135000,0.00546226570131235
11961,Highway 401 E,Macdonald-Cartier Fwy E,401,10353,67296539,241028000,0.0109313763669589
11962,Highway 401 E,Macdonald-Cartier Fwy E,401,10353,67296539,241028000,0.00014601369797706
11963,Regional Hwy 2,Highway 2,2,0,0,0,0.000314784052982414
11964,Regional Hwy 2,Highway 2,2,0,0,0,0.000164975755791201
11965,Highway 401 W,Macdonald-Cartier Fwy W,401,7989,55934332,207702000,0.0051765771183074
11966,King St E,Regional Highway 2,2,0,0,0,0.00697699431272711
11967,Highway 401 E,Macdonald-Cartier Fwy E,401,6853,61178866,215477000,0.024199770351101
11968,Highway 401 W,Macdonald-Cartier Fwy W,401,1447,11280097,15240000,0.0142887241125193
11969,Highway 35 S,King's Highway 115 S,115,1569,11758578,12446000,0.00107902965668646
11970,Highway 35 S,King's Highway 115 S,115,1067,11746947,12337000,0.000812513384494545
11971,Highway 35 N,King's Highway 115 N,115,1472,5790403,18393000,0.000679100659723496
11972,Highway 35 N,King's Highway 115 N,115,1176,5780801,18285000,0.00438805881345687
11973,Highway 35 S,King's Highway 115 S,115,1068,11746947,12337000,0.0039332825695398
11974,Highway 401 E,Macdonald-Cartier Fwy E,401,6421,55699053,198435000,0.0122066762215268
11975,Tc Hwy W,King's Highway 417 W,417,1128,8442025,37016000,0.00501991092985987
11976,Queen Elizabeth Way W, ,1,2205,18474579,76716000,0.00870889398851574
11977,Highway 401 E, ,401,4658,48254220,167339000,0.0138691415101533
11978,Queen Elizabeth Way W, ,1,5231,36646071,120312000,0.00353772992862704
11979,Regional Road 7 E, ,7,0,0,0,0.00350055928616188
11980,Highway 400 S, ,400,5853,26549325,63556000,0.0107073292184156
11981,Regional Road 7 W, ,7,0,0,0,0.00503961052064937
11982,Highway 403 W,Queen Elizabeth Way W,1,8213,48623959,143764000,0.00708448480594625
11983,Highway 401 W,Macdonald-Cartier Fwy W,401,4608,39757359,172768000,0.00806680847523167
11984,Highway 17, ,17,596,6458992,38064000,0.0149569972030726
11985,Highway 427 Collector, ,427,14347,43569707,111901000,0.00175898287771306
11986,Highway 410 S, ,410,11837,39801107,170269000,0.00913340123841576
11987,Dundas St W,Hwy 5,5,0,0,0,0.00304449596486019
11988,Queen Elizabeth Way E, ,1,5814,40151320,95954000,0.00873183667066102
11989,Highway 403 E, ,403,5846,18545756,73726000,0.00469444743588008
11990,Highway 403 W, ,403,6394,17779793,66606000,0.00498648031225709
11991,Hurontario St,Highway 10,10,0,0,0,0.00318561388775889
11992,Hurontario St,Highway 10,10,0,0,0,0.00318105829276289
11993,Hurontario St,Highway 10,10,0,0,0,0.00271001764794631
11994,Highway 410 N, ,410,9643,43092681,141089000,0.00175670060057952
11995,Hurontario St,Highway 10,10,201,1249660,5339000,0.00478924210536881
11996,Highway 403 W, ,403,6394,17779793,66606000,0.00968990073908781
11997,Dundas St W,Hwy 5,5,0,0,0,0.00155723246559592
11998,Hwy 27, ,27,0,0,0,0.0192050714474165
11999,Highway 401 Collector,Macdonald-Cartier Fwy E,401,18198,80335030,284787000,0.00442661142051066
12000, , ,409,0,0,0,0.00349430164932967
12001,Yonge St, ,11,0,0,0,0.00181344096290876
12002,Highway 427 N, ,427,9746,17540703,58968000,0.0087389274289577
12003,Yonge St, ,11,0,0,0,0.00354781314526429
12004,Gardiner Expressway E,Hwy 2 E,1,0,0,0,0.0336958911847769
12005,Dundas St W,Hwy 5,5,0,0,0,0.000698361654121851
12006,Dundas St W,Hwy 5,5,0,0,0,0.000130770791874767
12007,Highway 427 Collector, ,427,14073,43533066,111581000,0.00680531091621171
12008,Dundas St W,Hwy 5,5,0,0,0,0.000922436447678901
12009,Gardiner Expressway Collectors, ,1,0,0,0,0.00346657658158435
12010,Highway 401 Collector, ,401,5376,13099909,64221000,0.00540342014969712
12011,Highway 400 N, ,400,8201,38575420,122918000,0.00522125937873236
12012,Highway 400 S, ,400,3999,30164112,63826000,0.00222846696185526
12013,Highway 400 N, ,400,3767,33321354,101839000,0.00471275005339775
12014,Regional Road 7 E, ,7,0,0,0,0.000105773342599492
12015,Regional Road 7 W, ,7,0,0,0,0.000116481758223298
12016,Highway 400 N, ,400,6976,34556316,109698000,0.0123185053749246
12017,Highway 400 N, ,400,5270,31877694,98718000,0.00514414373456497
12018,Yonge St, ,11,0,0,0,0.00300709730740236
12019,Yonge St,County Road 1,11,0,0,0,0.000539066786227711
12020, , ,401,13077,58989773,222193000,0.00753976906764
12021,Yonge St, ,11,0,0,0,0.0018530033486403
12022,Yonge St, ,11,0,0,0,0.000264848043216215
12023,Yonge St, ,11,0,0,0,0.00113950032906186
12024,Hurontario St,Highway 10,10,0,0,0,0.00659766804746316
12025,Highway 404 N, ,404,7911,19831644,57524000,0.00434008184391547
12026,Kingston Rd,Highway 2,2,0,0,0,0.00672991463422937
12027,Kingston Rd,Highway 2,2,0,0,0,0.000504103164060721
12028,Kingston Rd,Highway 2,2,0,0,0,0.000433761455170998
12029,Highway 404 N, ,404,3724,27132770,53620000,0.00725333154159702
12030,Regional Road 7 W, ,7,0,0,0,0.000159831160926845
12031,Regional Road 7 E, ,7,0,0,0,0.00298976423484245
12032,Markham Rd, ,48,0,0,0,6.72309452653895e-05
12033,Markham Rd, ,48,0,0,0,7.52396172129981e-05
12034,Markham Rd, ,48,0,0,0,0.00452521453925529
12035,Highway 405 W, ,405,1119,9077677,38665000,0.000927489345580781
12036,Queen Elizabeth Way E, ,1,4602,15878317,77996000,0.00312571478939418
12037,Highway 401 E,Macdonald-Cartier Fwy E,401,13128,67890402,245863000,0.00696431208906528
12038,Highway 401 E,Macdonald-Cartier Fwy E,401,10353,67296539,241028000,0.0109856855504295
12039,Highway 401 E,Macdonald-Cartier Fwy E,401,6472,60926237,216358000,0.0100638663632088
12040,Truck Inspection Access, ,401,5322,54987893,198316000,0.0138049332191064
12041,Highway 401 W,Macdonald-Cartier Fwy W,401,5322,54987893,198316000,0.00664318375792657
12042,Highway 401 W,Macdonald-Cartier Fwy W,401,5321,54916596,198235000,0.00269136612745211
12043,Highway 401 W,Macdonald-Cartier Fwy W,401,5321,54916596,198235000,0.00694467539383418
12044,Highway 401 W,Macdonald-Cartier Fwy W,401,5591,45010457,187270000,0.0306369476850502
12045,Highway 401 W,Macdonald-Cartier Fwy W,401,5104,46033747,189093000,0.0344676364027504
12046,Highway 401 E,Macdonald-Cartier Fwy E,401,6909,54938005,192930000,0.00764722331583961
12047,Highway 401 W,Macdonald-Cartier Fwy W,401,5294,45218836,183370000,0.0041061921951563
12048,Highway 400 S, ,400,4501,29522240,65372000,0.000586387244074275
12049,County Road 1, ,11,0,0,0,0.000581849636931656
12050,Highway 11 S, ,11,1918,17439966,21365000,0.0800330167216344
12051,Kingston Rd,Highway 2,2,0,0,0,0.00975863647625728
12052,Highway 35 S,King's Highway 115 S,115,0,0,0,0.000654964689137038
12053,Highway 115 N, ,115,1195,4709725,12819000,0.0719355369179727
12054,Highway 404 S, ,404,2801,14457680,58042000,0.00533230579842552
12055,Highway 404 S, ,404,4201,9877509,76293000,0.00626734666397049
12056,Highway 416 N,Veteran's Memorial Highway,416,868,8374033,17294000,0.0112281821096852
12057,Highway 416 S, ,416,806,4729329,28776000,0.00837921556950141
12058,Tc Hwy E, ,417,3908,9073334,22940000,0.00649398492389901
12059,Tc Hwy W, ,417,3814,8205236,44545000,0.00774213920528759
12060,Highway 416 N,Veteran's Memorial Highway,416,2755,5820375,15530000,0.00628589553680218
12061,Highway 416 N,Veteran's Memorial Highway,416,2060,5894280,15604000,0.00439746347320506
12062,Tc Hwy E, ,417,6276,11511716,33581000,0.00710930251154561
12063,Highway 416 N,Veteran's Memorial Highway,416,1672,7538642,16824000,0.00629971567736737
12064,Highway 401 W,Macdonald-Cartier Fwy W,401,4561,41184838,170393000,0.0150283085496537
12065,Highway 401 E, ,401,5475,50466040,177386000,0.0895422521769235
12066,Highway 85 N,Conestoga Pky N,85,971,3282110,6446000,0.00481069378987909
12067,Highway 85 N,Conestoga Pky N,85,3667,4789908,14228000,0.00398508032869111
12068,Highway 85 N,Conestoga Pky N,85,971,3282110,6446000,0.00536944842531379
12069,Highway 85 N,Conestoga Pky N,85,2285,4186150,10690000,0.00787752886582942
12070,Highway 85 S,Conestoga Pky S,85,2018,4724147,13399000,0.00512660287650706
12071,Highway 403 W,King's Highway 24 S,403,2676,19369356,45384000,0.0281325736187269
12072,Highway 401 E,Macdonald-Cartier Fwy E,401,7340,52943724,183094000,0.00628656485068218
12073,Regional Road 7 E,Highway 7,7,0,0,0,0.00759528519294305
12074,Highway 401 E, ,401,5364,50740633,180980000,0.0632098517361719
12075,Highway 7 E,Conestoga Pky N,7,1716,7247157,20983000,0.0135515472366789
12076,King St Bypass, ,8,3234,17151368,52346000,0.00696338905504368
12077,King St E,King's Highway 8 W,8,0,0,0,0.000558412929660931
12078,Shantz Hill Rd,King's Highway 8 E,8,3299,1578952,6882000,0.00449343070317644
12079,Highway 416 S, ,416,882,4604312,27232000,0.00276152353093102
12080,Highway 35 S,King's Highway 115 S,115,1484,11781518,12497000,0.0089911007762231
12081,Highway 6 S,Hanlon Expy,6,1392,6983221,34666000,0.000129201393173672
12082,Highway 7 W,King's Highway 6 N,6,1159,5248430,25342000,0.00754865636638694
12083,Highway 7 E,King's Highway 6 S,6,1631,4832927,39872000,0.00755450225361862
12084,Highway 401 Expy,Macdonald-Cartier Fwy W,401,9905,56647808,214764000,0.0357179532378973
12085,Highway 7 E,King's Highway 6 S,6,1659,4832927,39872000,0.000848512227390523
12086,HIGHWAY 401 TO HIGHWAY 401 COLLECTOR, ,401,10230,56533599,214809000,0.00962491253556579
12087,Main St E,Hwy 8,8,0,0,0,0.0077123555602561
12088,Highway 401 Collector,Macdonald-Cartier Fwy E,401,12770,67792600,247371000,0.00272659824686143
12089,Queen Elizabeth Way E, ,1,7134,36169304,132001000,0.00935883776687389
12090,Highway 403 W, ,403,3390,19297417,49991000,0.00708011537829883
12091,Highway 403 W, ,403,3464,19189826,50280000,0.00675631549795513
12092,Tc Hwy E, ,417,5843,12087138,33645000,0.0114279320221051
12093,Highway 6 S, ,6,1998,10654250,28531000,0.0105047970934455
12094,Kingston Rd,Regional Highway 2,2,0,0,0,0.000488419901310986
12095,Highway 6 S,Hanlon Expy,6,1938,9938925,41593000,0.00465899887166756
12096,Tc Hwy W, ,417,3814,8205236,44545000,0.00593194819868029
12097,Highway 6 S, ,6,1533,10845265,28596000,0.0029437751598965
12098,Highway 6 N, ,6,901,3998380,15426000,0.0151639730588824
12099,Tc Hwy E,King's Highway 417 E,417,2462,9362959,22640000,0.00855089538931061
12100,Tc Hwy E,King's Highway 417 E,417,2462,9362959,22640000,0.00621556239138343
12101,Tc Hwy E,King's Highway 417 E,417,1030,6931119,15295000,0.00491839612311958
12102,Tc Hwy E,King's Highway 417 E,417,1030,6931119,15295000,0.00741524537790424
12103,Highway 401 W,Macdonald-Cartier Fwy W,401,12204,60677972,227327000,0.00355675326052376
12104,Dundas St W,Regional Highway 2,2,0,0,0,0.000382576789692739
12105,Tc Hwy W, ,417,3221,7885263,43614000,0.01346046047132
12106,Tc Hwy E,King's Highway 417 E,417,2462,9362959,22640000,0.00756036450002813
12107,Tc Hwy E,King's Highway 417 E,417,3516,9362959,22640000,0.00114871972215958
12108,Tc Hwy E,King's Highway 417 E,417,3516,9362959,22640000,0.000851338945470574
12109,Highway 35 S,King's Highway 115 S,115,1484,11781518,12497000,0.000702359594520357
12110,Queenston Rd,Hwy 8,8,0,0,0,0.00197385641426427
12111,Tc Hwy W,King's Highway 417 W,417,5228,8465775,45526000,0.0103518749345038
12112,Tc Hwy W,King's Highway 417 W,417,5228,8465775,45526000,0.00513305022380098
12113,Tc Hwy E, ,417,5473,9150279,23192000,0.00569320657909021
12114,Highway 416 N, ,416,1347,4229022,12710000,0.00598044583174946
12115,Highway 416 S,Veteran's Memorial Highway,416,2016,4531564,8791000,0.00609710282214167
12116,Highway 403 W,Queen Elizabeth Way W,1,8451,49189811,145779000,0.0082997434626804
12117,Highway 403 E, ,403,4761,17414801,67662000,0.00871969371291857
12118,Highway 416 S,Veteran's Memorial Highway,416,2642,4396960,9143000,0.00706276341499449
12119,Highway 401 E,Macdonald-Cartier Fwy E,401,6853,61178866,215477000,0.00564477509721332
12120,Main St W,Hwy 8,8,0,0,0,0.00800140009225792
12121,Main St E,Hwy 8,8,0,0,0,0.00265633108555733
12122,Highway 403 W, ,403,3819,18552928,57042000,0.0132745358629972
12123,Queen Elizabeth Way W, ,1,9174,44292927,124697000,0.00465186694632722
12124,Tc Hwy W,King's Highway 417 W,417,5098,9786614,48580000,0.00566115700757762
12125,Highway 401 W,Macdonald-Cartier Fwy W,401,6569,55715512,206136000,0.00598980951017261
12126,Tc Hwy E, ,417,5603,9632066,24423000,0.000838318555211688
12127,Highway 35 S,King's Highway 115 S,115,1731,11758578,12446000,0.0181875750507572
12128,Highway 401 W,Macdonald-Cartier Fwy W,401,5569,46033747,189093000,0.0121664366891055
12129,Queen Elizabeth Way E, ,1,518,40144646,133373000,0.0283102044147774
12130,Highway 416 S, ,416,1736,4727543,17998000,0.00427667817586502
12131,Highway 401 W,Macdonald-Cartier Fwy W,401,4994,45191439,183131000,0.122138349969235
12132,Highway 403 W,Queen Elizabeth Way W,1,8428,49829323,142678000,0.00603341635861658
12133,Highway 403 E,Queen Elizabeth Way E,1,7971,58684873,188135000,0.00460510669366458
12134,Highway 403 W,Queen Elizabeth Way W,1,8428,49829323,142678000,0.00538166920951501
12135,Highway 403 W,Queen Elizabeth Way W,1,7419,49785073,142498000,0.00680491966052455
12136,Tc Hwy W,King's Highway 417 W,417,5553,9904635,40608000,0.00598739394497107
12137,Hurontario St,Highway 10,10,0,0,0,0.00558080782310648
12138,Highway 11 S, ,11,1373,17431117,21358000,0.00126081236112361
12139,Queen St E,Regional Road 107,7,0,0,0,0.00852633126382775
12140,Highway 401 W,Macdonald-Cartier Fwy W,401,11114,59804118,217238000,0.00809031748965639
12141,Highway 401 W,Macdonald-Cartier Fwy W,401,7899,56331589,207742000,0.00755671831058332
12142,Highway 6 S,Hanlon Expy,6,1553,7495497,35130000,0.00449929505229442
12143,Highway 400, ,400,698,10067418,42992000,0.00543087378532036
12144,Tc Hwy W,King's Highway 417 W,417,6337,8428691,45638000,0.00636743248538922
12145,Tc Hwy W,King's Highway 417 W,417,5098,9786614,48580000,0.0108553038571224
12146,Highway 401 Collector,Macdonald-Cartier Fwy E,401,14330,68602959,245870000,0.00505941284689827
12147,Highway 401 Expy,Macdonald-Cartier Fwy W,401,9057,56598624,213818000,0.0066791217937472
12148,Highway 401 E,Macdonald-Cartier Fwy E,401,4502,39655468,214993000,0.00527757098332618
12149,Tc Hwy W,King's Highway 417 W,417,5532,9335549,48202000,0.0046098213852232
12150,Tc Hwy E, ,417,4092,10482903,30680000,0.00960682705421685
12151,Tc Hwy W,King's Highway 417 W,417,5953,10353070,50033000,0.00814905153215011
12152,Highway 401 Expy,Macdonald-Cartier Fwy E,401,18198,80335030,284787000,0.0120149842664746
12153,Highway 401 E,Macdonald-Cartier Fwy E,401,7149,53972558,185922000,0.0127215745134224
12154,Highway 401 Expy,Macdonald-Cartier Fwy E,401,15269,76961692,266486000,0.0160988349020849
12155,Tc Hwy W,King's Highway 417 W,417,4554,10250192,49611000,0.0104337706163323
12156,Service Road, ,401,9775,89598342,311774000,0.012159288573313
12157,Highway 401 E,Macdonald-Cartier Fwy E,401,6909,54938005,192930000,0.00404402025297421
12158,Highway 401 Collector,Macdonald-Cartier Fwy E,401,11499,68095221,243572000,0.0166749336970523
12159,Highway 401 W,Macdonald-Cartier Fwy W,401,4383,33007365,144149000,0.0675967851708885
12160,Tc Hwy E, ,417,4796,10448190,30837000,0.00112010017501841
12161,Highway 403 E, ,403,5355,30031447,95507000,0.0189026979302995
12162,Highway 401 E,Macdonald-Cartier Fwy E,401,8798,71887985,347222000,0.0117435356769664
12163,Highway 401 E,Macdonald-Cartier Fwy E,401,8686,70826634,343846000,0.0104997155420061
12164,Highway 401 E,Macdonald-Cartier Fwy E,401,7886,72810574,343814000,0.00629045814941155
12165,Highway 401 E,Macdonald-Cartier Fwy E,401,7886,72810574,343814000,0.00633379405924922
12166,Highway 401 W,Macdonald-Cartier Fwy W,401,3682,29193446,151599000,0.00658044596175052
12167,Highway 401 W,Macdonald-Cartier Fwy W,401,4578,34216336,142706000,0.0737726096848687
12168,Highway 401 W,Macdonald-Cartier Fwy W,401,10774,64849616,235134000,0.00663557522104323
12169,Highway 401 W,Macdonald-Cartier Fwy W,401,10774,64849616,235134000,0.00678943002781729
12170,Bovaird Dr E,King's Highway 7 E,7,1505,2839381,14463000,0.00216654656077264
12171,Highway 401 E,Macdonald-Cartier Fwy E,401,11350,81476173,290396000,0.00695561238350882
12172,Highway 403 E, ,403,2145,20986604,70951000,0.131213342170969
12173,Highway 401 W,Macdonald-Cartier Fwy W,401,3726,32815546,159713000,0.0680710626665771
12174,Highway 401 W,Macdonald-Cartier Fwy W,401,3726,32815546,159713000,0.00666798050135258
12175,Highway 401 W,Macdonald-Cartier Fwy W,401,3936,32745721,159661000,0.0078644747994269
12176,Highway 401 W,Macdonald-Cartier Fwy W,401,3936,32745721,159661000,0.0189540635681395
12177,Highway 401 E,Macdonald-Cartier Fwy E,401,3852,38240739,205560000,0.0170723884238417
12178,Highway 401 E,Macdonald-Cartier Fwy E,401,4502,39655468,214993000,0.0735746282450398
12179,Highway 401 Collector,Macdonald-Cartier Fwy W,401,9196,56610356,213508000,0.0035322896155856
12180,Highway 401 Collector,Macdonald-Cartier Fwy E,401,11504,68095221,243572000,0.00523928583042626
12181,Highway 401 Collector,Macdonald-Cartier Fwy E,401,11541,68127500,246197000,0.00459305301544402
12182,Highway 401 E,Macdonald-Cartier Fwy E,401,10410,84902355,293726000,0.00603940050886378
12183,Highway 401 Collector,Macdonald-Cartier Fwy W,401,9240,56954603,213884000,0.00305024740349486
12184,Highway 401 W,Macdonald-Cartier Fwy W,401,5125,45849981,188663000,0.0327096583164172
12185,Highway 401 Collector,Macdonald-Cartier Fwy W,401,12424,63643982,269851000,0.00438891912952586
12186, , ,400,7124,26498841,69058000,0.00814508744420083
12187,Highway 410, ,410,2741,9952350,15213000,0.00684399069374469
12188,Highway 401 Collector,Macdonald-Cartier Fwy W,401,12366,62866935,267482000,0.00509860345054716
12189,Highway 401 W,Macdonald-Cartier Fwy W,401,8771,49291833,195998000,0.0183930641880465
12190,Highway 410, ,410,2741,9952350,15213000,0.00736125038983786
12191,Highway 401 W,Macdonald-Cartier Fwy W,401,11674,63917670,231121000,0.0257602464944358
12192,Tc Hwy W,King's Highway 417 W,417,3140,13861725,43009000,0.00751672076442378
12193,Highway 401 Collector,Macdonald-Cartier Fwy E,401,22223,102038549,358758000,0.0194904093663217
12194,Highway 401 Collector,Macdonald-Cartier Fwy W,401,19427,87942211,336343000,0.00320450560715584
12195, , ,402,2426,22336311,71143000,0.000993511273246658
12196,Highway 401 W,Macdonald-Cartier Fwy W,401,8737,62901449,232738000,0.0114221511369681
12197,Highway 401 E,Macdonald-Cartier Fwy E,401,9437,74551527,338585000,0.0106555558331493
12198,Highway 401 E,Macdonald-Cartier Fwy E,401,4678,40560061,217719000,0.00636259438523602
12199,Highway 401 W,Macdonald-Cartier Fwy W,401,4636,32895642,143760000,0.0360084558634736
12200,Tc Hwy E, ,417,1168,7056478,16397000,0.0845654804742528
12201,Highway 401 E,Macdonald-Cartier Fwy E,401,4391,40596125,217838000,0.00461181525846151
12202,Highway 401 Collector,Macdonald-Cartier Fwy W,401,12783,63924471,270184000,0.0047820702830277
12203,Highway 401 W,Macdonald-Cartier Fwy W,401,4534,34294993,144025000,0.00533750961304291
12204,Highway 401 E,Macdonald-Cartier Fwy E,401,3955,38174835,204691000,0.00704496108155752
12205,Highway 401 E,Macdonald-Cartier Fwy E,401,4614,40516963,217546000,0.00504361463132309
12206,Service Road, ,401,4614,40516963,217546000,0.013470692150581
12207,Service Road, ,401,4636,32895642,143760000,0.0131563909740974
12208,Highway 401 W,Macdonald-Cartier Fwy W,401,4835,35166374,163662000,0.00457696284759483
12209,Highway 401 E,Macdonald-Cartier Fwy E,401,4424,37417657,205183000,0.00474461922764441
12210,Highway 401 Collector,Macdonald-Cartier Fwy E,401,14535,75753393,269557000,0.00423354907239172
12211,Highway 400 N, ,400,3817,26063687,84203000,0.0161150945887377
12212,HIGHWAY 401 COLLECTOR TO HIGHWAY 401, ,401,12034,62878183,265968000,0.00447053272163707
12213,Highway 401 Collector,Macdonald-Cartier Fwy E,401,14526,75653371,268128000,0.00626275575466015
12214,Highway 401 E, ,401,4462,48496731,175316000,0.00843387455005371
12215,Highway 401 Collector,Macdonald-Cartier Fwy E,401,16517,80359464,282725000,0.0109373463287344
12216,Highway 401 Expy,Macdonald-Cartier Fwy W,401,16660,74568747,248742000,0.0125917009258327
12217,Highway 401 W,Macdonald-Cartier Fwy W,401,4383,33007365,144149000,0.00497127937398426
12218,Highway 402 W, ,402,2487,21691967,65629000,0.00486068783279645
12219,Highway 402 E, ,402,3377,27281252,122642000,0.00430261492555252
12220,Highway 401 E,Macdonald-Cartier Fwy E,401,4765,40578438,217903000,0.12937767109798
12221,Highway 401 W,Macdonald-Cartier Fwy W,401,4776,33031742,143825000,0.0042898204193724
12222,Highway 401 E,Macdonald-Cartier Fwy E,401,4762,40578438,217804000,0.00348203054385459
12223,Highway 402 W, ,402,2574,21304973,64314000,0.00304100720788574
12224,Highway 401 Collector,Macdonald-Cartier Fwy W,401,12034,62878183,265968000,0.00546907569841882
12225,Highway 402 E, ,402,3128,26908520,122027000,0.00395464824657696
12226,Highway 401 Collector,Macdonald-Cartier Fwy W,401,12571,62797800,265772000,0.0050709598373345
12227,Highway 401 E,Macdonald-Cartier Fwy E,401,3527,35900765,188290000,0.00695300149682077
12228,Highway 401 Collector,Macdonald-Cartier Fwy W,401,12025,63055914,268298000,0.00299122967177909
12229,Highway 401 E,Macdonald-Cartier Fwy E,401,11239,89850680,313730000,0.00488535213595016
12230,Rest Area, ,401,3582,41381496,164883000,0.00350185128524674
12231,Highway 401 W,Macdonald-Cartier Fwy W,401,7227,61743177,231986000,0.036134665884055
12232,Highway 401 W,Macdonald-Cartier Fwy W,401,4449,34216915,144025000,0.0694905421269544
12233,Highway 400 N, ,400,3878,27583643,86341000,0.00612549771245483
12234,Highway 85 N,Conestoga Pky N,85,4454,5099696,14633000,0.00745374648824781
12235,Highway 401 Collector,Macdonald-Cartier Fwy E,401,11283,67836437,246174000,0.00400363584845496
12236,HIGHWAY 401 TO HIGHWAY 401 COLLECTOR, ,401,9057,56598624,213818000,0.00787212522017043
12237,Highway 401 E,Macdonald-Cartier Fwy E,401,4332,38833821,207571000,0.00562273616732015
12238,Highway 401 E,Macdonald-Cartier Fwy E,401,12184,72927944,295760000,0.00730044342098044
12239,Highway 401 Collector,Macdonald-Cartier Fwy E,401,16001,76624593,270754000,0.0146691159461902
12240,Highway 7 W,King's Highway 8 W,7,1831,5852907,10377000,0.00930765297953688
12241,Highway 401 E,Macdonald-Cartier Fwy E,401,10116,79629128,327904000,0.00487231505453374
12242,Highway 401 E,Macdonald-Cartier Fwy E,401,11239,89850680,313730000,0.0351975603173353
12243,Highway 401 W,Macdonald-Cartier Fwy W,401,10735,58078546,220145000,0.00693788978424803
12244,Highway 401 W,Macdonald-Cartier Fwy W,401,11220,60496287,219734000,0.00557312284830874
12245,Highway 401 E,Macdonald-Cartier Fwy E,401,12184,72927944,295760000,0.00401843195356337
12246,Highway 400 S, ,400,5853,26549325,63556000,0.00476041229650295
12247,Highway 410 N, ,410,7336,39085003,122706000,0.0142757095124433
12248,Highway 401 E, ,401,5367,48572168,175384000,0.0136286930679342
12249,Highway 401 W,Macdonald-Cartier Fwy W,401,10153,66696004,239747000,0.0110768876657244
12250,Highway 401 W,Macdonald-Cartier Fwy W,401,8516,60465125,229052000,0.0143979260429638
12251,Highway 401 E,Macdonald-Cartier Fwy E,401,9292,70940890,331189000,0.0193996628788998
12252,Rest Area, ,401,8739,62763552,232450000,0.0114247128061806
12253,Highway 401 E,Macdonald-Cartier Fwy E,401,9435,74209942,337732000,0.0169254045324704
12254,Highway 401 W,Macdonald-Cartier Fwy W,401,8915,62373620,231927000,0.0281041996686827
12255,Highway 401 W,Macdonald-Cartier Fwy W,401,8915,62373620,231927000,0.0119045410254404
12256,Highway 401 E,Macdonald-Cartier Fwy E,401,9435,74209942,337732000,0.0402441992469922
12257,Highway 401 E,Macdonald-Cartier Fwy E,401,9435,74209942,337732000,0.00516146195188421
12258,Highway 401 E,Macdonald-Cartier Fwy E,401,9437,74551527,338585000,0.0178534174606331
12259,Highway 401 W,Macdonald-Cartier Fwy W,401,8737,62901449,232738000,0.00806371133209731
12260,Tc Hwy W,King's Highway 417 W,417,5446,10382430,50002000,0.00617768118228724
12261,Hwy 85 Collectors, ,85,3955,5748263,20288000,0.00563298327623269
12262,Highway 401 Expy,Macdonald-Cartier Fwy E,401,19721,101653211,360153000,0.0253446355137485
12263,Highway 401 Expy,Macdonald-Cartier Fwy E,401,22223,102038549,358758000,0.019893832086021
12264,Highway 401 W,Macdonald-Cartier Fwy W,401,7869,57524237,212182000,0.013844854527316
12265,Highway 401 E,Macdonald-Cartier Fwy E,401,4741,39902532,215354000,0.12357493966447
12266,Highway 401 W,Macdonald-Cartier Fwy W,401,7886,55624611,204926000,0.0100076412129592
12267,Highway 401 E,Macdonald-Cartier Fwy E,401,8410,66083169,334416000,0.0132274392194449
12268,Highway 401 W,Macdonald-Cartier Fwy W,401,11674,63917670,231121000,0.00963201181231603
12269,Highway 401 W,Macdonald-Cartier Fwy W,401,11456,64476132,235132000,0.0332733651053563
12270,Highway 401 E,Macdonald-Cartier Fwy E,401,11239,89850680,313730000,0.006541659791265
12271,Highway 401 W,Macdonald-Cartier Fwy W,401,12164,65726169,236130000,0.00700484859302811
12272,Highway 401 E,Macdonald-Cartier Fwy E,401,8407,66747631,338591000,0.008919614480027
12273,Highway 400, ,400,1186,9259299,41104000,0.00687051359929642
12274,Highway 401 Collector,Macdonald-Cartier Fwy W,401,19427,87942211,336343000,0.00908377851759213
12275,Highway 401 W,Macdonald-Cartier Fwy W,401,4774,32048338,138273000,0.00574704539084412
12276,Highway 401 E,Macdonald-Cartier Fwy E,401,11740,87256367,298761000,0.0120580648005941
12277,Tc Hwy, ,417,445,4957282,20515000,0.0101760002248737
12278, , ,401,18198,80335030,284787000,0.0127423804673293
12279,Highway 401 Expy,Macdonald-Cartier Fwy E,401,15323,69442312,248135000,0.0349877081651145
12280,Highway 400 S, ,400,4700,29522240,65372000,0.0221056688596729
12281,Highway 401 W,Macdonald-Cartier Fwy W,401,10774,64849616,235134000,0.00521917538396117
12282,Highway 401 E,Macdonald-Cartier Fwy E,401,11350,81476173,290396000,0.00619381633899027
12283,Highway 400 S, ,400,3809,28315653,61467000,0.0052634613952036
12284,Highway 401 Expy,Macdonald-Cartier Fwy E,401,14526,75653371,268128000,0.0288295650860351
12285,Highway 400 N, ,400,2171,21470143,76322000,0.0222157263301787
12286,Highway 401 Collector,Macdonald-Cartier Fwy E,401,15318,69427321,248065000,0.00812556043610844
12287,Highway 402, ,402,2544,23869453,121536000,0.00326632355686119
12288,Highway 401 E,Macdonald-Cartier Fwy E,401,9156,75416043,339089000,0.0255156515165894
12289,Highway 401 W,Macdonald-Cartier Fwy W,401,7369,46460687,191733000,0.00531344511679951
12290,Highway 403 E, ,403,2319,19877156,69615000,0.00720796289446611
12291,Highway 403 E, ,403,2407,20173513,70661000,0.0064149282726301
12292,Highway 401 Collector,Macdonald-Cartier Fwy E,401,14430,69844902,249238000,0.00461871096132801
12293,Highway 401 Collector,Macdonald-Cartier Fwy W,401,12290,59598903,224187000,0.00704268442110477
12294,Highway 401 W,Macdonald-Cartier Fwy W,401,7227,61743177,231986000,0.0144493618071898
12295,Highway 401 E,Macdonald-Cartier Fwy E,401,7886,72810574,343814000,0.0169908712474672
12296,Highway 401 W,Macdonald-Cartier Fwy W,401,4508,34216915,144025000,0.00494874342644893
12297,Highway 401 W,Macdonald-Cartier Fwy W,401,7227,61743178,231986000,0.00583668381084658
12298,Highway 401 E,Macdonald-Cartier Fwy E,401,11350,81476173,290396000,0.00888872769419095
12299,Highway 401 Collector,Macdonald-Cartier Fwy E,401,14330,68602959,245870000,0.00412544260027378
12300,Highway 401 Expy,Macdonald-Cartier Fwy E,401,18198,80335030,284787000,0.0210166651708579
12301,Highway 401 Collector,Macdonald-Cartier Fwy W,401,17002,68027819,215832000,0.0156441086211633
12302,Highway 401 Expy,Macdonald-Cartier Fwy E,401,18620,93606874,317380000,0.00999175263451576
12303,Highway 401 Expy,Macdonald-Cartier Fwy W,401,17130,78217420,261599000,0.00280024991932485
12304,Tc Hwy E, ,417,6911,9152458,23638000,0.00625018995786904
12305,Highway 401 Expy,Macdonald-Cartier Fwy E,401,18503,88636480,296394000,0.00672073716732492
12306,Highway 403 W, ,403,1937,16926718,41969000,0.00682341556296712
12307,Highway 401 Collector,Macdonald-Cartier Fwy W,401,17323,88148180,340629000,0.00566258230430584
12308,Highway 401 E, ,401,4462,48496731,175316000,0.088002865800639
12309,Highway 409 E, ,409,5762,12936671,63046000,0.00720002331478181
12310,Highway 400, ,400,774,9590525,42068000,0.00618827319762215
12311,Highway 401 Collector,Macdonald-Cartier Fwy W,401,19427,87942211,336343000,0.00491875655902717
12312,Highway 7 E,King's Highway 8 E,7,1691,10071253,16658000,0.0440516170898942
12313,Highway 7 E,King's Highway 8 E,7,1501,6869062,15916000,0.00558671634890918
12314,Highway 401 Expy,Macdonald-Cartier Fwy W,401,17130,78217420,261599000,0.00746037602488601
12315,Highway 401 Expy,Macdonald-Cartier Fwy E,401,18620,93606874,317380000,0.00461143298773183
12316,Highway 7 W,King's Highway 8 W,7,1958,5320009,9071000,0.024299650891262
12317,Highway 7 E,King's Highway 8 E,7,2698,13638006,17780000,0.0231649270570803
12318,Highway 401 E,Macdonald-Cartier Fwy E,401,11745,71266753,296477000,0.0223388358533815
12319,Highway 401 Collector,Macdonald-Cartier Fwy W,401,9057,56598624,213818000,0.00525263575331986
12320,Highway 401 E,Macdonald-Cartier Fwy E,401,3852,38240739,205560000,0.00625545103226293
12321,Highway 401 W,Macdonald-Cartier Fwy W,401,8771,49291833,195998000,0.00434670128068415
12322,Highway 401 E,Macdonald-Cartier Fwy E,401,4391,40596125,217838000,0.0735140366878253
12323,Highway 6 S,Hanlon Expy,6,1642,4839088,39882000,0.00261686884533816
12324,Highway 401 E,Macdonald-Cartier Fwy E,401,11738,71264553,296486000,0.0109885129622822
12325,Highway 401 E,Macdonald-Cartier Fwy E,401,9775,89569236,311703000,0.011084536814374
12326,Highway 401 E,Macdonald-Cartier Fwy E,401,10672,77087481,311084000,0.00355753223751564
12327,Highway 401 Expy,Macdonald-Cartier Fwy W,401,12034,62878183,265968000,0.0300909271618923
12328,Highway 401 Collector,Macdonald-Cartier Fwy W,401,9201,56610356,213508000,0.0171503473718466
12329,Highway 401 Expy,Macdonald-Cartier Fwy W,401,9201,56610356,213508000,0.0110233915930425
12330,Highway 401 Collector,Macdonald-Cartier Fwy W,401,9201,56610356,213508000,0.00547061877935541
12331,Highway 401 E,Macdonald-Cartier Fwy E,401,8571,71572516,343528000,0.00963756517933381
12332,Highway 6 S,King's Highway 401 E,401,10116,79629128,327904000,0.0440007576390758
12333,Highway 401 E,Macdonald-Cartier Fwy E,401,6999,55134274,194873000,0.0050972431345624
12334,Highway 401 W,Macdonald-Cartier Fwy W,401,15439,64295834,235037000,0.00795948769209094
12335,Tc Hwy W,King's Highway 417 W,417,5098,9786614,48580000,0.00336620155206773
12336,Highway 401 E,Macdonald-Cartier Fwy E,401,8407,66747631,338591000,0.00958153496208129
12337,Highway 402 E, ,402,2894,26393730,123235000,0.121823646420173
12338,Highway 6 S,Hanlon Expy,6,1553,7495497,35130000,0.0222385091704617
12339,Highway 401 W,Macdonald-Cartier Fwy W,401,7186,46947270,194307000,0.00681613133392773
12340,Highway 403 E,Queen Elizabeth Way E,1,8921,62187844,192145000,0.00336162847440915
12341,Highway 401 W,Macdonald-Cartier Fwy W,401,8739,62763552,232450000,0.011110074507492
12342,Highway 401 Expy,Macdonald-Cartier Fwy E,401,18503,88636480,296394000,0.00646981052458894
12343,Highway 401 E,Macdonald-Cartier Fwy E,401,7694,56209099,266804000,0.0156899509113151
12344,Hwy 7, ,7,1716,7247157,20983000,0.00201844455536253
12345,Highway 400 N, ,400,5270,31877694,98718000,0.00914538323196011
12346,Highway 401 Collector,Macdonald-Cartier Fwy E,401,19721,101653211,360153000,0.00609775612344485
12347,Highway 401 Collector,Macdonald-Cartier Fwy W,401,4112,13044093,55365000,0.00923925548243215
12348,Highway 401 Collector,Macdonald-Cartier Fwy E,401,22223,102038549,358758000,0.0041259802282847
12349,Highway 401 Expy,Macdonald-Cartier Fwy W,401,14098,64198165,270237000,0.0332739583957855
12350,Highway 401 Collector,Macdonald-Cartier Fwy E,401,16899,77929605,272355000,0.00435400277094471
12351,Highway 401 Expy,Macdonald-Cartier Fwy E,401,15217,76810174,270230000,0.00687296142399103
12352,Highway 401 Expy,Macdonald-Cartier Fwy W,401,13439,64071015,270056000,0.0101643598444121
12353,Highway 400 S, ,400,4353,28957353,61792000,0.0356062784525016
12354,Highway 400 S, ,400,4217,30120413,63802000,0.0064552183361492
12355,Highway 9, ,9,1093,7334958,9365000,0.00403899897836383
12356,Highway 400 N, ,400,3767,33321354,101839000,0.0210454488768225
12357,Highway 400 N, ,400,3767,33321354,101839000,0.00590049944522415
12358,Highway 401 Collector,Macdonald-Cartier Fwy W,401,12034,62878183,265968000,0.00675778714584559
12359,Highway 401 Collector,Macdonald-Cartier Fwy E,401,15269,76961692,266486000,0.00293593878320205
12360,Highway 401 Collector,Macdonald-Cartier Fwy E,401,12449,68047955,244120000,0.00828863795060875
12361,Highway 401 Expy,Macdonald-Cartier Fwy E,401,12926,68785350,244452000,0.0169372364918588
12362,Highway 401 Collector,Macdonald-Cartier Fwy E,401,12926,68785350,244452000,0.0067611682438273
12363,Highway 6 N,Hanlon Expy,6,1109,4277875,19757000,0.0061407879971147
12364,Highway 401 Collector,Macdonald-Cartier Fwy W,401,10230,56533599,214809000,0.00353097684093425
12365,Highway 401 Collector,Macdonald-Cartier Fwy E,401,11283,67836437,246174000,0.00884246089328931
12366,Highway 401 E,Macdonald-Cartier Fwy E,401,10370,66730178,242567000,0.00869889524031914
12367,Highway 401 W,Macdonald-Cartier Fwy W,401,7989,55934332,207702000,0.00605727381795029
12368,Highway 401 E,Macdonald-Cartier Fwy E,401,8551,65775922,240590000,0.020568813013279
12369,Highway 401 W,Macdonald-Cartier Fwy W,401,5569,46033747,189093000,0.0374022365110884
12370,Highway 401 E,Macdonald-Cartier Fwy E,401,5896,55671108,198430000,0.0337656769908696
12371,Highway 401 Collector,Macdonald-Cartier Fwy W,401,10370,57707319,217971000,0.00846046754390082
12372,Highway 401 W,Macdonald-Cartier Fwy W,401,11456,64476132,235132000,0.005462821904682
12373,Tc Hwy W, ,417,846,5420662,20904000,0.00570063258476416
12374,Tc Hwy, ,417,846,5420662,20904000,0.00291418816980281
12375,Tc Hwy W,King's Highway 417 W,417,6337,8428691,45638000,0.00380907753456909
12376,Tc Hwy E, ,417,4778,10448190,30837000,0.00272420701621721
12377,Tc Hwy E, ,417,5093,10462948,30926000,0.0130132043639312
12378,Tc Hwy E, ,417,4724,9972640,30332000,0.00605583319102782
12379,Highway 401 E,Macdonald-Cartier Fwy E,401,5694,50389170,176193000,0.0560406175588716
12380,Highway 400, ,400,843,10077327,43170000,0.00694454882158223
12381,Highway 401 E,Macdonald-Cartier Fwy E,401,13083,80863074,293213000,0.00788725009224782
12382,Highway 401 E,Macdonald-Cartier Fwy E,401,11350,81476173,290396000,0.0102231871244699
12383,Highway 401 W,Macdonald-Cartier Fwy W,401,11674,63917670,231121000,0.00683187346250442
12384,Highway 401 E,Macdonald-Cartier Fwy E,401,13083,80863074,293213000,0.0260397282701027
12385,Highway 402 E, ,402,3128,26908520,122027000,0.0199329297639996
12386,Highway 401 Expy,Macdonald-Cartier Fwy W,401,12025,63055914,268298000,0.0294345311001335
12387,Highway 401 E,Macdonald-Cartier Fwy E,401,16517,80351792,282685000,0.00213349648680142
12388,Highway 401 Collector,Macdonald-Cartier Fwy E,401,14330,68602959,245870000,0.00913816889336169
12389,Hurontario St,Highway 10,10,184,2523339,11509000,0.00115187384416291
12390,Highway 401 Collector,Macdonald-Cartier Fwy E,401,18198,80335030,284787000,0.0121659996460454
12391,Highway 427 S, ,427,8021,19860040,82609000,0.0154676676353029
12392,Highway 401 Expy,Macdonald-Cartier Fwy W,401,16660,74568747,248742000,0.00621308184074564
12393,Highway 401 Collector,Macdonald-Cartier Fwy E,401,14954,75578722,267937000,0.00564313503755256
12394,Highway 401 E,Macdonald-Cartier Fwy E,401,10672,77087481,311084000,0.0046075495046565
12395,Highway 401 W,Macdonald-Cartier Fwy W,401,13493,64189240,233547000,0.00945968112358169
12396,Highway 401 Collector,Macdonald-Cartier Fwy E,401,15269,76961692,266486000,0.00717282242296253
12397,Highway 401 Collector,Macdonald-Cartier Fwy W,401,9951,56848959,213711000,0.00591331203429658
12398,Highway 401, ,401,12070,58591100,220646000,0.00859938951756925
12399,Highway 401 Collector,Macdonald-Cartier Fwy E,401,11560,68147073,244844000,0.00254134857545062
12400,Highway 401 Collector,Macdonald-Cartier Fwy W,401,9057,56598624,213818000,0.0165465246617501
12401,Highway 401 Collector,Macdonald-Cartier Fwy W,401,9196,56610356,213508000,0.0063366978333396
12402,Highway 401 Collector,Macdonald-Cartier Fwy E,401,11283,67836437,246174000,0.00413024720681169
12403,Highway 401 Collector,Macdonald-Cartier Fwy W,401,14117,64304092,270963000,0.00585478681348768
12404,Highway 401 Collector,Macdonald-Cartier Fwy E,401,19421,77137735,270394000,0.00834454796074626
12405,Highway 401 W,Macdonald-Cartier Fwy W,401,6051,45774801,186231000,0.00377355187342885
12406,Highway 400 S, ,400,4217,30120413,63802000,0.0185305998184801
12407,Regional Road 7 W, ,7,0,0,0,0.00884148587357698
12408,Highway 403 E,Queen Elizabeth Way E,1,8921,62187844,192145000,0.0108163834469752
12409,Highway 401 W,Macdonald-Cartier Fwy W,401,7360,61384931,231090000,0.0801846623022527
12410,Highway 410 N, ,410,9643,43092681,141089000,0.00660100803126319
12411,Highway 401 Collector,Macdonald-Cartier Fwy E,401,14954,75578722,267937000,0.0150593976089579
12412,Highway 401 E,Macdonald-Cartier Fwy E,401,7886,72810574,343814000,0.031963380059172
12413,Highway 401 Collector,Macdonald-Cartier Fwy E,401,14526,75653371,268128000,0.00598480789086189
12414,Highway 401 Collector,Macdonald-Cartier Fwy E,401,22223,102038549,358758000,0.00337127978736715
12415,Tc Hwy W,King's Highway 417 W,417,6337,8428691,45638000,0.00694680649416634
12416,HIGHWAY 401 TO HIGHWAY 401 COLLECTOR, ,401,15217,76810174,270230000,0.00638548171649507
12417,Highway 401 Collector,Macdonald-Cartier Fwy E,401,15217,76810174,270230000,0.00235225587453211
12418,Exit 365, ,401,12783,63924471,270184000,0.00445502227755374
12419,Highway 401 Expy,Macdonald-Cartier Fwy W,401,12783,63924471,270184000,0.0090035434802295
12420,Highway 401 Expy,Macdonald-Cartier Fwy E,401,14370,69337344,248253000,0.00734855811202422
12421,HIGHWAY 401 TO HIGHWAY 401 COLLECTOR, ,401,14526,75653371,268128000,0.00653861852474782
12422,Highway 401 Collector,Macdonald-Cartier Fwy W,401,12034,62878183,265968000,0.00651914003804732
12423,Highway 401 Collector,Macdonald-Cartier Fwy E,401,14430,69844902,249238000,0.00823299674767708
12424,Highway 401 Collector,Macdonald-Cartier Fwy E,401,14326,68650718,246112000,0.00477368744028242
12425,Highway 401 Collector,Macdonald-Cartier Fwy E,401,11499,68095221,243572000,0.00580509889906543
12426,HIGHWAY 401 COLLECTOR TO HIGHWAY 401, ,401,11283,67836437,246174000,0.00611601116553021
12427,Highway 401 Collector,Macdonald-Cartier Fwy W,401,10230,56533599,214809000,0.000612936282198
12428,Highway 401 Collector,Macdonald-Cartier Fwy W,401,13082,58989773,222193000,0.00677967645561104
12429,Highway 401 E,Macdonald-Cartier Fwy E,401,5799,55362516,196080000,0.0828588794766762
12430,Highway 401 E,Macdonald-Cartier Fwy E,401,5799,55362516,196080000,0.0103999158772751
12431,Tc Hwy W,King's Highway 417 W,417,6337,8428691,45638000,0.00755745300309734
12432,Tc Hwy E, ,417,6333,9297957,48100000,0.00623785083331338
12433,Highway 401 Expy,Macdonald-Cartier Fwy E,401,12926,68785350,244452000,0.0291663340530676
12434,HIGHWAY 401 TO HIGHWAY 401 COLLECTOR, ,401,12449,68047955,244120000,0.00878012583234532
12435,Highway 401 W,Macdonald-Cartier Fwy W,401,10742,58144871,220264000,0.0548148309288713
12436,Highway 7 W,King's Highway 8 W,7,1441,3874761,8026000,0.00534881124839288
12437,Highway 85 S,Conestoga Pky S,85,3983,4968147,18993000,0.00452720413309395
12438,Hwy 85 Collectors, ,85,3776,5202123,16800000,0.00515381800650563
12439,Hwy 85 Collectors, ,85,1862,7701912,26358000,0.00427908991797909
12440,King St Bypass, ,8,2672,12238698,27273000,0.00647375315526703
12441,King St E,King's Highway 8 W,8,0,0,0,0.00384533689514255
12442,King St E,King's Highway 8 W,8,11148,45577775,184706000,0.00182615713458404
12443,Highway 401 E,Macdonald-Cartier Fwy E,401,12193,55302446,255333000,0.00811724919402062
12444,Highway 401 W,Macdonald-Cartier Fwy W,401,11114,59804118,217238000,0.00929242719535317
12445,Highway 401 E,Macdonald-Cartier Fwy E,401,12121,72447909,307630000,0.00811184851227711
12446,Highway 401 Collector,Macdonald-Cartier Fwy W,401,9057,56598624,213818000,0.00700000376822916
12447,Highway 6 S,Hanlon Expy,6,1966,9181533,39334000,0.0248259490292121
12448,Tc Hwy W, ,417,2218,7681814,42647000,0.0146170260584651
12449,Highway 401 W,Macdonald-Cartier Fwy W,401,10798,61109010,228085000,0.00499907077833235
12450,Highway 401 E,Macdonald-Cartier Fwy E,401,8548,65758012,240540000,0.00522274871279537
12451,Highway 401 E,Macdonald-Cartier Fwy E,401,9775,89569236,311703000,0.00487540652259919
12452, , ,403,5810,17645465,67896000,0.00486925467911245
12453, , ,403,5810,17645465,67896000,0.00259303004418692
12454,Highway 401 E, ,401,6441,51730979,184413000,0.00529984583217963
12455,Ramp, ,403,6099,17959833,71028000,0.00476712578727383
12456,Highway 401 Collector,Macdonald-Cartier Fwy W,401,11943,58555414,219448000,0.00498150363626417
12457,Highway 401 Collector,Macdonald-Cartier Fwy E,401,12926,68785350,244452000,0.00418913952262115
12458,Highway 401 Expy,Macdonald-Cartier Fwy E,401,11499,68095221,243572000,0.0159152110548009
12459,Highway 401 W,Macdonald-Cartier Fwy W,401,9972,56959696,210135000,0.0192396180654471
12460,Tc Hwy E, ,417,1254,6867734,16345000,0.00637603663486756
12461,Highway 403 E, ,403,5810,17645465,67896000,0.00597978056020913
12462,King's Highway 3 E,King's Highway 3 E,3,292,32548574,174766000,0.00660046579827307
12463,Highway 401 W,Macdonald-Cartier Fwy W,401,4702,33007365,144149000,0.0937193216859726
12464,Highway 401 W,Macdonald-Cartier Fwy W,401,4835,35166374,163662000,0.0458857792553069
12465,Bluewater Bridge West, ,402,2426,22336311,71143000,0.00242592765760809
12466,Highway 401 E,Macdonald-Cartier Fwy E,401,4367,40560061,217719000,0.00565898348274777
12467,Highway 401 W,Macdonald-Cartier Fwy W,401,8146,61634089,232118000,0.0112908788189396
12468,Highway 401 W,Macdonald-Cartier Fwy W,401,7227,61743178,231986000,0.00562544493232165
12469,Highway 401 E,Macdonald-Cartier Fwy E,401,9435,74209942,337732000,0.0107658044108159
12470,Highway 401 Expy,Macdonald-Cartier Fwy W,401,9240,56954603,213884000,0.0323849853092916
12471,Highway 401 Collector,Macdonald-Cartier Fwy W,401,9240,56954603,213884000,0.00435142213811442
12472,Highway 401 E,Macdonald-Cartier Fwy E,401,6036,49793377,178459000,0.00846599776960949
12473,Highway 401 W,Macdonald-Cartier Fwy W,401,10735,58078546,220145000,0.0267866917494003
12474,Highway 6 N,King's Highway 401 W,401,9054,61832026,238235000,0.0464193103289411
12475,Highway 401 W,Macdonald-Cartier Fwy W,401,7186,46947270,194307000,0.138909139994753
12476,Highway 401 Collector,Macdonald-Cartier Fwy W,401,9057,56598624,213818000,0.010838907744054
12477,Highway 400 N, ,400,5045,32423418,102497000,0.00854209392631806
12478,Highway 401 W,Macdonald-Cartier Fwy W,401,10550,60674834,227310000,0.132654628633355
12479,Highway 401 E,Macdonald-Cartier Fwy E,401,10464,76104800,309564000,0.138300751171942
12480,Highway 400 N, ,400,5045,32423418,102497000,0.00533777444106938
12481,Highway 400, ,400,743,5824747,20172000,0.167963866673994
12482,Service Road,On Route,401,3496,41692604,159108000,0.00510820936101322
12483,Highway 400, ,400,774,9590525,42068000,0.0535028816336994
12484,Highway 400, ,400,760,9589404,42060000,0.119686666257992
12485,Highway 401 W,Macdonald-Cartier Fwy W,401,7373,46351380,190873000,0.0117874824398841
12486,Highway 400, ,400,843,10077327,43170000,0.0244252337687859
12487,Highway 400, ,400,698,10067418,42992000,0.0196655006679699
12488,Highway 400, ,400,948,10372184,43543000,0.0628814927476238
12489,Highway 401 Expy,Macdonald-Cartier Fwy E,401,11504,68095221,243572000,0.0264273898191103
12490,Tc Hwy, ,417,445,4957282,20515000,0.00624741147606185
12491,Highway 401 Expy,Macdonald-Cartier Fwy E,401,14535,75753393,269557000,0.0325303237846493
12492,Highway 401 Expy,Macdonald-Cartier Fwy W,401,12366,62866935,267482000,0.0372783487104902
12493,Highway 400 S, ,400,3809,28315653,61467000,0.0972674905153404
12494,Highway 400, ,400,809,9479873,41485000,0.160890073286845
12495,Highway 409 E, ,409,5381,13020998,63654000,0.00300084428958984
12496,Highway 401 Expy,Macdonald-Cartier Fwy W,401,9196,56610356,213508000,0.0437757130842546
12497,Tc Hwy E, ,417,5093,10462948,30926000,0.00603333783593748
12498,Highway 401 W,Macdonald-Cartier Fwy W,401,7369,46460687,191733000,0.00508054187851545
12499,Highway 401 Collector,Macdonald-Cartier Fwy E,401,11504,68095221,243572000,0.0122773009956233
12500,Highway 401 E,Macdonald-Cartier Fwy E,401,6909,54938005,192930000,0.142491191240383
12501,Highway 401 W,Macdonald-Cartier Fwy W,401,3828,39681922,172700000,0.0887229786284994
12502,Highway 401 E,Macdonald-Cartier Fwy E,401,5759,54999533,191511000,0.11118725887886
12503,Highway 401 E,Macdonald-Cartier Fwy E,401,6441,51730979,184413000,0.110318395787894
12504,Tc Hwy E, ,417,0,0,0,0.0374477678586155
12505,Tc Hwy E, ,417,1254,6867734,16345000,0.157341487385874
12506,Highway 400 N, ,400,4028,32748615,102792000,0.00527220862164373
12507,Highway 402 E, ,402,3126,26948139,122079000,0.0478089574155084
12508,Highway 401 W,Macdonald-Cartier Fwy W,401,900,26520285,123445000,0.00873417130089445
12509,Highway 401 W,Macdonald-Cartier Fwy W,401,4534,34294993,144025000,0.0807409563771075
12510,Highway 7, ,7,579,2555561,7591000,0.00525951343582622
12511,Highway 401 W,Macdonald-Cartier Fwy W,401,5025,45915412,187632000,0.088464391290477
12512,Highway 401 W,Macdonald-Cartier Fwy W,401,2070,16824326,40977000,0.018581616644183
12513,Highway 7 W,King's Highway 6 N,6,1198,5323657,25465000,0.00884483743054549
12514,Highway 6 S,Hanlon Expy,6,1544,6911003,34725000,0.0114503585145626
12515,Tc Hwy W, ,417,0,0,0,0.0388391396413868
12516,Highway 401 E,Macdonald-Cartier Fwy E,401,4462,40624897,217854000,0.0849095133728304
12517,Highway 400, ,400,714,9589404,42060000,0.0226153438486053
12518,Highway 400 S, ,400,3686,26346790,48871000,0.0141104555724324
12519,Highway 7,Highway 115,7,1134,3313138,7819000,0.013082161925922
12520,Highway 401 W,Macdonald-Cartier Fwy W,401,7227,49307946,199277000,0.00560525325956808
12521,Rest Area, ,401,9435,74209942,337732000,0.0141652933926064
12522,Highway 401 E,Macdonald-Cartier Fwy E,401,7020,61189114,215555000,0.0632701400687461
12523,Highway 400 S, ,400,3824,28679378,54499000,0.0413106534969337
12524,Highway 401 E,Macdonald-Cartier Fwy E,401,12121,72447909,307630000,0.0341039298171697
12525, , ,402,2426,22336311,71143000,0.00216726925921505
12526,Highway 400, ,400,1185,9209110,41041000,0.0375152122446556
12527,Highway 400, ,400,829,5746240,20076000,0.0125503113122756
12528,Hwy 85 Collectors, ,85,4885,5919217,20667000,0.00190453326820532
12529,Highway 401 E,Macdonald-Cartier Fwy E,401,9229,59125985,269471000,0.0194026732235881
12530,Highway 401 W,Macdonald-Cartier Fwy W,401,5841,45213669,183985000,0.148944719111012
12531,Highway 400 N, ,400,3601,29247566,90527000,0.00325686219518592
12532,Highway 401 E,Macdonald-Cartier Fwy E,401,4391,40596125,217838000,0.064615803231712
12533,Highway 401 E,Macdonald-Cartier Fwy E,401,3555,37793620,205187000,0.0726664513719147
12534, , ,405,1056,10029333,34453000,0.0162393056914764
12535,Highway 402 E, ,402,2967,27314148,122386000,0.0322912221566777
12536,Hwy 85 Collectors, ,85,3776,5202123,16800000,0.0046686987857238
12537,Tc Hwy, ,417,445,4957282,20515000,0.0172870513740264
12538,Ramp, ,7,0,0,0,0.00214301748959936
12539,Hwy 7, ,7,1842,7692825,26399000,0.00453873166066261
12540,Hwy 85 Collectors, ,85,1696,6946461,20652000,0.00419388841664475
12541,Hwy 85 Collectors, ,85,4451,5450615,17575000,0.00197283475110269
12542,Hwy 85 Collectors, ,85,3955,5748263,20288000,0.00431854025967435
12543,Highway 401 W,Macdonald-Cartier Fwy W,401,4771,44623779,180090000,0.107235680618662
12544,Tc Hwy W,King's Highway 417 W,417,5532,9335549,48202000,0.00688185907419451
12545,Highway 85 S,Conestoga Pky S,85,4483,5373402,19273000,0.00441799317519095
12546,Tc Hwy E, ,417,894,5043310,14187000,0.00679459188565844
12547,Highway 400 N, ,400,4261,32786864,101900000,0.0247235304624447
12548,Highway 401 Expy,Macdonald-Cartier Fwy W,401,9951,56848959,213711000,0.0322526423461135
12549,Highway 401 Collector,Macdonald-Cartier Fwy W,401,9201,56610356,213508000,0.00790136950488835
12550,Highway 8 E,King St Bypass,8,3162,20018057,47351000,0.00513078888984902
12551,Highway 401 Expy,Macdonald-Cartier Fwy E,401,18567,65940021,245912000,0.0131075855182057
12552,Highway 400, ,400,15,9130906,40712000,0.0209145971811306
12553,Highway 401 W,Macdonald-Cartier Fwy W,401,3653,32768836,159741000,0.0781707870427169
12554,Highway 401 W,Macdonald-Cartier Fwy W,401,7186,46947270,194307000,0.0386497675796566
12555,Highway 401 W,Macdonald-Cartier Fwy W,401,10798,61109010,228085000,0.0856270578787973
12556,Highway 401 E,Macdonald-Cartier Fwy E,401,7585,58430515,270941000,0.0317474604778276
12557,Highway 401 E,Macdonald-Cartier Fwy E,401,7965,55594467,269870000,0.0100008279345019
12558,Highway 401 E,Macdonald-Cartier Fwy E,401,7961,55506627,269399000,0.0025433723301404
12559,Highway 401 W,Macdonald-Cartier Fwy W,401,7886,55624611,204926000,0.0168944857211935
12560,Highway 401 E,Macdonald-Cartier Fwy E,401,10672,77087481,311084000,0.0806295165288188
12561,Highway 401 E,Macdonald-Cartier Fwy E,401,7694,56209099,266804000,0.136251676822716
12562,Highway 401 W,Macdonald-Cartier Fwy W,401,6474,47103713,194351000,0.117864679850491
12563,Highway 401 W,Macdonald-Cartier Fwy W,401,11220,60496287,219734000,0.0345514744424008
12564,Highway 401 W,Macdonald-Cartier Fwy W,401,7227,49307946,199277000,0.0429259887404769
12565,HIGHWAY 401 TO HIGHWAY 401 COLLECTOR, ,401,11499,68095221,243572000,0.0108645272602736
12566,Highway  402, ,402,2426,22336311,71143000,0.0106513475599811
12567,Highway 85 S,Conestoga Pky S,85,1842,7692825,26399000,0.0206948345863098
12568,Highway 85 N,Conestoga Pky N,85,3776,5202123,16800000,0.0179517503174994
12569, , ,400,5823,24185700,67440000,0.00640202134725896
12570,Highway 401 Collector,Macdonald-Cartier Fwy W,401,12366,62866935,267482000,0.0125026389421114
12571,Highway 401, ,401,17163,63712907,233556000,0.00818430924471496
12572,Highway 400, ,400,481,9581038,42023000,0.0307223745273026
12573,Highway 401 E,Macdonald-Cartier Fwy E,401,8048,72840865,343515000,0.0753739978716007
12574,Regional Road 7 E, ,7,0,0,0,0.0100205125788348
12575,Highway 402 E, ,402,2544,23869453,121536000,0.0161815758010895
12576,Highway 401 E,Macdonald-Cartier Fwy E,401,7585,58430515,270941000,0.00713240272627659
12577,Highway 401 Collector,Macdonald-Cartier Fwy W,401,12783,63924471,270184000,0.0141189097793567
12578,Highway 401 E,Macdonald-Cartier Fwy E,401,10410,84902355,293726000,0.00944779242711587
12579,Highway 400 N, ,400,3214,29390932,96056000,0.0060348988241173
12580,Highway 400, ,400,930,9581038,42023000,0.0683323240235294
12581,Highway 401 Expy,Macdonald-Cartier Fwy W,401,17183,54298231,174268000,0.0196639573708612
12582,Highway 401 Expy,Macdonald-Cartier Fwy E,401,11560,68147073,244844000,0.0333674788986283
12583,Highway 115 N, ,115,1193,5199500,12946000,0.050560249885218
12584,Highway 401 E,Macdonald-Cartier Fwy E,401,7961,55506627,269399000,0.00254989025842435
12585,Highway 85 N,Conestoga Pky N,85,3667,4789908,14228000,0.00577187901945422
12586,Highway 401 E,Macdonald-Cartier Fwy E,401,4614,40516963,217546000,0.0577770500337791
12587,Highway 402 W, ,402,2823,21691967,65629000,0.140180370597421
12588,Highway 400 N, ,400,793,9515359,42266000,0.0325722224831121
12589,Highway 401 E,Macdonald-Cartier Fwy E,401,3646,36329148,191344000,0.00614058279885659
12590,Highway 401 E,Macdonald-Cartier Fwy E,401,4297,39077582,208735000,0.0495965316343022
12591,Highway 403 E, ,403,5355,30031447,95507000,0.0147107347719749
12592,Highway 401 W,Macdonald-Cartier Fwy W,401,4710,34855308,161890000,0.090982239072226
12593,Highway 401 W,Macdonald-Cartier Fwy W,401,4710,34855308,161890000,0.00871953103317078
12594,Highway 401 W,Macdonald-Cartier Fwy W,401,4819,34221819,142727000,0.127195354985378
12595,Highway 401 W,Macdonald-Cartier Fwy W,401,8771,49291833,195998000,0.00468011076912088
12596,Highway 400 S, ,400,2409,25743044,47477000,0.018699475132636
12597,Highway 401 W,Macdonald-Cartier Fwy W,401,4449,34216915,144025000,0.0687609265236944
12598,HIGHWAY 401 TO HIGHWAY 401 COLLECTOR, ,401,12025,63055914,268298000,0.00492026571496088
12599,Highway 401 E,Macdonald-Cartier Fwy E,401,8990,71986584,347595000,0.0342497879318686
12600,Highway 401 E,Macdonald-Cartier Fwy E,401,7694,56209099,266804000,0.00743949786194128
12601,Highway 409 E, ,409,5376,13099909,64221000,0.00419459755344508
12602,Highway 401 E,Macdonald-Cartier Fwy E,401,2319,19877156,69615000,0.0155055100022126
12603,Highway 85 S,Hwy 86 S,85,3983,4968147,18993000,0.00379238625174907
12604,Highway 402 W, ,402,2574,21304973,64314000,0.0403667295091508
12605,Highway 403 W, ,403,2153,17090213,42247000,0.114856131011421
12606,Highway 400 S, ,400,3731,27244975,50906000,0.0224051364991912
12607,Highway 401 W,Macdonald-Cartier Fwy W,401,6475,47103713,194351000,0.00547971378985254
12608,Highway 400 S, ,400,5547,28680179,62771000,0.00143294692603603
12609,Highway 401 E,Macdonald-Cartier Fwy E,401,6918,56214893,266726000,0.120491939234799
12610,Highway 401 W,Macdonald-Cartier Fwy W,401,4773,32950782,143809000,0.123474119665997
12611,Highway 401 E,Macdonald-Cartier Fwy E,401,900,32912375,174238000,0.0200173628124833
12612,Highway 401 W,Macdonald-Cartier Fwy W,401,900,26520285,123445000,0.0240733487190729
12613,Highway 401 E,Macdonald-Cartier Fwy E,401,3639,36389045,191773000,0.072553304718894
12614,Highway 401 E,Macdonald-Cartier Fwy E,401,4475,40596125,217838000,0.091950638253487
12615,Highway 401 W,Macdonald-Cartier Fwy W,401,4636,32895642,143760000,0.0709984642868989
12616,Highway 401 Collector, ,401,16660,74568747,248742000,0.00363714328243711
12617,Highway 401 W,Macdonald-Cartier Fwy W,401,8771,49291833,195998000,0.00411315444506253
12618,Highway 401 E,Macdonald-Cartier Fwy E,401,9229,59125985,269471000,0.00759722078311447
12619,Highway 401 W,Macdonald-Cartier Fwy W,401,4774,32048338,138273000,0.201054809285167
12620,Highway 401 E,Macdonald-Cartier Fwy E,401,4334,38833821,207571000,0.0883493380619428
12621,Highway 401 E,Macdonald-Cartier Fwy E,401,4427,38782668,210935000,0.0920417216972415
12622,Highway 401 W,Macdonald-Cartier Fwy W,401,4508,34216915,144025000,0.0846608318692858
12623,Highway 402 E, ,402,3377,27281252,122642000,0.136643545466031
12624,Highway 400 N, ,400,3601,29247566,90527000,0.0401187021871032
12625,Highway 400 S, ,400,3824,28679378,54499000,0.00344220010880626
12626,Highway 592, ,592,761,7225610,17873000,0.00219058121003712
12627,Highway 592, ,592,819,9587589,28009000,0.00223475146159552
12628,Highway 11,Highway 11,11,744,9595508,28008000,0.0840193228890042
12629,Highway 11,Highway 11,11,819,9587589,28009000,0.00453326988291953
12630,Highway 11,Highway 11,11,819,9587589,28009000,0.0242977565699737
12631,Highway 401 E,Macdonald-Cartier Fwy E,401,0,0,0,0.0040342286608197
12632,Highway 401 E,Macdonald-Cartier Fwy E,401,0,0,0,0.00332313721737108
12633,Highway 401 E,Macdonald-Cartier Fwy E,401,1406,4120494,6471000,0.00802220920265949
12634,Highway 401 E,Macdonald-Cartier Fwy E,401,1373,5846290,12380000,0.0103472608666102
12635,Highway 401 E,Macdonald-Cartier Fwy E,401,288,26727672,124186000,0.0231725809556527
12636,Highway 401 E,Macdonald-Cartier Fwy E,401,292,32548574,174766000,0.00748457121934498
12637,King's Highway 3 W,King's Highway 3 W,3,292,32548574,174766000,0.0102295511885072
12638,Highway 401 E,Macdonald-Cartier Fwy E,401,981,32548574,174766000,0.0249946337240156
12639,Highway 401 E,Macdonald-Cartier Fwy E,401,503,26727672,124186000,0.0164819015214054
12640,Highway 401, ,401,969,26727672,124186000,0.00936438445355041
12641,Highway 401 E,Macdonald-Cartier Fwy E,401,900,32912375,174238000,0.00943310029613968
12642,Highway 401 W,Macdonald-Cartier Fwy W,401,969,26727672,124186000,0.00405155238920001
12643,Highway 401 E,Macdonald-Cartier Fwy E,401,5379,39134617,212335000,0.0175107619388516
12644,Highway 403 W, ,403,5249,16981298,66429000,0.0101542328857727
12645,Highway 401 E,Macdonald-Cartier Fwy E,401,5379,39134617,212335000,0.00523160562215267
12646,Yonge St,County Road 1,11,0,0,0,0.00145157816946861
12647,Highway 401 E,Macdonald-Cartier Fwy E,401,5451,34319638,140612000,0.0222482654544726
12648,King St E,Hwy 8,8,0,0,0,0.00763562246037066
12649,Highway 400 S, ,400,1405,9598178,44874000,0.0383980505027003
12650,Highway 401 E,Macdonald-Cartier Fwy E,401,5451,34319638,140612000,0.0066639983745204
12651,Highway 406, ,406,641,697818,1559000,0.0210985355437934
12652,Highway 11 N, ,11,1405,9598178,44874000,0.018014550118989
12653,Highway 401 Collector, ,401,14871,80761890,282341000,0.00296642598731482
12654,Highway 11 N, ,11,1520,11808456,31380000,0.0379735545221762
12655,Highway 11 N, ,11,2365,11837215,31446000,0.0133525100615222
12656,Highway 401 Collector, ,401,14871,80761890,282341000,0.00673127484573243
12657,Highway 6 N,Hanlon Expy,6,1562,5857638,28929000,0.00570924052813078
12658,Highway 404 S, ,404,2801,14457680,58042000,0.00270772247471636
12659,Highway 401 E,Macdonald-Cartier Fwy E,401,16517,80351792,282685000,0.00536456880320161
12660,Highway 404 N, ,404,2288,19144842,25062000,0.00332883409231309
12661,Highway 406 N, ,406,762,3140829,8855000,0.0309362373408478
12662,Highway 401 E,Macdonald-Cartier Fwy E,401,16517,80351792,282685000,0.00816952322525613
12663,Highway 404 N, ,404,1558,5434947,4280000,0.0038591346250422
12664,Highway 406 S, ,406,996,7973050,10972000,0.0314055150509969
12665,Highway 401 E,Macdonald-Cartier Fwy E,401,10370,66730178,242567000,0.0115751079285178
12666,Highway 404 N, ,404,1539,9829682,11224000,0.00600371916332375
12667,Regional Road 7 W, ,7,0,0,0,0.0159361638918538
12668,Highway 404 S, ,404,2328,7715108,50191000,0.0306295202542856
12669,Regional Road 7 W, ,7,0,0,0,0.0132120956051804
12670,Highway 401 Expy,Macdonald-Cartier Fwy E,401,11283,67836437,246174000,0.0165300136740888
12671,Regional Hwy 2,Highway 2,2,0,0,0,0.00634943487330624
12672,Highway 11, ,11,0,0,0,0.0017088514710827
12673,Highway 11, ,11,1015,10240356,28731000,0.0452917930276432
12674,County Road 1, ,11,0,0,0,0.0392488639254674
12675,Highway 11, ,11,809,10240356,28731000,0.062560029602073
12676,Coronation Blvd,King's Highway 8 E,8,3217,1141633,2705000,0.0267995538845144
12677,Highway 401 W,Macdonald-Cartier Fwy W,401,4048,39544518,171890000,0.0240622296418869
12678,Tc Hwy E,King's Highway 417 E,417,1004,6936292,15319000,0.0788071991793082
12679,Dundas St W,Hwy 5,5,0,0,0,0.00224456793878303
12680,Ramp, ,3,196,364236,682000,0.00211612061259786
12681,Highway 6 N,Hanlon Expy,6,1109,4277875,19757000,0.00379431782559734
12682,Westside Rd,King's Highway 58 S,58,134,173745,428000,0.00941555306100614
12683,Highway 11, ,11,840,10650667,29270000,0.00633974005937202
12684,Bath Rd,County Road 33,33,0,0,0,0.00837831254571211
12685,Tc Hwy E, ,417,5603,9632066,24423000,0.00190385168159977
12686,Tc Hwy W,King's Highway 417 W,417,1241,10151141,39419000,0.183380108028338
12687,Highway 400 N, ,400,5535,32565430,99543000,0.00728051762524556
12688,Highway 40 S, ,40,412,1560794,2370000,0.00829008620227376
12689,Highway 404 N, ,404,5610,21778829,57397000,0.00897774143481737
12690,Highway 400 N, ,400,3817,26063687,84203000,0.00302712938542532
12691,Regional Road 7 W, ,7,0,0,0,0.000642354571788206
12692,Highway 401 E,Macdonald-Cartier Fwy E,401,7585,58430515,270941000,0.0261014696430232
12693,King St E,King's Highway 8 W,8,2672,12238698,27273000,0.0122062693874943
12694,Regional Road 7 E, ,7,0,0,0,0.00855302608607891
12695,Dundas St W,Hwy 5,5,0,0,0,0.0016650675672558
12696,None, ,61,101,441816,1751000,0.00117141878275697
12697,Highway 401 E,Macdonald-Cartier Fwy E,401,7402,64767275,236071000,0.00400025603384488
12698,Queen Elizabeth Way E,Hwy 2 E,1,10101,42052246,102924000,0.00933667696071555
12699,HIGHWAY 401 COLLECTOR TO HIGHWAY 401 Expy, ,401,19421,77137735,270394000,0.0115685453328519
12700,Highway 404 S, ,404,3574,9994501,76135000,0.00517134121653788
12701,Queen Elizabeth Way W, ,1,5319,22618447,84517000,0.0226697028717931
12702,Highway 403 E, ,403,5743,20228381,74992000,0.0123116498480664
12703,Highway 35 N,King's Highway 115 N,115,1472,5790403,18393000,0.00480589315266365
12704,Highway 416 N,Veteran's Memorial Highway,416,1654,7524063,16629000,0.0208301025303443
12705,Highway 11, ,11,956,9824421,27969000,0.0525817803758215
12706,Highway 2,County Road 2,2,0,0,0,0.0434941304594289
12707,Highway 401 W,Macdonald-Cartier Fwy W,401,4954,43003945,181281000,0.0197860159765992
12708,Highway 401 W,Macdonald-Cartier Fwy W,401,5631,42959190,180989000,0.0231635423620463
12709,Highway 401 E, ,401,6459,51645213,184347000,0.0225809810483927
12710,Highway 2, ,2,0,0,0,0.00349967997532644
12711,Dundas St E,County Road 2,2,0,0,0,0.00983868301566523
12712,Regional Road 7 E, ,7,0,0,0,0.0091411198027436
12713,Highway 35 N,King's Highway 115 N,115,0,0,0,0.0268608806303552
12714,Highway 137 N, ,137,827,5778164,16427000,0.00275760181629273
12715,Queen Elizabeth Way E, ,1,8351,61333033,181402000,0.0226004298383091
12716, , ,406,1071,1342883,3563000,0.00586241033978672
12717,Paradise Rd S,Hwy 8,8,0,0,0,0.00205596255782234
12718,Kingston Rd,Highway 2,2,0,0,0,0.00480810492387382
12719,Queen Elizabeth Way W, ,1,5414,22165464,84367000,0.0218350548618272
12720,Queen Elizabeth Way E, ,1,6017,26231454,119466000,0.00608826410773695
12721,Highway 35 N,King's Highway 115 N,115,1176,5780801,18285000,0.00378970079374815
12722,Highway 401 Expy,Macdonald-Cartier Fwy W,401,16660,74568747,248742000,0.0181817969383282
12723, , ,404,1558,5434947,4280000,0.00850027286830214
12724,Highway 7 E,Conestoga Pky N,7,1831,8545306,21396000,0.00319245884576951
12725,Highway 12 S,Baldwin St S,12,861,65816,73000,0.00155994860325008
12726,Highway 11 N, ,11,1057,9457511,29240000,0.124927412719281
12727,Tc Hwy E, ,417,2410,8522972,21987000,0.00562426882892522
12728,Highway 400, ,400,1237,8760017,39288000,0.0150645705002924
12729,Highway 69, ,69,711,9165794,40873000,0.0117771945012481
12730,Veteran's Memorial Hwy,King's Highway 16 N,16,520,3024788,2234000,0.00401348248133227
12731,Highway 401 E, ,401,5475,50466040,177386000,0.0469544804849133
12732,Regional Road 7 W, ,7,0,0,0,0.00112022831334804
12733,Queen Elizabeth Way W, ,1,5310,45141343,131514000,0.0116225818563974
12734,Bovaird Dr E,King's Highway 7 W,7,0,0,0,0.000401906469178143
12735,Highway 400 S, ,400,8435,32882953,102202000,0.0123850889931774
12736,Queen St E, ,7,0,0,0,0.000177785949765823
12737,Highway 416 S, ,416,1736,4727543,17998000,0.0577324901169453
12738,Queen St E,Regional Road 7 W,7,0,0,0,0.000326865022356622
12739,County Road 2, ,2,0,0,0,0.000684156487699132
12740,Dundas St E,Regional Road 5,5,0,0,0,0.00392629337677997
12741,Highway 403 W, ,403,3829,18550802,56971000,0.0217621772710125
12742,Highway 404 N, ,404,2571,16224924,19177000,0.0280031080955231
12743,Highway 400 S, ,400,3686,26346790,48871000,0.00503620056204705
12744,Highway 403 E, ,403,8351,61333033,181402000,0.00498116099320045
12745,Highway 400, ,400,1237,8760017,39288000,0.00704067492859335
12746,Yonge St, ,11,0,0,0,0.00704589330418963
12747,Highway 401 W,Macdonald-Cartier Fwy W,401,4371,40283476,158463000,0.0377733518959487
12748,Highway 406 N, ,406,1071,1342883,3563000,0.0239151824699338
12749, , ,427,0,0,0,0.00114887284359149
12750,Hwy 27, ,27,0,0,0,0.00187929650938487
12751,Highway 427 Collector, ,427,14073,43533066,111581000,0.00434268848279063
12752,Highway 427, ,427,13756,42662599,104791000,0.00235881579399481
12753,Highway 427 Collector, ,427,13479,35402082,120344000,0.00323124441450905
12754,Markham Rd, ,48,0,0,0,0.00609210611605219
12755,Highway 401 W,Macdonald-Cartier Fwy W,401,5631,42959190,180989000,0.000489473459119375
12756,Highway 35 S,King's Highway 115 S,115,0,0,0,0.00920987930082266
12757,Highway 400 S, ,400,819,6487767,20383000,0.0891241935084596
12758,Highway 7,Highway 115,7,1402,4907238,12316000,0.012281918376184
12759,Ramp, ,6,0,0,0,0.000807559419087827
12760,Hwy 27, ,27,0,0,0,0.000381633539510477
12761,Hwy 27, ,27,0,0,0,0.00132646049397705
12762,Richmond St,King's Highway 4 N,4,0,0,0,0.00155192496310854
12763,Highway 85 N,Conestoga Pky N,85,2278,4406288,11283000,0.0177303431497291
12764,Highway 402 W, ,402,2487,21691967,65629000,0.0325989450394318
12765,Highway 7, ,7,691,2651161,7709000,0.0070201544976154
12766,Highway 85 S,Conestoga Pky S,85,2018,4724147,13399000,0.00401587446517713
12767,Tc Hwy W,King's Highway 417 W,417,2017,9403189,39435000,0.0756143376456429
12768,Highway 115 N, ,115,1265,4709725,12819000,0.048083847418175
12769,Highway 7 E,Tc Highway E,7,895,2926865,6867000,0.00175774869641484
12770,Highway 7 W,Tc Highway W,7,983,5899203,2884000,0.00290112466860733
12771,Tc Hwy W,King's Highway 417 W,417,4692,10322604,49461000,0.0102903511840544
12772,Regional Road 85 S, ,85,0,0,0,0.00719952370719558
12773,Highway 6 N,Hanlon Expy,6,1118,4244574,19706000,0.00533638401325954
12774,Tc Hwy W,King's Highway 417 W,417,1213,10579400,40594000,0.0803022104632778
12775,Highway 17a, ,17,614,9495452,37201000,0.000688920764648175
12776,Yonge St, ,11,0,0,0,0.00218785758143387
12777,Regional Hwy 2,Highway 2,2,0,0,0,0.00354276534751043
12778,Highway 11, ,11,956,9824421,27969000,0.00318052140144595
12779,Highway 26, ,26,407,3986747,2932000,0.00239510372349742
12780,Highway 20, ,20,0,0,0,0.00252699510018574
12781,Highway 85 N,Conestoga Pky N,85,1962,4108728,10216000,0.0104957234858004
12782,Highway 400 N, ,400,1905,2474441,3230000,0.00837595727692485
12783,Highway 406 S, ,406,1199,2859804,5861000,0.0099888752821043
12784,Highway 420, ,420,0,0,0,0.00534016044118268
12785,Highway 420,Falls Ave,420,0,0,0,0.00333821580194338
12786,Highway 416 N, ,416,837,7710199,16683000,0.0457774821875383
12787,Tc Hwy E, ,417,2410,8522972,21987000,0.0121203114179468
12788,Queen Elizabeth Way W, ,1,5907,36056623,79400000,0.0147544952206638
12789,Hwy 27, ,27,932,27684731,71519000,0.0109309487084558
12790,Highway 8 W,King St Bypass,8,2218,12005768,27243000,0.0127749498055665
12791,Queenston Rd,Hwy 8,8,0,0,0,0.00186601232355071
12792,Queenston Rd,Hwy 8,8,0,0,0,0.000725290382428428
12793,Queen Elizabeth Way W,Hwy 2 W,1,9819,31976396,96380000,0.0205587811870933
12794,Highway 401 E, ,401,4720,48472761,175245000,0.0181585212854409
12795,Tc Hwy W,King's Highway 417 W,417,1273,8323601,35051000,0.0834359160034486
12796,Highway 401 E,Macdonald-Cartier Fwy E,401,8407,66747631,338591000,0.0140967835546457
12797,Highway 401 W,Macdonald-Cartier Fwy W,401,4773,32950782,143809000,0.00532171095007877
12798,Tc Hwy E, ,417,5603,9628008,24406000,0.00630473924814845
12799,Highway 403 W, ,403,4233,19297011,51660000,0.020936648026787
12800,Tc Hwy E, ,417,2410,8522972,21987000,0.0072446474480712
12801,Queen Elizabeth Way W, ,1,1750,20133165,79809000,0.0103565867392827
12802,Highway 400, ,400,704,8934902,39393000,0.0177367143366702
12803,Highway 406 N, ,406,788,3059499,6582000,0.00356987149202526
12804,Hurontario St,Highway 10,10,0,0,0,0.00264763398392489
12805,King St E,Regional Highway 2,2,0,0,0,0.000405580916238507
12806,King St E,Regional Highway 2,2,0,0,0,0.000352762993963193
12807,Lakeshore Rd, ,3,0,0,0,0.00122817038029892
12808,Highway 58 S, ,58,514,2537178,1180000,0.00847386751988975
12809,Dundas St W,Hwy 5,5,0,0,0,0.000329072601124978
12810,Yonge St, ,11,0,0,0,0.00195532341268765
12811,Highway 137 N, ,137,559,5714448,16414000,0.0029064621294376
12812,King St E,Regional Highway 2,2,0,0,0,0.00158486134748705
12813,Highway 401 W,Macdonald-Cartier Fwy W,401,3986,39232014,165859000,0.0834426835847963
12814,Highway 416 S, ,416,882,4604312,27232000,0.0393216778950324
12815, , ,405,1119,9077677,38665000,0.00737652629424456
12816,Queen Elizabeth Way W, ,1,8663,43438290,123738000,0.0215162332684762
12817,Tc Hwy W,King's Highway 417 W,417,5532,9335549,48202000,0.0100073211798654
12818,Highway 17, ,17,891,4936447,21294000,0.0124369847736306
12819,Algonquin Boulevard East, ,101,0,0,0,0.00669295980765074
12820,Highway 17, ,17,359,3648489,20207000,0.00168258536512944
12821, , ,137,805,5790876,15742000,0.00584709626586068
12822,Highway 403 E, ,403,6279,18642488,72967000,0.0323315312024801
12823,Yonge St,County Road 1,11,0,0,0,0.000383161935345712
12824,Bath Rd, ,33,0,0,0,0.00246967035295393
12825,Highway 3 W, ,3,911,487184,1518000,0.00652629529105508
12826,Talbot Rd,King's Highway 3 W,3,838,632174,2220000,0.00708965742707528
12827,Dufferin Ave,King's Highway 40 N,40,0,0,0,0.00734264629915316
12828,Dufferin Ave,King's Highway 40 S,40,292,3122067,2642000,0.0136304078219038
12829,Highway 7 W,Conestoga Pky S,7,1831,8545306,21396000,0.00767735469948929
12830,Ramp, ,8,0,0,0,0.000406391006206244
12831,Highway 400 N, ,400,885,8546979,41849000,0.0945029250807032
12832,Highway 61, ,61,468,503693,1220000,0.000658850527498513
12833,Highway 402 W, ,402,2674,21281028,64845000,0.134164751499918
12834,Highway 401 W,Macdonald-Cartier Fwy W,401,4533,34294993,144025000,0.00489918986955196
12835,Highway 17, ,17,940,6463095,38066000,0.458417210431023
12836,Highway 3 E, ,3,474,889044,1281000,0.00425788816717221
12837,Highway 40 N, ,40,460,3014635,6447000,0.00634751739926668
12838,Highway 401 E,Macdonald-Cartier Fwy E,401,4424,37417657,205183000,0.197805944000292
12839,Highway 11,Highway 11,11,990,8642350,29490000,0.00897036327228942
12840,Highway 11,Highway 11,11,1068,8642350,29490000,0.0169708429330824
12841,Highway 11,Highway 11,11,1169,10049531,20547000,0.11442545439248
12842,Highway 11,Highway 11,11,1365,9260397,29033000,0.00912604524555138
12843,Highway 403 W, ,403,6501,16111480,62120000,0.00565458483938445
12844,Highway 402 E, ,402,3212,27039331,121946000,0.135633577965734
12845,Highway 401 E,Macdonald-Cartier Fwy E,2,0,0,0,0.00192023378081379
12846,Queen Elizabeth Way E,Hwy 2 E,1,0,0,0,0.00708498161682587
12847,Tc Hwy E,King's Highway 417 E,417,1029,6931119,15295000,0.0201478279509196
12848, , ,405,1056,10029333,34453000,0.00494398361947334
12849,Highway 400 S, ,400,3536,28840735,55156000,0.0781199703009661
12850,Highway 11,Highway 11,11,819,9587589,28009000,0.00805522526450428
12851,Highway 11,Highway 11,11,850,9587589,28009000,0.00583036547546134
12852,Highway 11,Highway 11,11,789,7257705,17874000,0.00653413662911754
12853,Highway 11,Highway 11,11,761,7225610,17873000,0.006668665397562
12854,Highway 11,Highway 11,11,850,9587589,28009000,0.013951653535724
12855,Highway 11,Highway 11,11,850,9587589,28009000,0.0334706777883709
12856,Highway 11,Highway 11,11,850,9587589,28009000,0.012672620535952
12857,Highway 11,Highway 11,11,991,8404585,28033000,0.00634061403672034
12858,Highway 11,Highway 11,11,925,8404368,28028000,0.00876789910038391
12859,Highway 11,Highway 11,11,991,8404585,28033000,0.0134786251659169
12860,Highway 11,Highway 11,11,991,8404585,28033000,0.00361214959906442
12861,Highway 11,Highway 11,11,1050,8784495,29291000,0.00496841869039592
12862,Highway 11,Highway 11,11,913,8674837,29324000,0.0716863691086878
12863,Highway 11,Highway 11,11,1194,8700124,29532000,0.00825607908326258
12864,Highway 11,Highway 11,11,1189,8642480,29492000,0.0231084931294668
12865,Highway 11,Highway 11,11,1189,8642480,29492000,0.00860685168408175
12866,King's Highway 3, ,3,0,0,0,0.000164486746205557
12867,Highway 11,Highway 11,11,1076,9466724,29259000,0.0537306521099491
12868,Highway 11,Highway 11,11,1395,10341821,29713000,0.00876347874604941
12869,Highway 11, ,11,1365,9260397,29033000,0.00464999649762424
12870,Highway 11,Highway 11,11,1365,9260397,29033000,0.00553298967159959
12871,Highway 11,Highway 11,11,1395,10341821,29713000,0.0108807555393348
12872,Highway 11,Highway 11,11,1395,10341821,29713000,0.00454431972212856
12873,Highway 11,Highway 11,11,1883,11802174,31396000,0.00418219770492399
12874,Highway 403 W,Queen Elizabeth Way W,1,8296,48192428,143862000,0.00397009000359237
12875,Queen Elizabeth Way W, ,1,5420,45303273,136438000,0.00829716980512344
12876,Queen Elizabeth Way W,Queen Elizabeth Way W,1,5404,44110326,134940000,0.000890673303703646
12877,Highway 401 E,Macdonald-Cartier Fwy E,401,1751,4123278,6555000,0.0282864871198761
12878,Highway 401 E,Macdonald-Cartier Fwy E,401,1720,6228308,13633000,0.0275534244393286
12879,Huron Church Rd,King's Highway 3,3,3634,32395619,174165000,0.00203471935020551
12880,Highway 401 E,Macdonald-Cartier Fwy E,401,565,26718514,124330000,0.0050043649401047
12881,Highway 401 E,Macdonald-Cartier Fwy E,401,569,32457310,174165000,0.00743277077803046
12882,Huron Church Rd,King's Highway 3 W,3,3611,26718514,124330000,0.000805491504794257
12883,Huron Church Rd,King's Highway 3 W,3,565,26718514,124330000,0.00221699922354909
12884,Highway 401 E,Macdonald-Cartier Fwy E,401,706,32481758,174766000,0.00646067190501493
12885,Highway 401 E,Macdonald-Cartier Fwy E,401,569,32457310,174165000,0.00456609868896442
12886,King's Highway 3 E,King's Highway 3 E,3,292,32548574,174766000,0.00119018456518544
12887,Talbot Rd,King's Highway 3 W,3,838,632174,2220000,0.0036353628217817
12888,King's Highway 3,King's Highway 3,3,0,0,0,0.000302362893774278
12889,King's Highway 3,King's Highway 3,3,838,1024501,1716000,0.000336376843506004
12890,King's Highway 3,King's Highway 3,3,838,632174,2220000,0.000221165763808891
12891,King's Highway 3,King's Highway 3,3,0,0,0,0.000126729115987873
12892,King's Highway 3,King's Highway 3,3,0,0,0,0.000278806201475777
12893,King's Highway 3,King's Highway 3,3,838,632174,2220000,0.000156957800089801
12894,King's Highway 3,King's Highway 3,3,0,0,0,0.000269270845677952
12895,Talbot Rd,King's Highway 3 E,3,981,32548574,174766000,0.00782034478238856
12896,Talbot Rd, ,3,969,26727672,124186000,0.00122687660912611
12897,Highway 401, ,401,981,32548574,174766000,0.0022973288101674
12898,Talbot Rd,King's Highway 3 E,3,507,1149469,1716000,0.000996224756737912
12899,Highway 401 E,Macdonald-Cartier Fwy E,401,981,32548574,174766000,0.0026244395399519
12900,Talbot Rd,King's Highway 3 W,3,507,632174,2220000,0.00128272363090372
12901,Highway 401 E,Macdonald-Cartier Fwy E,401,7989,55934332,207702000,0.021213163587377
12902,Highway 401 E,Macdonald-Cartier Fwy E,401,10370,66730178,242567000,0.0214370602750886
12903,Highway 404, ,404,1558,5434947,4280000,0.0063634498853919
12904,Highway 404, ,404,1558,5434947,4280000,0.00341021387143938
12905,Highway 404, ,404,962,1119884,2160000,0.00501771365162284
12906,Highway 404, ,404,0,0,0,0.0307251044664218
12907,Highway 404, ,404,0,0,0,0.0188889463650523
12908,Highway 404, ,404,0,0,0,0.0505923578468692
12909,Highway 404, ,404,962,1119884,2160000,0.00358067618730651
12910,Highway 404, ,404,0,0,0,0.0085017654404086
12911,Highway 404, ,404,0,0,0,0.00733945051865341
12912,Highway 404, ,404,0,0,0,0.0551680546061401
12913,Highway 404, ,404,0,0,0,0.0540312983849337
12914,Highway 401 E,Macdonald-Cartier Fwy E,401,6972,61186682,215519000,0.0144257816728511
12915,Highway 401 E,Macdonald-Cartier Fwy E,401,4125,41281415,170515000,0.00702571501815586
12916, , ,1,0,0,0,0.000466188411885139
12917,Broad St W,King's Highway 3,3,244,597339,1138000,0.00122425520206201
12918,Main St W,King's Highway 3,3,138,254521,1001000,0.00134912386212928
12919,King's Highway 3, ,3,322,1794032,4156000,0.000630762969115284
12920,King's Highway 3, ,3,233,1224291,2761000,0.000670112826056175
12921,King's Highway 3, ,3,227,1089458,2024000,0.000585518467227268
12922,King's Highway 3, ,3,328,1711194,3007000,0.00059791320904601
12923,King's Highway 3, ,3,322,1794032,4156000,0.00016718347340219
12924,King's Highway 3, ,3,0,0,0,0.000136330867820574
12925,King's Highway 3, ,3,233,1224291,2761000,0.000177015682920296
12926,King's Highway 3, ,3,0,0,0,0.00014080819713689
12927,King's Highway 3, ,3,0,0,0,7.00829551795023e-05
12928,King's Highway 3, ,3,328,1711194,3007000,0.000187563589077655
12929,King's Highway 3, ,3,233,1224291,2761000,0.000129487867598323
12930, , ,400,7124,26498841,69058000,0.0046410284235024
12931,King's Highway 3,St Thomas Expy,3,282,1004384,4564000,0.00404200471104915
12932,King's Highway 3, ,3,0,0,0,0.00290741954481572
12933,Highway 63, ,63,0,0,0,0.000306324921988545
12934,Highway 69, ,537,68,34042,200000,0.00254160678530388
12935,Highway 402 W, ,402,2427,22607751,68181000,0.00992150847188657
12936,Highway 402 W, ,402,10773,22607752,68181000,0.0483006210443544
12937,Highway 402 W, ,402,2427,22607751,68181000,0.0501357740988544
12938,Service Road, ,402,2427,22607751,68181000,0.00997686052314757
12939,Highway 401 Collector,Macdonald-Cartier Fwy W,401,12783,63924471,270184000,0.00343367148688073
12940,Highway 401 E,Macdonald-Cartier Fwy E,401,11745,71266753,296477000,0.00834365098753292
12941,Highway 400 N, ,400,5270,31877694,98718000,0.00399589887526459
12942,HIGHWAY 401 COLLECTOR TO HIGHWAY 401, ,401,11499,68095221,243572000,0.0099096583700851
12943,Highway 401 Collector,Macdonald-Cartier Fwy E,401,11560,68147073,244844000,0.00571035144184838
12944,Highway 401 Collector,Macdonald-Cartier Fwy W,401,12571,62797800,265772000,0.00496063098818152
12945,Highway 401 W,Macdonald-Cartier Fwy W,401,10153,66696004,239747000,0.0068272618776463
12946,Highway 401, ,401,14330,68602959,245870000,0.00616289318186544
12947,Highway 401 E,Macdonald-Cartier Fwy E,401,11527,71168477,296255000,0.00814309157111629
12948,Highway 401 Expy,Macdonald-Cartier Fwy E,401,18503,88636480,296394000,0.0116658168493764
12949,Highway 401 Collector,Macdonald-Cartier Fwy E,401,12449,68047955,244120000,0.00552427996578059
12950,Highway 401 Collector,Macdonald-Cartier Fwy W,401,9951,56848959,213711000,0.0101572636096564
12951,Highway 401 E,Macdonald-Cartier Fwy E,401,4334,38833821,207571000,0.0122297453711981
12952,Highway 401 E,Macdonald-Cartier Fwy E,401,8048,72840865,343515000,0.0103062048850284
12953,Highway 401 W,Macdonald-Cartier Fwy W,401,4835,35166374,163662000,0.00523536219263949
12954,Highway 401 W,Macdonald-Cartier Fwy W,401,4835,35166374,163662000,0.0147295079513484
12955,Highway 401 Collector,Macdonald-Cartier Fwy E,401,14441,69410153,246707000,0.00694786764214338
12956,Highway 400 S, ,400,5853,26549325,63556000,0.00393231653093209
12957,Highway 401 E,Macdonald-Cartier Fwy E,401,9597,73337838,337829000,0.0285603682570024
12958,Highway 403 E, ,403,2407,20173513,70661000,0.113554991988662
12959,Highway 401 W,Macdonald-Cartier Fwy W,401,11148,45577775,184706000,0.0119291826375691
12960,Highway 401 W,Macdonald-Cartier Fwy W,401,7186,46947270,194307000,0.00523661679534111
12961,Highway 401 E,Macdonald-Cartier Fwy E,401,11738,71264553,296486000,0.0573080519622219
12962,Highway 6 N,Hanlon Expy,6,1534,5463052,22889000,0.0189583619630644
12963,Tc Hwy E, ,417,2755,5820375,15530000,0.00155402632580869
12964,Highway 401 Collector,Macdonald-Cartier Fwy W,401,14098,64198165,270237000,0.00625693186051123
12965,Highway 401 Expy,Macdonald-Cartier Fwy W,401,17002,68027819,215832000,0.0135052865010965
12966,Highway 427 S, ,427,8021,19860040,82609000,0.00603943170551875
12967,Highway 6 N,Hanlon Expy,6,1109,4277875,19757000,0.0022374664029408
12968,Highway 401 W,Macdonald-Cartier Fwy W,401,3473,28606694,151132000,0.00663119495607283
12969,Highway 401 W,Macdonald-Cartier Fwy W,401,7879,61164272,229557000,0.0329536693390582
12970,Highway 403 W, ,403,1937,16926718,41969000,0.125335856279831
12971,Highway 401 W,Macdonald-Cartier Fwy W,401,12164,65726169,236130000,0.0144576733156761
12972,Highway 402 W, ,402,2553,21034470,63256000,0.020742706053403
12973,Shantz Hill Rd,King's Highway 8 W,8,2693,797640,1594000,0.00119877397949157
12974,Highway 401 E,Macdonald-Cartier Fwy E,401,11740,87256367,298761000,0.00816686902617783
12975,Highway 401 W,Macdonald-Cartier Fwy W,401,8516,60465125,229052000,0.0101379338382192
12976,Highway 401 W,Macdonald-Cartier Fwy W,401,8737,62901449,232738000,0.00993375102883016
12977,Highway 401 Collector,Macdonald-Cartier Fwy W,401,12070,58591100,220646000,0.00601119503845952
12978,Highway 401 W,Macdonald-Cartier Fwy W,401,7227,49307946,199277000,0.0273972169010056
12979,Highway 401 E,Macdonald-Cartier Fwy E,401,8310,62096468,217898000,0.00531237419292956
12980,Highway 401 Collector,Macdonald-Cartier Fwy W,401,9951,56848959,213711000,0.00823632628956647
12981,Highway 401 Collector,Macdonald-Cartier Fwy W,401,9240,56954603,213884000,0.00265384865108476
12982,Highway 401 Collector,Macdonald-Cartier Fwy W,401,13077,58989773,222193000,0.00731393566212829
12983,Highway 402 E, ,402,2538,23277900,120265000,0.013304935173381
12984,Highway 401 W,Macdonald-Cartier Fwy W,401,7899,56331589,207742000,0.01267773368551
12985,Highway 401 W,Macdonald-Cartier Fwy W,401,3997,32057065,158241000,0.00634238709075401
12986,Highway 401 E,Macdonald-Cartier Fwy E,401,6798,53893550,188334000,0.133338089951105
12987,Highway 400 S, ,400,4700,29522240,65372000,0.00255010555129405
12988,Highway 400 S, ,400,5547,28680179,62771000,0.0103580324395946
12989,Highway 401 Collector,Macdonald-Cartier Fwy W,401,12424,63643982,269851000,0.00810090281756921
12990,Highway 401 E,Macdonald-Cartier Fwy E,401,4741,39902532,215354000,0.00483276810939965
12991,Highway 401 W,Macdonald-Cartier Fwy W,401,12164,65726169,236130000,0.0115997349309781
12992,Highway 401 E,Macdonald-Cartier Fwy E,401,4462,40624897,217854000,0.00529786550400169
12993,Highway 400 N, ,400,4028,32748615,102792000,0.0172926819894033
12994,Highway 7 W,King's Highway 8 W,7,1441,3874761,8026000,0.0421428330872805
12995,Highway 7 W,King's Highway 6 N,6,1198,5323657,25465000,0.000783885024751953
12996,Highway 403 W, ,403,2153,17090213,42247000,0.00725901121255407
12997,Highway 401 E,Macdonald-Cartier Fwy E,401,6918,56214893,266726000,0.00302678919815201
12998,Highway 401 Collector,Macdonald-Cartier Fwy W,401,12290,59598903,224187000,0.00401097148557587
12999,Highway 6 N,Hanlon Expy,6,1198,5323657,25465000,0.00340312202387077
13000,Highway 401 Collector,Macdonald-Cartier Fwy W,401,12571,62797800,265772000,0.0114187535051321
13001,Highway 9, ,9,1716,4720577,8534000,0.000286121988829845
13002,Hwy 401,On Route,401,4561,41184838,170393000,0.0150675206715685
13003, , ,401,9951,56848959,213711000,0.0065465689061139
13004,Highway 401 W,Macdonald-Cartier Fwy W,401,4449,34216915,144025000,0.00481281954714418
13005,Highway 401 E,Macdonald-Cartier Fwy E,401,3955,38174835,204691000,0.0136763903789096
13006,Highway 401 E,Macdonald-Cartier Fwy E,401,3955,38174835,204691000,0.0141992764789219
13007,Highway 400 N, ,400,3817,26063687,84203000,0.0050683380002026
13008,Highway 400 S, ,400,2417,25735445,47460000,0.00718898201992919
13009,Highway 400 N, ,400,2395,21476330,76361000,0.00690121794117782
13010,Highway 401 Expy,Macdonald-Cartier Fwy E,401,14954,75578722,267937000,0.0377107967776929
13011,Highway 402 E, ,402,2544,23869453,121536000,0.0161195066434326
13012,Highway 401 Collector,Macdonald-Cartier Fwy W,401,12074,58494710,220568000,0.00796367624009747
13013, , ,401,17002,68027819,215832000,0.00649709045434135
13014,Highway 403/410 IC, ,403,9644,43143849,141154000,0.0251492064176638
13015,Highway 401 E,Macdonald-Cartier Fwy E,401,4678,40560061,217719000,0.085038384716429
13016,Highway 403 W, ,403,6440,17520042,65678000,0.0074769970669976
13017,Highway 400 S, ,400,3686,26346790,48871000,0.00516286921291105
13018,Highway 400 N, ,400,3878,27583643,86341000,0.00447287144207888
13019, , ,401,18198,80335030,284787000,0.0109633373638993
13020,Highway 401 Collector,Macdonald-Cartier Fwy E,401,15016,76545829,270070000,0.0041786180188362
13021,Highway 401 Collector,Macdonald-Cartier Fwy E,401,15016,76545829,270070000,0.0045579007669487
13022,Highway 401 E,Macdonald-Cartier Fwy E,401,8686,70826634,343846000,0.0404217032232532
13023,Highway 401 Collector,Macdonald-Cartier Fwy W,401,13439,64071015,270056000,0.0040648508208477
13024,Highway 401 Collector,Macdonald-Cartier Fwy E,401,18198,80335030,284787000,0.00541465833983159
13025,Highway 401 E,Macdonald-Cartier Fwy E,401,8674,71017864,345014000,0.00531846670262832
13026,Highway 401 W,Macdonald-Cartier Fwy W,401,8018,61061513,227529000,0.00819522236007644
13027,Highway 85 S,Conestoga Pky S,85,4483,5373402,19273000,0.00113891824261237
13028,HIGHWAY 401 TO HIGHWAY 401 COLLECTOR, ,401,9201,56610356,213508000,0.00942534135861363
13029,Highway 401 E,Macdonald-Cartier Fwy E,401,8571,71572516,343528000,0.0131638007049008
13030,Highway 401 E,Macdonald-Cartier Fwy E,401,12193,55302446,255333000,0.00557956056988235
13031,Highway 401 E,Macdonald-Cartier Fwy E,401,3641,38238360,205557000,0.0736444459811604
13032,Highway 401 W,Macdonald-Cartier Fwy W,401,3997,32057065,158241000,0.0789328388060987
13033,Highway 401 W,Macdonald-Cartier Fwy W,401,9054,61832026,238235000,0.0143754623602107
13034,Service Road, ,401,10153,66712694,239818000,0.0121267035838109
13035,Highway 401 E,Macdonald-Cartier Fwy E,401,13083,80863074,293213000,0.00614166265222106
13036,Highway 401 W,Macdonald-Cartier Fwy W,401,13493,64189240,233547000,0.00533634021894406
13037,Highway 401 E,Macdonald-Cartier Fwy E,401,4367,40560061,217719000,0.0663408830574463
13038,Highway 401 W,Macdonald-Cartier Fwy W,401,4560,32047946,138724000,0.0935058439218907
13039,Highway 401 E,Macdonald-Cartier Fwy E,401,4427,38782668,210935000,0.00371242775274946
13040,Highway 401 W,Macdonald-Cartier Fwy W,401,4819,34221819,142727000,0.00748531187251573
13041,Highway 401 Collector,Macdonald-Cartier Fwy W,401,16318,64646835,271391000,0.00746960665767276
13042,Highway 401 W,Macdonald-Cartier Fwy W,401,3689,29357140,152633000,0.0288154981268773
13043,Highway 401 E,Macdonald-Cartier Fwy E,401,6798,53893550,188334000,0.00454308442251234
13044,Highway 401 W,Macdonald-Cartier Fwy W,401,3936,32745721,159661000,0.0571676920227868
13045,Highway 401 E,Macdonald-Cartier Fwy E,401,3852,38240739,205560000,0.06179207786432
13046,Highway 401, ,401,12926,68785350,244452000,0.00638638574050805
13047,Highway 401 W,Macdonald-Cartier Fwy W,401,8006,60961032,226771000,0.0432965760613934
13048,Highway 401 W,Macdonald-Cartier Fwy W,401,7869,57524237,212182000,0.00637430715955265
13049,Highway 401 W,Macdonald-Cartier Fwy W,401,8294,61644611,232400000,0.0333828320443819
13050,Highway 400 S, ,400,5547,28680179,62771000,0.0112104431472553
13051,Highway 400 S, ,400,3988,30097458,63769000,0.00572301099925252
13052,Highway 400 N, ,400,5045,32423418,102497000,0.00577561176613268
13053,Highway 401 Collector,Macdonald-Cartier Fwy E,401,12770,67792600,247371000,0.00343523569975565
13054,Highway 401 Collector,Macdonald-Cartier Fwy W,401,12034,62878183,265968000,0.00229031607710035
13055,Highway 401 E,Macdonald-Cartier Fwy E,401,3955,38174837,204691000,0.00684058906552788
13056,Highway 402 W, ,402,2823,21691967,65629000,0.00574139079820955
13057,Highway 401 W,Macdonald-Cartier Fwy W,401,9972,56959696,210135000,0.00652986138972821
13058,Highway 400 S, ,400,3536,28840735,55156000,0.00523559513649862
13059,Highway 401 Collector,Macdonald-Cartier Fwy E,401,14535,75753393,269557000,0.00264842396436216
13060,Highway 401 Collector,Macdonald-Cartier Fwy W,401,12025,63055914,268298000,0.00440387036324334
13061,Highway 401 E,Macdonald-Cartier Fwy E,401,14871,80761890,282341000,0.00561117667460082
13062,Highway 403 W, ,403,2070,16824326,40977000,0.079830542980396
13063,Highway 7 E,King's Highway 8 E,7,1501,6869062,15916000,0.0546022764511523
13064,Tc Hwy, ,417,557,5466498,21261000,0.0218744658516564
13065,Tc Hwy, ,417,557,5466498,21261000,0.00619320139860301
13066,Highway 401 W,Macdonald-Cartier Fwy W,401,10798,61109010,228085000,0.00474660555292036
13067,Highway 401 W,Macdonald-Cartier Fwy W,401,8739,62763552,232450000,0.00842543788864064
13068,Highway 401 E,Macdonald-Cartier Fwy E,401,8410,66083169,334416000,0.00808999560093365
13069,Highway 401 W,Macdonald-Cartier Fwy W,401,10544,58362451,219285000,0.0207502133977536
13070,King St Bypass, ,8,2672,12238698,27273000,0.00958365927598256
13071,Highway 401 E,Macdonald-Cartier Fwy E,401,6024,49782585,178423000,0.0188706780277487
13072,Highway 401 E,Macdonald-Cartier Fwy E,401,5572,49864337,173717000,0.0131128374453859
13073,Highway 401 Collector,Macdonald-Cartier Fwy E,401,15323,69442312,248135000,0.00886062953566077
13074,HIGHWAY 401 COLLECTOR TO HIGHWAY 401, ,401,9201,56610356,213508000,0.0100577409409593
13075,Highway 400, ,400,728,9209728,41057000,0.0074126227590293
13076,Highway 401 Expy,Macdonald-Cartier Fwy W,401,17002,68027819,215832000,0.0400967498163272
13077,Highway 401 Collector,Macdonald-Cartier Fwy E,401,15269,76961692,266486000,0.00588625342142765
13078,Highway 401 W,Macdonald-Cartier Fwy W,401,5025,45915412,187632000,0.00729144531009457
13079,Tc Hwy W,King's Highway 417 W,417,1128,9979743,40671000,0.0105436651511874
13080,Tc Hwy W,King's Highway 417 W,417,1196,9788637,40508000,0.00591650310713746
13081,Highway 401 W,Macdonald-Cartier Fwy W,401,3689,29357140,152633000,0.0429988031615411
13082,Highway 401 E,Macdonald-Cartier Fwy E,401,5379,39134617,212335000,0.0477344701617105
13083,Tc Hwy E, ,417,1168,7056478,16397000,0.00710956694298661
13084,Highway 401 E,Macdonald-Cartier Fwy E,401,3639,36389045,191773000,0.0062076173149399
13085,Highway 401 W,Macdonald-Cartier Fwy W,401,10541,60669739,227322000,0.00508091080574078
13086,Highway 402 E, ,402,2538,23277900,120265000,0.00531050222977962
13087,Highway 401 W,Macdonald-Cartier Fwy W,401,6051,45774801,186231000,0.014932068577669
13088,Highway 401 E,Macdonald-Cartier Fwy E,401,6999,55134274,194873000,0.0173954819326907
13089,Highway 401 Expy,Macdonald-Cartier Fwy E,401,14430,69844902,249238000,0.027037463131223
13090,Highway 401 Collector,Macdonald-Cartier Fwy E,401,14370,69337344,248253000,0.00890866870392422
13091,Highway 401 W,Macdonald-Cartier Fwy W,401,8146,61634089,232118000,0.00758437104616663
13092,Highway 401 W,Macdonald-Cartier Fwy W,401,7879,61164272,229557000,0.0122657385707718
13093,Tc Hwy W,King's Highway 417 W,417,5953,10353070,50033000,0.0103106612699689
13094,Rest Area, ,401,3582,41381496,164883000,0.00156499940003434
13095,Highway 401 W,Macdonald-Cartier Fwy W,401,4636,32895642,143760000,0.00608050621820972
13096,Highway 401 W,Macdonald-Cartier Fwy W,401,6051,45774801,186231000,0.00581276646278301
13097,Highway 401 E,Macdonald-Cartier Fwy E,401,3955,38174835,204691000,0.044313587705924
13098,Service Road, ,401,3955,38174835,204691000,0.0144448478668011
13099,Highway 401 Collector,Macdonald-Cartier Fwy W,401,10370,57707319,217971000,0.00789965677916365
13100,Highway 401 Collector,Macdonald-Cartier Fwy W,401,11943,58555414,219448000,0.00312829835642384
13101,Highway 401 Collector,Macdonald-Cartier Fwy W,401,10370,57707319,217971000,0.00430816608526947
13102,King St E,King's Highway 8 W,8,2693,797640,1594000,0.00194772712436671
13103,Highway 401 E,Macdonald-Cartier Fwy E,401,9229,59125985,269471000,0.00422685095085181
13104,Highway 401 W,Macdonald-Cartier Fwy W,401,8294,61644611,232400000,0.011219041505529
13105,Highway 401 W,Macdonald-Cartier Fwy W,401,5451,34319638,140612000,0.0398493401416378
13106,Highway 6 N,Hanlon Expy,6,1109,4277875,19757000,0.0213561734050213
13107,Highway 401 E,Macdonald-Cartier Fwy E,401,8798,71887985,347222000,0.0126686613194609
13108,Highway 401 W,Macdonald-Cartier Fwy W,401,8294,61644611,232400000,0.0102112618365038
13109,Highway 401 W,Macdonald-Cartier Fwy W,401,11456,64476132,235132000,0.00512080311424075
13110,Highway 401 E,Macdonald-Cartier Fwy E,401,9292,70940890,331189000,0.0103502910624416
13111,Highway 400, ,400,777,9578015,42300000,0.00550650578324398
13112,Highway 401 Collector,Macdonald-Cartier Fwy E,401,14526,75653371,268128000,0.00695122059346312
13113,Highway 7, ,7,579,2555561,7591000,0.0105033192825503
13114,Highway 401 Collector,Macdonald-Cartier Fwy W,401,12366,62866935,267482000,0.0063494280162445
13115,Highway 85 N,Conestoga Pky N,85,3667,4789908,14228000,0.00496690332232237
13116,Highway 401 E,Macdonald-Cartier Fwy E,401,5799,55362516,196080000,0.00740237795442442
13117,Highway 401 W,Macdonald-Cartier Fwy W,401,8394,63172313,231819000,0.0188833705101962
13118,Highway 7 W,King's Highway 8 W,7,1415,3701747,7938000,0.0589609643404126
13119,Highway 403 W, ,403,5042,20569504,78086000,0.00470707611667977
13120,Tc Hwy W, ,417,2218,7681814,42647000,0.00172996807517341
13121,Highway 401 Collector,Macdonald-Cartier Fwy W,401,9196,56610356,213508000,0.00507036654321368
13122,Tc Hwy E, ,417,6276,11511716,33581000,0.00563451209644845
13123,Highway 401 Collector, ,401,18503,88636480,296394000,0.00631663734091458
13124,Highway 401 Expy,Macdonald-Cartier Fwy E,401,18198,80335030,284787000,0.0301075746399602
13125,Highway 401 Collector,Macdonald-Cartier Fwy E,401,19325,79459798,289414000,0.00903073634248608
13126,Highway 403 E, ,403,5810,17645465,67896000,0.00526522334000126
13127,Highway 8 E,King St Bypass,8,3162,20018057,47351000,0.0179870097723459
13128,Highway 400 N, ,400,3530,32635140,101774000,0.00451867026129548
13129,Highway 400 N, ,400,3991,32627118,102130000,0.0056124650708588
13130,Highway 400 S, ,400,4353,28957353,61792000,0.00526153041654815
13131,Highway 401 Collector,Macdonald-Cartier Fwy E,401,14526,75653371,268128000,0.00684875683840506
13132,Highway 401 Collector,Macdonald-Cartier Fwy W,401,12070,58591100,220646000,0.00606848736558461
13133,Highway 401 Collector,Macdonald-Cartier Fwy W,401,9240,56954603,213884000,0.00642574276997278
13134,Highway 401 Collector,Macdonald-Cartier Fwy E,401,11283,67836437,246174000,0.019446241683973
13135,Highway 401 E,Macdonald-Cartier Fwy E,401,7402,64767275,236071000,0.00990906591818485
13136,Highway 401 W,Macdonald-Cartier Fwy W,401,4608,39757359,172768000,0.00834380386032245
13137,Highway 401 W,Macdonald-Cartier Fwy W,401,4608,39757359,172768000,0.0105965662915578
13138,Highway 401 Collector,Macdonald-Cartier Fwy E,401,11499,68095221,243572000,0.00960792596387107
13139,Highway 401 Collector,Macdonald-Cartier Fwy E,401,15217,76810174,270230000,0.011868292900164
13140,Highway 403 W, ,403,6440,17520042,65678000,0.0213877764510178
13141,Hurontario St,Highway 10,10,154,2889215,11474000,0.00227105092129191
13142,Highway 403 W, ,403,6440,17520042,65678000,0.00500551694874091
13143,Highway 401 Expy,Macdonald-Cartier Fwy W,401,17130,78217420,261599000,0.00570142544585012
13144,Highway 401 Collector,Macdonald-Cartier Fwy E,401,19721,101653211,360153000,0.00593371412152296
13145,Highway 401 Collector,Macdonald-Cartier Fwy E,401,12449,68047955,244120000,0.00681125864363529
13146,Highway 401 Collector,Macdonald-Cartier Fwy E,401,11560,68147073,244844000,0.00451905292054356
13147,Highway 401 Collector,Macdonald-Cartier Fwy E,401,16918,77003362,272014000,0.0109578733608152
13148,Highway 401 Collector,Macdonald-Cartier Fwy W,401,14098,64198165,270237000,0.0110991350727248
13149,Hurontario St,Highway 10,10,182,3075864,14118000,0.00581156758488273
13150,Highway 401 E,Macdonald-Cartier Fwy E,401,8551,65775922,240590000,0.00580460107784976
13151,Tc Hwy W,King's Highway 417 W,417,6337,8428691,45638000,0.00642087492214727
13152,Highway 401 Collector,Macdonald-Cartier Fwy E,401,12926,68785350,244452000,0.00680608704751606
13153,Highway 403 E, ,403,2319,19877156,69615000,0.0696384617322877
13154,Highway 7 W,King's Highway 8 W,7,1712,4295885,8391000,0.00798327652021399
13155,Highway 401 Collector,Macdonald-Cartier Fwy E,401,14535,75753393,269557000,0.0089692389076658
13156,Shantz Hill Rd,King's Highway 8 E,8,3299,1578952,6882000,0.0028784466219561
13157,Highway 401 W,Macdonald-Cartier Fwy W,401,10544,58362451,219285000,0.0089058223617206
13158,Highway 401 E,Macdonald-Cartier Fwy E,401,11527,71168477,296255000,0.0243376810305409
13159,Highway 401 E,Macdonald-Cartier Fwy E,401,7989,55934332,207702000,0.0087715190260972
13160,Highway 406 S, ,406,1209,3961244,6165000,0.00598227493269946
13161,Highway 58 S, ,58,626,2523773,1168000,0.0067744356151928
13162,Highway 401 E,Macdonald-Cartier Fwy E,401,7989,55934332,207702000,0.00939050875880713
13163,Queen Elizabeth Way W, ,1,4760,37072034,121370000,0.0176139983975513
13164,Highway 401 E,Macdonald-Cartier Fwy E,401,10370,66730178,242567000,0.00402901846747995
13165,Kingston Rd,Highway 2,2,0,0,0,0.00492562504743969
13166,Highway 400 S, ,400,4316,28957353,61792000,0.00218709268538986
13167,Queen Elizabeth Way E, ,1,10290,42052246,102924000,0.00991034797626373
13168,Hwy 401,Rt Hon Herb Gray Pkwy,401,0,0,0,0.0214986917436658
13169,Highway 403 W, ,403,6394,17779793,66606000,0.00706452475602435
13170,Hwy 401,Rt Hon Herb Gray Pkwy,401,0,0,0,0.00348106016475735
13171,Hwy 27, ,27,0,0,0,0.00217712195340343
13172,Hwy 401,Rt Hon Herb Gray Pkwy,401,0,0,0,0.00233469544367312
13173,Regional Road 7 W, ,7,0,0,0,0.00857669151633718
13174,Highway 401 E,Macdonald-Cartier Fwy E,401,900,32912375,174238000,0.00566917270630287
13175,Yonge St,County Road 1,11,0,0,0,0.00303489756072756
13176,Highway 401 E,Macdonald-Cartier Fwy E,401,4297,39077582,208735000,0.00191053786967825
13177,Kingston Rd,Highway 2,2,0,0,0,0.000607990953880866
13178,Highway 401 E,Macdonald-Cartier Fwy E,401,4424,37417657,205183000,0.00298619482208688
13179,Kingston Rd,Highway 2,2,0,0,0,0.0020225936319928
13180,Highway 401 E,Macdonald-Cartier Fwy E,401,4424,37417657,205183000,0.00200073287260537
13181,Highway 404 N, ,404,4815,20461964,53274000,0.0124771630813237
13182,Highway 401 E,Macdonald-Cartier Fwy E,401,8407,66747631,338591000,0.00331055270902393
13183,Regional Road 7 E, ,7,0,0,0,0.00219376337326525
13184,Highway 401 W,Macdonald-Cartier Fwy W,401,8006,60961032,226771000,0.00343690101916114
13185,Regional Road 7 W, ,7,0,0,0,0.00220725349697904
13186,Highway 401 E,Macdonald-Cartier Fwy E,401,10672,77087481,311084000,0.00284857497234208
13187,Highway 3 W,Talbot Rd,3,969,26727672,124186000,0.00100166196673097
13188, , ,401,15439,64295834,235037000,0.00150092569318368
13189,Truck Inspection Station, ,401,7402,64767275,236071000,0.0139856902724979
13190,Highway 401 E,Macdonald-Cartier Fwy E,401,7411,64733323,235348000,0.00303889876770794
13191,Highway 401 E,Macdonald-Cartier Fwy E,401,7402,64767275,236071000,0.00272458827276883
13192,Rest Area, ,401,5569,46033747,189093000,0.00912980310908602
13193,Highway 401 W,Macdonald-Cartier Fwy W,401,5569,46033747,189093000,0.0412712759166296
13194,Highway 401 W,Macdonald-Cartier Fwy W,401,5569,46033747,189093000,0.00907555173795384
13195,Rest Area,Port Hope OnRoute,401,5896,55671108,198430000,0.0106367037841998
13196,Highway 401 E,Macdonald-Cartier Fwy E,401,5896,55671108,198430000,0.0132116827335436
13197,Highway 401 E,Macdonald-Cartier Fwy E,401,5896,55671108,198430000,0.010602802397139
13198,Hwy 401,On Route,401,5764,54942042,191804000,0.00786047223892436
13199,Hwy 401,On Route,401,4766,44485294,179771000,0.00983887672711476
13200,Highway 401 W,Macdonald-Cartier Fwy W,401,4766,44485294,179771000,0.0262023265827584
13201,Highway 401 W,Macdonald-Cartier Fwy W,401,4766,44485294,179771000,0.00979340622531538
13202,Highway 401 E,Macdonald-Cartier Fwy E,401,5764,54942042,191804000,0.0241321782193843
13203,Highway 401 E,Macdonald-Cartier Fwy E,401,5764,54942042,191804000,0.00776882832010649
13204,Hwy 401,On Route,401,5694,50389170,176193000,0.00855761140179078
13205,Highway 401 E,Macdonald-Cartier Fwy E,401,5694,50389170,176193000,0.0218929376959546
13206,Highway 401 E,Macdonald-Cartier Fwy E,401,5694,50389170,176193000,0.00850406588378685
13207,Highway 401 E,Macdonald-Cartier Fwy E,401,5275,49011862,169166000,0.00814003973637352
13208,Highway 115 N, ,115,1193,5199500,12946000,0.00523944637020093
13209,Highway 6 S,Hanlon Expy,6,1544,6911003,34725000,0.0065680843600564
13210,Highway 7 E,King's Highway 8 E,7,2695,13638006,17780000,0.00198270852588782
13211,Highway 403 W, ,403,3708,18498103,57361000,0.0127168053887714
13212,Highway 400 N, ,400,768,9525319,42269000,0.0192049066886865
13213,Highway 400 N, ,400,793,9515359,42266000,0.00292735811229078
13214,Highway 400 N, ,400,699,9515359,42266000,0.0182919331011385
13215,Highway 400 N, ,400,793,9515359,42266000,0.00399687755992798
13216,Highway 400, ,400,930,9581038,42023000,0.00452041802012447
13217,Highway 400, ,400,846,6061541,20304000,0.00515157422223754
13218,Highway 400, ,400,930,9581038,42023000,0.0675377542664325
13219,Highway 400, ,400,437,6061541,20304000,0.00926485364743543
13220,Highway 400, ,400,481,9581038,42023000,0.00730486391441264
13221,Highway 400, ,400,809,9479873,41485000,0.00559688776956434
13222,Highway 400, ,400,437,6061541,20304000,0.0256961421281938
13223,Highway 400, ,400,437,6061541,20304000,0.00560192815224978
13224,Tc Hwy W,King's Highway 417 W,417,1196,9788637,40508000,0.00536056634479065
13225,Tc Hwy W, ,417,3010,9623569,36845000,0.0104388244296636
13226,Tc Hwy W, ,417,3010,9623569,36845000,0.00777348579405791
13227,Tc Hwy E, ,417,2894,6830724,15100000,0.0111095984608034
13228,Tc Hwy E, ,417,2894,6830724,15100000,0.00522318434296522
13229, , ,417,6337,8428691,45638000,0.0150833692271333
13230,Tc Hwy W,King's Highway 417 W,417,6337,8428691,45638000,0.00154595175050454
13231,Tc Hwy, ,417,557,5466498,21261000,0.00349885992486597
13232,Tc Hwy, ,417,445,4957282,20515000,0.00438213302819978
13233,Tc Hwy, ,417,1022,4957282,20515000,0.0621869348993649
13234,Highway 417, ,417,1008,4596861,13906000,0.00575284489594861
13235,Highway 417, ,417,435,4596861,13906000,0.0311542483725012
13236,Highway 417, ,417,571,5051469,14634000,0.00625345864626229
13237,Highway 417, ,417,435,4596861,13906000,0.00423250367583284
13238,Highway 402 E, ,402,2894,26393730,123235000,0.00568240298420468
13239,Highway 402 E, ,402,2544,23869453,121536000,0.00250831329720601
13240,Highway 402, ,402,2838,21807122,118510000,0.00456875283304947
13241,Highway 6 S,Hanlon Expy,6,1553,7495497,35130000,0.00402225138059189
13242,Highway 11, ,11,1187,13425515,48020000,0.000859536914870663
13243,Highway 17a, ,17,659,9490064,37057000,0.000667977544560052
13244,Highway 11, ,11,925,8404368,28028000,0.00418629180494907
13245,Highway 11,Highway 17,17,1120,9526103,39511000,0.000231485554664063
13246,Highway 410,Highway 10,10,1321,7556361,9299000,0.0038618898324827
13247,Highway 11,Highway 17,17,1197,11305073,40807000,0.000122189837966478
13248,Highway 410, ,410,2276,8767472,6251000,0.017173029405534
13249,Regional Road 99, ,427,3975,13073252,55309000,0.00485820164990771
13250,Merritt Road, ,58,0,0,0,0.00231917679732362
13251,Highway 69, ,69,824,5352428,19500000,0.00753611533543977
13252,Highway 400, ,400,714,9589404,42060000,0.00277572711193937
13253,Highway 11, ,11,867,10153498,29156000,0.000831774285489012
13254,Highway 400, ,400,1185,9209110,41041000,0.0174644352066886
13255,Highway 7, ,7,616,2651161,7709000,0.00858273352993009
13256,Highway 11,Highway 17,17,1121,9526103,39511000,0.000260847622174022
13257,Highway 11, ,11,956,9824421,27969000,0.00491427364790719
13258,Highway 11, ,11,768,7460910,30712000,0.00804445373425238
13259,Highway 17, ,17,418,3866736,14028000,0.000400730582806187
13260,Highway 11, ,11,867,10153498,29156000,0.00818990161197842
13261,Highway 11, ,11,809,10240356,28731000,0.00680553318721645
13262,Highway 11, ,11,950,10572085,29200000,0.00508438937310117
13263,Highway 11,Algonquin Avenue,11,768,7460910,30712000,0.00035850801940048
13264,Highway 400 S, ,400,815,9686141,42579000,0.00562018895679548
13265,Highway 11,Algonquin Avenue,11,888,7495695,30774000,0.00412488643963193
13266,Highway 7, ,7,671,2693915,8037000,0.0348427847056085
13267,Highway 7, ,7,691,2651161,7709000,0.0212741219051698
13268,Highway 400, ,400,698,10067418,42992000,0.0101578397911204
13269,Highway 11, ,11,46,652194,53000,0.000951231832954203
13270,Highway 410, ,410,2225,9624328,14352000,0.010661686752344
13271,Highway 17 W, ,17,750,5023137,25106000,0.0524708745802766
13272,Highway 7, ,7,671,2693915,8037000,0.00840215618623768
13273,Highway 69, ,69,911,9153015,40573000,0.00602697431988052
13274,Merritt Road, ,58,0,0,0,0.0010946270811462
13275,Highway 11, ,11,1068,8642350,29490000,0.00399096492797086
13276,Highway 7, ,7,616,2651161,7709000,0.0668825659671655
13277,Highway 11, ,11,867,10153498,29156000,0.00445717699690453
13278,Highway 11, ,11,861,10495599,29176000,0.00515169988955121
13279,Highway 11, ,11,434,9562319,27945000,0.00918237616304235
13280,Highway 11, ,11,32,7026,14000,0.000338249907612907
13281,Highway 69, ,69,911,9153015,40573000,0.01231632711519
13282,Highway 11, ,11,1006,8884714,30445000,0.004778063182061
13283,Highway 400 S, ,400,815,9686141,42579000,0.0510180333830322
13284,Highway 61, ,61,585,459874,1155000,0.000477037734345731
13285,Highway 410, ,410,3049,10831283,17595000,0.0069771874078555
13286,Highway 11, ,11,469,9595508,28008000,0.00835329690651558
13287,Highway 410, ,410,3913,14624077,31304000,0.00645948833931845
13288,Highway 20, ,20,0,0,0,0.000424876041614114
13289,Highway 20, ,20,0,0,0,0.000173331345620566
13290,Highway 17 W, ,17,750,5023137,25106000,0.00906027433726596
13291,Highway 17 W, ,17,1112,9414680,46448000,0.00723893807728954
13292,Highway 400 S, ,400,815,9686141,42579000,0.00428046945897362
13293,Merritt Road, ,58,0,0,0,0.00148525592659901
13294,Highway 406, ,406,1133,3764413,6021000,0.0291462337486982
13295,West Highway  17, ,17,566,5036960,25434000,0.0147245118155927
13296,Highway 20, ,20,0,0,0,0.00209566725332168
13297,Highway 11, ,11,469,9595508,28008000,0.0117200379718503
13298,Highway 17 W, ,17,1106,8336218,36217000,0.00658993239216961
13299,Highway 17, ,17,810,1913689,10152000,0.00780164249535352
13300,Highway 400, ,400,774,9590525,42068000,0.00760660397367648
13301,Highway 11,Algonquin Avenue,11,888,7495695,30774000,0.000558008064413241
13302,Highway 11, ,11,956,9824421,27969000,0.000589903381904689
13303,Highway 406, ,406,1071,1342883,3563000,0.0245149650322237
13304,Highway 406, ,406,1071,1342883,3563000,0.0026804011107112
13305,Highway 20, ,20,0,0,0,0.00237164652447578
13306,Highway 20, ,20,0,0,0,0.000163718565457585
13307,Highway 17 W, ,17,1106,8336218,36217000,0.00537825393822111
13308,Highway 11, ,11,469,9595508,28008000,0.0308577483087184
13309,Highway 17 W, ,17,0,0,0,0.000254206608883805
13310,Highway 11, ,11,805,9579124,27960000,0.00567365786059928
13311,Highway 400, ,400,1237,8760017,39288000,0.00730567850251602
13312,Highway 20, ,20,0,0,0,0.00067173303121372
13313,Regional Road 99, ,427,0,0,0,0.00128471203002721
13314,Highway 410, ,410,2225,9624328,14352000,0.0100172445736484
13315,Merritt Road, ,58,0,0,0,0.000190742318954087
13316,Highway 9, ,9,1093,7334958,9365000,0.00190521765001858
13317,Highway 11, ,11,768,7460910,30712000,0.000427846935264313
13318,Highway 406, ,406,824,3006211,4421000,0.00509615762383515
13319,Highway 410, ,410,2276,8767472,6251000,0.00832113574825158
13320,Atherley Road, ,12,782,777970,1790000,0.00129223384901621
13321,Atherley Road, ,12,643,1204871,956000,0.000358637723100495
13322,Atherley Road, ,12,643,1204871,956000,0.000358962271972327
13323,Highway 26, ,26,407,3986747,2932000,0.00230998070564896
13324,Highway 26, ,26,504,4435976,3238000,0.00691172164410032
13325,Highway 400, ,400,760,9589404,42060000,0.114957499836798
13326,Highway 400, ,400,715,9016038,39450000,0.0143517987852692
13327,Highway 11, ,11,46,652194,53000,0.00218806771082698
13328,Highway 17a, ,17,614,9495452,37201000,0.000710551905176716
13329,Highway 11, ,11,382,7615776,18231000,0.00963852134833192
13330,Highway 400, ,400,728,9209728,41057000,0.0427925561048651
13331,Highway 400, ,400,893,9443711,41390000,0.0421605913713814
13332,Highway 400, ,400,774,9590525,42068000,0.0494426558430587
13333,Highway 69, ,69,950,9165794,40873000,0.0380897680493774
13334,Highway 69, ,69,829,5374172,19658000,0.0768674830984599
13335,Highway 69, ,69,950,9165794,40873000,0.00471469532413895
13336,Highway 17, ,17,359,3648489,20207000,0.00218210877332227
13337,Highway 11, ,11,423,7251865,17893000,0.0534517842815013
13338,Highway 400, ,400,756,6100920,20550000,0.021302864600276
13339,Highway 11, ,11,991,8642350,29490000,0.0306430196930645
13340,Highway 11,Highway 17,17,797,7034849,27246000,0.00022980656225125
13341,Highway 11 S, ,11,1076,9466724,29259000,0.17539030612906
13342,Highway 11, ,11,456,7207221,17927000,0.0761753361744761
13343,Highway 11, ,11,743,9579124,27960000,0.0536499943696851
13344,Highway 410, ,410,2276,8767472,6251000,0.00984122430087978
13345,Highway 11, ,11,809,10240356,28731000,0.0585834448861034
13346, , ,1,1796,16178504,77315000,0.00878288574741444
13347,Highway 69, ,69,613,9165794,40873000,0.0158581926825693
13348,Highway 11, ,11,456,7207221,17927000,0.0774856195580857
13349,Highway 11, ,11,437,10240356,28731000,0.0409699250238073
13350,Highway 11, ,11,907,10227147,28727000,0.0385767384744882
13351,Riverside Drive, ,101,0,0,0,0.0114280397077341
13352,Highway 11, ,11,757,7837315,18564000,0.0828726737443184
13353,Highway 400, ,400,829,5746240,20076000,0.0124684437016959
13354,Highway 69, ,69,692,9152167,40570000,0.00766773444607391
13355,Highway 17 W, ,17,553,5032225,25338000,0.173341804986071
13356,Highway 17, ,17,891,4936447,21294000,0.0111656538633229
13357,Highway 69, ,69,711,9165794,40873000,0.0203186078474955
13358,Highway 11, ,11,1050,8784495,29291000,0.118077666107849
13359,Highway 9, ,9,1093,7334958,9365000,0.000619842035595926
13360,Highway 406, ,406,245,733332,1582000,0.00932496841070439
13361,Highway 69, ,69,824,5352428,19500000,0.0428462522052353
13362,Highway 11,Highway 17,17,1121,9526103,39511000,0.000250159062849089
13363,Algonquin Boulevard East, ,101,0,0,0,0.00670331478813307
13364,Highway 11,Highway 17,17,796,7034849,27246000,0.000234089493464888
13365,Highway 11,Highway 17,17,1187,13425515,48020000,0.000218283444818831
13366,Highway 11,Highway 17,17,1269,9533089,39520000,0.000787464849600443
13367,Trout Lake Road, ,63,0,0,0,0.00034872919895372
13368,Highway 11, ,11,956,9824421,27969000,0.00262274961608874
13369,Highway 11, ,11,0,0,0,0.000770960348856617
13370,Highway 11, ,11,805,9579124,27960000,0.0280628472586846
13371,Highway 11,Highway 17,17,637,7126228,37699000,0.0434076954857273
13372,Highway 7, ,7,0,0,0,0.00434994710247091
13373,Highway 11, ,11,1001,10006204,30758000,0.0991234611500716
13374,Highway 11, ,11,1015,10240356,28731000,0.00913140493022165
13375,Highway 61, ,61,101,441816,1751000,0.00192881685960762
13376,Highway 11,Highway 17,17,1205,13363266,47854000,0.000161756396900603
13377,Highway 406, ,406,633,733332,1582000,0.0149245721716111
13378,Highway 11, ,11,908,10493662,28762000,0.0932698057361468
13379,Highway 11, ,11,895,8884714,30445000,0.104771578656878
13380,Highway 17,Highway 11,17,417,3867027,14096000,0.00124414962232463
13381,Highway 400, ,400,893,9443711,41390000,0.0119599389047013
13382,Highway 400, ,400,704,8934902,39393000,0.0157338260221197
13383,Highway 11,Highway 17,17,1197,11305073,40807000,0.000357382750371269
13384,Highway 11, ,11,510,9716052,28068000,0.00526269734118185
13385,Highway 11, ,11,456,7207221,17927000,0.00555672811359939
13386,Highway 11, ,11,489,9788174,27677000,0.0053026318291633
13387,Highway 11, ,11,423,7251865,17893000,0.00453559654514922
13388,Highway 11,Highway 11,11,991,8404585,28033000,0.00558316281462859
13389,Highway 17, ,17,578,6458992,38064000,0.208687706692875
13390,Highway 101, ,101,0,0,0,0.0216384390109584
13391,Highway 400 S, ,400,806,8546979,41849000,0.0271892278449719
13392,Highway 410, ,410,2225,9624328,14352000,0.00786374874537298
13393,Highway 11, ,11,840,10650667,29270000,0.117670749149601
13394,Highway 69, ,69,711,9165794,40873000,0.0159896813806365
13395,Highway 11, ,11,913,8674837,29324000,0.125188847086515
13396,Highway 26, ,26,447,3974671,2851000,0.0668028734092562
13397,Highway 11, ,11,850,9587589,28009000,0.0392017654918314
13398,Highway 69, ,69,613,9165794,40873000,0.0461597506704617
13399,Highway 11,Highway 17,11,359,3648489,20207000,0.0101346969540362
13400,Highway 7, ,7,691,2651161,7709000,0.00678476809824205
13401,Highway 11, ,11,489,9788174,27677000,0.0524285271776595
13402,Highway 11, ,11,437,10240356,28731000,0.0129208826130791
13403,Highway 400, ,400,913,10374862,43567000,0.062312050539047
13404,Highway 406, ,406,641,697818,1559000,0.0197624532759498
13405, , ,405,1119,9077677,38665000,0.0162145537994978
13406,Highway 400, ,400,1237,8760017,39288000,0.00901287944823783
13407,Highway 11, ,11,907,10227147,28727000,0.0107652387131201
13408,Highway 400, ,400,1237,8760017,39288000,0.0150347570239934
13409,Highway 406, ,406,641,697818,1559000,0.000896540389094064
13410,Highway 61, ,61,49,580090,1855000,0.00249047862531006
13411,Highway 69, ,69,908,9152167,40570000,0.0152482591031441
13412,Highway 61, ,61,468,503693,1220000,0.000694256742572037
13413,Highway 7, ,7,691,2651161,7709000,0.00664551840717417
13414,Highway 11, ,11,956,9824421,27969000,0.0524972541004673
13415,Highway 11,Highway 11,11,1120,8507852,19028000,0.00492414779186881
13416,Highway 7, ,7,671,2694337,8037000,0.0326880456235403
13417,Highway 17,Highway 11,17,0,0,0,0.00136040731192464
13418,Highway 7, ,7,616,2651161,7709000,0.00638709881958943
13419,Highway 11, ,11,311,7251865,17893000,0.00953657068415273
13420,Highway 11, ,11,359,9788174,27677000,0.0422580994201113
13421,Highway 11, ,11,311,7251865,17893000,0.0438630066343478
13422,Highway 11, ,11,489,9788174,27677000,0.00468798644783535
13423,Highway 11, ,11,311,7251865,17893000,0.00781539997885133
13424,Highway 11, ,11,359,9788174,27677000,0.00832565632191936
13425,Highway 11, ,11,311,7251865,17893000,0.00414668141469072
13426,Highway 11, ,11,510,9716052,28068000,0.0501340727101655
13427,Highway 11, ,11,510,9716052,28068000,0.00845385173854807
13428,Highway 11, ,11,456,7207221,17927000,0.00686010352883385
13429,Highway 11, ,11,456,7207221,17927000,0.0554918505716225
13430,Highway 11, ,11,510,9716052,28068000,0.0330379750859655
13431,Highway 11, ,11,510,9716052,28068000,0.00677938721092768
13432,Highway 11, ,11,456,7207221,17927000,0.00561223825778002
13433,Highway 11, ,11,456,7207221,17927000,0.0283291714783558
13434,Highway 11, ,11,456,7207221,17927000,0.0056090903433769
13435,Highway 11,Highway 11,11,744,9595508,28008000,0.0775256563886906
13436,Highway 11,Highway 11,11,850,9587589,28009000,0.0129890564653716
13437,Highway 11,Highway 11,11,847,9461264,28042000,0.0084374111053472
13438,Highway 11,Highway 11,11,847,9461264,28042000,0.0233942019606125
13439,Highway 11,Highway 11,11,991,8404585,28033000,0.00387216037877333
13440,Highway 11,Highway 11,11,925,8404368,28028000,0.00449029575701862
13441,Highway 11,Highway 11,11,925,8404368,28028000,0.00675479708980823
13442,Highway 11,Highway 11,11,991,8404585,28033000,0.0144160221926091
13443,Highway 11,Highway 11,11,913,8674837,29324000,0.00575705214536826
13444,Highway 11,Highway 11,11,1194,8700124,29532000,0.00722172703365109
13445,Highway 400, ,400,1186,9259299,41104000,0.00903128848488452
13446,Highway 11,Highway 11,11,1189,8642480,29492000,0.0231023011440293
13447,Highway 11,Highway 11,11,1092,9145230,19400000,0.0138007350303021
13448,Highway 11,Highway 11,11,990,8642350,29490000,0.00844149489640884
13449,Highway 11,Highway 11,11,1068,8642350,29490000,0.00484497757547798
13450,Highway 11,Highway 11,11,1068,8642350,29490000,0.00677421347661897
13451,Highway 11,Highway 11,11,1170,10145241,20599000,0.0095079600242515
13452,Highway 11,Highway 11,11,973,10008603,30755000,0.0595716867815405
13453,Highway 11,Highway 11,11,1000,10006204,30758000,0.00118022787043173
13454,Highway 11,Highway 11,11,1425,9248267,29019000,0.00908568718230108
13455,Highway 11,Highway 11,11,1365,9260397,29033000,0.0116056947648573
13456,Highway 11,Highway 11,11,1365,9260397,29033000,0.00927343271699358
13457,Highway 11,Highway 11,11,1395,10341821,29713000,0.00490942368081861
13458,Highway 11,Highway 11,11,1395,10341821,29713000,0.00711924424316464
13459,Highway 11,Highway 11,11,1395,10341821,29713000,0.00592166030975278
13460,Highway 11,Highway 11,11,1883,11802174,31396000,0.0224047122498694
13461,Highway 401 E,Macdonald-Cartier Fwy E,401,5691,55613591,198057000,0.0114569052919285
13462,Highway 410, ,410,2741,9952350,15213000,0.00423266349427222
13463,Highway 400, ,400,728,9209728,41057000,0.0212121313290955
13464,Highway 9, ,9,1716,4720577,8534000,0.000325863164061545
13465, , ,402,2426,22336311,71143000,0.00312787365021602
13466,Bluewater Bridge East, ,402,2426,22336311,71143000,0.0024628595470649
13467,Highway 410, ,410,2741,9952350,15213000,0.00697470812730152
13468,Highway 400, ,400,15,9130906,40712000,0.0118663361053342
13469,Highway 400, ,400,843,10077327,43170000,0.00540048175836502
13470,Tc Hwy, ,417,557,5466498,21261000,0.0232515017561279
13471,Highway 400, ,400,698,10067418,42992000,0.00756383588568772
13472,Tc Hwy, ,417,557,5466498,21261000,0.0049511517235074
13473,Tc Hwy, ,417,846,5420662,20904000,0.00247246423580374
13474,Highway 7, ,7,579,2555561,7591000,0.0103779854615302
13475,Tc Hwy,Hwy 417,417,1022,4957282,20515000,0.0456703757963741
13476,Highway 9, ,9,1716,4720577,8534000,0.00210062189196409
13477,Highway 400 S, ,400,768,9525319,42269000,0.00418624921495179
13478,Highway 400 S, ,400,777,9578015,42300000,0.0168441594473643
13479,Highway 400 S, ,400,699,9515359,42266000,0.00530340115956185
13480,Highway 400 S, ,400,793,9515359,42266000,0.0392967375116408
13481,Highway 400, ,400,1185,9209110,41041000,0.0351330258363795
13482,Highway  402, ,402,2426,22336311,71143000,0.0017347388842427
13483,Highway 7, ,7,579,2555561,7591000,0.00853508749837107
13484,Highway 400, ,400,843,10077327,43170000,0.0206296919713214
13485,Highway 400, ,400,714,9589404,42060000,0.0256825513448858
13486,Highway 400, ,400,698,10067418,42992000,0.0178682602704399
13487,Highway 400, ,400,774,9590525,42068000,0.00870495030705007
13488, , ,402,2426,22336311,71143000,0.00577630028169226
13489,Highway 401 E,Macdonald-Cartier Fwy E,401,16517,80351792,282685000,0.0095841288576518
13490,Highway 401 E,Macdonald-Cartier Fwy E,401,16517,80351792,282685000,0.00290586929602696
13491,Highway 11,Highway 11,11,819,9587589,28009000,0.0166501424345389
13492,Highway 11,Highway 11,11,819,9587589,28009000,0.0233846142619084
13493,Highway 401 E,Macdonald-Cartier Fwy E,401,14871,80761890,282341000,0.00694580054868121
13494,Hwy 401,Rt Hon Herb Gray Pkwy,401,0,0,0,0.0226176729699345
13495,Highway 400 S, ,400,768,9525319,42269000,0.0176359915106485
13496,Tc Hwy, ,417,1022,4957282,20515000,0.0124405849592712
13497,E.c. Row Expy W,Hwy 2,7087,1406,4120494,6471000,0.00366456777453082
13498,E.c. Row Expy E,Hwy 2,7087,1406,4120494,6471000,0.0108683281735692
13499,E.c. Row Expy W,Hwy 2,7087,1406,4120494,6471000,0.00535709038175678
13500,E.c. Row Expy E,Hwy 2,7087,1406,4120494,6471000,0.00458361413506232
13501,E.c. Row Expy W,Hwy 2,7087,1406,4120494,6471000,0.00927311119023788
13502,E.c. Row Expy E,Hwy 2,7087,1406,4120494,6471000,0.0105208843324031
13503,E.c. Row Expy W,Hwy 2,7087,1406,4120494,6471000,0.00831479575668117
13504,E.c. Row Expy E,Hwy 2,7087,1406,4120494,6471000,0.00607022636346529
13505,E.c. Row Expy W,Hwy 2,7087,1406,4120494,6471000,0.00521591135093921
13506,Markham Rd,Regional Road 68,48,0,0,0,0.00130802446460003
13507,Highway 115 S, ,115,1045,4847829,5732000,0.0076419460438624
13508,Highway 115 N, ,115,1195,4709725,12819000,0.00716104869905844
13509,Highway 115 N, ,115,1385,4708292,12815000,0.00310652490739736
13510,Highway 115 S, ,115,1235,5220548,6038000,0.0031407215393579
13511,Highway 115,King's Highway 7 W,7,1067,5313421,2981000,0.00236572610416972
13512,Highway 401 E, ,401,5475,50466040,177386000,0.00247002410188361
13513,Highway 401 E, ,401,5475,50466040,177386000,0.000500483765958731
13514,Highway 401 W,Macdonald-Cartier Fwy W,401,3828,39681922,172700000,0.0355974841471714
13515,Highway 401 E, ,401,4462,48496727,175316000,0.0389671930037649
13516,Highway 401 E, ,401,4462,48496727,175316000,0.00225823150334166
13517,Hurontario St,Highway 10,10,0,0,0,0.00228997779509166
13518,Hurontario St,Highway 10,10,0,0,0,0.00239878952183134
13519,Queen Elizabeth Way W, ,1,1796,16178504,77315000,0.00345687711765388
13520,Queen Elizabeth Way E, ,1,1613,16640332,78967000,0.00252521999041593
13521,Tc Hwy E, ,417,1979,7159694,15234000,0.071060837963019
13522,Highway 137 S, ,137,805,5790876,15742000,0.00380077785720992
13523, , ,137,827,5778164,16427000,0.00338670756007826
13524,Highway 401 E, ,401,5367,48572168,175384000,0.00766688278712777
13525,Highway 401 E, ,401,5367,48572168,175384000,0.000217147415397013
13526,Highway 401 E, ,401,6058,51647484,184348000,0.0173981997964604
13527,Tc Hwy W, ,417,2179,7067080,37202000,0.00476960006521935
13528,Highway 11, ,11,768,7460910,30712000,0.00800389176346833
13529,Highway 401 E, ,401,4744,46831418,167941000,0.141261448445736
13530,Tc Hwy E, ,417,1577,7191448,15231000,0.00956736926305992
13531,Queen Elizabeth Way E, ,1,4576,32013469,129072000,0.00625124874950477
13532,Highway 401 W,Macdonald-Cartier Fwy W,401,3582,41540087,165251000,0.00840940306457579
13533,Queen Elizabeth Way W, ,1,5156,43342522,132731000,0.00595629782448785
13534,Queen Elizabeth Way W, ,1,8927,32401213,98245000,0.0213662827715304
13535,Highway 403 W, ,403,6575,18165378,67089000,0.0070588263726813
13536,Highway 427 Expy, ,427,13479,35402082,120344000,0.0101709325194014
13537,Highway 404 N, ,404,6441,20576766,57934000,0.00356134591660825
13538,Highway 403 W, ,403,6532,16627936,64235000,0.00459567397645737
13539,Hwy 27, ,27,0,0,0,0.000539868502518168
13540,Yonge St, ,11,0,0,0,0.00026511318339709
13541,Yonge St,County Road 1,11,0,0,0,0.000290688837052846
13542,Yonge St, ,11,0,0,0,0.0015952231819036
13543,Regional Road 7 E,Highway 7,7,0,0,0,0.000197952014411607
13544,Kingston Rd,Highway 2,2,0,0,0,0.000524995238075165
13545,Regional Road 7 W,Highway 7,7,0,0,0,0.000200731163507019
13546,Regional Road 7 E, ,7,0,0,0,0.00227758525286536
13547,Markham Rd,Hwy 48,48,0,0,0,0.000148929513533194
13548,Markham Rd,Hwy 48,48,0,0,0,0.00141597528224178
13549,Highway 420, ,420,749,842991,2276000,0.00690366859479303
13550,Highway 420, ,420,85,0,0,0.00204000655132414
13551,Baldwin St S,King's Highway 12 S,12,861,65816,73000,0.00204031546971381
13552,King St E,Regional Highway 2,2,0,0,0,0.00207613222123451
13553,Highway 401 E,Macdonald-Cartier Fwy E,401,5696,54797105,197408000,0.0425307857579715
13554,Highway 35 N,King's Highway 115 N,115,1613,6596045,19987000,0.00529110979304451
13555,Highway 35 N,King's Highway 115 N,115,1571,5623578,18219000,0.000754487905806898
13556,Regional Road 5,Hwy 5,5,4554,17304661,66702000,0.00160393474179571
13557,Huron Church Rd,King's Highway 3 E,3,4264,34459644,205812000,0.000971823543628602
13558,Highway 8 W,King St Bypass,8,2237,12005768,27243000,0.000584405680993667
13559,Highway 402 W, ,402,2497,23042584,69857000,0.00408978936692523
13560,Regional Road 5,Hwy 5,5,489,782066,2876000,0.00168971713608864
13561,Highway 40 N,Modeland Rd,40,780,4604789,8941000,0.000670241747445493
13562,Highway 401 E,Macdonald-Cartier Fwy E,401,4614,40516963,217546000,0.0464164451421453
13563,Hwy 27, ,27,0,0,0,0.00549844235952005
13564,Highway 400 S, ,400,961,2569844,3919000,0.00243824339949637
13565,Yonge St,County Road 1,11,0,0,0,0.000454686705336947
13566,Regional Road 7 E,Highway 7,7,0,0,0,0.000168671277965121
13567,Regional Road 7 W,Highway 7,7,0,0,0,0.000160227962611342
13568,Tc Hwy E, ,417,6174,11994030,33759000,0.00077820819835867
13569,Highway 26, ,26,447,3974671,2851000,0.00276140897949865
13570,Highway 11,Highway 17,11,796,7034849,27246000,0.00142414164537637
13571,Highway 11,Highway 17,17,1205,13363266,47854000,0.000180187900767251
13572,Highway 6 N,Hanlon Expy,6,1118,4244574,19706000,0.0100232794477654
13573,Highway 6 N, ,6,524,3791161,14540000,0.00292888654099628
13574,Highway 403 W,King's Highway 6 S,403,4582,13883991,42852000,0.0416059446050056
13575,Highway 403 E,King's Highway 6 N,403,4636,17549483,63482000,0.0446121628895032
13576,Highway 403 W, ,403,3358,19297417,49991000,0.161092867670984
13577,Highway 403 E, ,403,3964,24566011,85749000,0.163008502801123
13578,Queen Elizabeth Way E, ,1,7134,36169304,132001000,0.00516274803614526
13579,Highway 403 W, ,403,4241,19508034,52159000,0.00796219901185365
13580,Main St E,Hwy 8,8,0,0,0,0.00375688166367776
13581,Highway 6 S,Hanlon Expy,6,1966,9181533,39334000,0.018825604055105
13582,Highway 6 S, ,6,2519,10559170,28093000,0.0151224524891727
13583,Queen Elizabeth Way W, ,1,7332,47930076,140668000,0.0233009646805206
13584,Queen Elizabeth Way E, ,1,8116,40059610,133371000,0.01976274877175
13585,Highway 403 W,King's Highway 6 S,403,4633,14914201,43868000,0.00705536461780771
13586,Kingston Rd,Regional Highway 2,2,0,0,0,0.000438313713851145
13587,Queen Elizabeth Way W, ,1,8116,40059610,133371000,0.0150248567923943
13588,Highway 403 E, ,403,5365,30306535,95668000,0.0124714068557415
13589,Queen Elizabeth Way W, ,1,592,44365252,124287000,0.0189381730773215
13590,Queen Elizabeth Way E, ,1,518,40144646,133373000,0.0133287608651744
13591,Markham Rd, ,48,0,0,0,0.0151034804660262
13592,Highway 400 N, ,400,3530,32635140,101774000,0.0115240456642844
13593,Tc Hwy W,King's Highway 417 W,417,3140,13861725,43009000,0.0126307164707371
13594,Highway 400 S, ,400,819,6487767,20383000,0.0206276453252837
13595,Highway 400, ,400,728,9209728,41057000,0.0541039776079913
13596,Highway 406 S, ,406,1209,3961244,6165000,0.0132849761503354
13597,Highway 401 E,Macdonald-Cartier Fwy E,401,8571,71572516,343528000,0.0327585828619759
13598,Highway 400, ,400,893,9443711,41390000,0.0184436560914076
13599,Highway 400, ,400,756,6100920,20550000,0.0156175593843051
13600,Highway 406 N, ,406,1199,2859804,5861000,0.0100739710711873
13601,Highway 406 N, ,406,772,2845057,6512000,0.00341918170414748
13602,Highway 11,Highway 17,17,637,7126228,37699000,0.000601490960298879
13603,Highway 17 W, ,17,553,5032225,25338000,0.176002033720808
13604,Highway 69, ,69,908,9152167,40570000,0.0426433104224519
13605,Highway 69, ,69,711,9165794,40873000,0.0207470289097435
13606,Highway 69, ,69,950,9165794,40873000,0.0354180388260496
13607,Highway 406 N, ,406,779,2845057,6512000,0.00257799483437653
13608,Highway 406 N, ,406,762,2866457,6807000,0.00849308200804232
13609,Highway 427 Collector, ,427,13154,31798353,107091000,0.0031738960998336
13610,Highway 69, ,69,829,5374172,19658000,0.0756218200730686
13611,Highway 403 E,King's Highway 6 N,403,4674,18096839,65907000,0.00620726445635069
13612,Highway 17, ,17,418,3866736,14028000,0.000353645303311265
13613,Highway 406 S, ,406,968,7022998,9202000,0.0108868127731728
13614,Highway 101, ,101,0,0,0,0.021683642567538
13615,Highway 400, ,400,715,9016038,39450000,0.00713496982604305
13616,Highway 401 W,Macdonald-Cartier Fwy W,401,5294,45218836,183370000,0.141835632303098
13617,Ramp,King's Highway 3,3,0,0,0,0.00292584291544468
13618,Lake Shore Blvd E,Highway 2 W,2,0,0,0,0.00649321343097127
13619,Highway 403 E, ,403,8730,40741350,103108000,0.0206211032205966
13620,Highway 406, ,406,824,3006211,4421000,0.00694113051413699
13621, , ,400,6976,34556316,109698000,0.00874296001316947
13622,Highway 406 S, ,406,846,6736713,8205000,0.0244802613850959
13623,Highway 403 W, ,403,6501,16111480,62120000,0.0136972151491115
13624,Highway 403 E, ,403,6099,17959833,71028000,0.0174991978477426
13625,Ramp, ,10,0,0,0,0.00115134600999683
13626,Highway 427 Collector, ,427,10513,845775,1380000,0.00555501118646815
13627,Highway 27, ,27,853,23954240,87406000,0.014005680731887
13628,Highway 427 N, ,427,12106,16003846,40288000,0.010362212650121
13629,Highway 427 S, ,427,9481,12032957,48215000,0.011637965573325
13630,Highway 6 N, ,6,539,2684798,6649000,0.00644444661060961
13631,Gardiner Expy E,Hwy 2 E,1,0,0,0,0.0116606561972625
13632,Highway 400 N, ,400,9149,35779451,125625000,0.0294591490172648
13633,Highway 400 N, ,400,1751,3889278,4372000,0.0072279449672293
13634,Yonge St,County Road 1,11,0,0,0,0.000316140360040821
13635, , ,406,837,1515659,4696000,0.00521078739249113
13636,Yonge St,County Road 1,11,0,0,0,0.000401535620583563
13637,Danforth Ave,Hwy 5,5,0,0,0,0.00554110685969544
13638,Danforth Ave,Hwy 5,5,0,0,0,0.0122093416253698
13639,Kingston Rd,Highway 2,2,0,0,0,0.00758571782953855
13640,Kingston Rd,Highway 2,2,0,0,0,0.00489819654675924
13641,Highway 404 S, ,404,2522,13969559,55186000,0.0290867472922316
13642,HIGHWAY 401 COLLECTOR TO HIGHWAY 401, ,401,12783,63924471,270184000,0.00534340629108793
13643,Regional Road 7 W,Highway 7,7,0,0,0,0.00292417360216239
13644,Regional Road 7 W,Highway 7,7,0,0,0,0.00103645003016692
13645,Highway 11, ,11,809,10240356,28731000,0.00386391341783416
13646,Regional Hwy 2,Highway 2,2,0,0,0,0.00632475128675704
13647,Highway 404 N, ,404,1967,12021318,17497000,0.0300105046300706
13648,Regional Road 7 E, ,7,0,0,0,0.000621653802983561
13649,Highway 401 W,Macdonald-Cartier Fwy W,401,5608,55284970,198183000,0.0129681458224449
13650,Queen Elizabeth Way E, ,1,2601,15895763,77414000,0.0328816979446658
13651,Queen Elizabeth Way E, ,1,3379,15878317,77996000,0.0133637490686913
13652,Queen Elizabeth Way W, ,1,2904,18855523,77275000,0.0294613994304881
13653,Highway 35 S,King's Highway 115 S,115,1067,11746947,12337000,0.0180879040040987
13654,Regional Road 7 W, ,7,0,0,0,0.00953062273368524
13655,Baldwin St S,Regional Road 12,12,0,0,0,0.000936911087738319
13656,Highway 405 E, ,405,1459,11806250,34433000,0.0613344085687061
13657,Highway 405 W, ,405,1423,8739184,38222000,0.061198076148071
13658,Highway 405 W, ,405,1119,9077677,38665000,0.0352643409070155
13659,Highway 401 W,Macdonald-Cartier Fwy W,401,7989,55934332,207702000,0.0261115975834393
13660,Bond St W,Regional Highway 2,2,0,0,0,0.00252650734291858
13661,Highway 35 S,King's Highway 115 S,115,1569,11758578,12446000,0.012190866647323
13662,Queen St E,Regional Road 7,7,0,0,0,0.000167370871181734
13663,Highway 115,King's Highway 7 W,7,1318,6113141,6092000,0.00489292577576254
13664, , ,400,6976,34556316,109698000,0.00476298433190087
13665,Highway 35 S,King's Highway 115 S,115,1569,11758578,12446000,0.00871909015875764
13666,Highway 35 S,King's Highway 115 S,115,1484,11781518,12497000,0.0239463919319902
13667,Highway 35 S,King's Highway 115 S,115,1739,15194496,13033000,0.0176267947773401
13668,Highway 35 N,King's Highway 115 N,115,1495,6151409,18727000,0.0218414157083028
13669,Highway 35 N,King's Highway 115 N,115,1657,6138595,18659000,0.0192011542228895
13670,Highway 11, ,11,980,8642480,29492000,0.0365551837227249
13671,None, ,17,0,0,0,0.00181333866674215
13672,County Road 21,Hwy 21,21,0,0,0,0.00374866880354038
13673,Highway 400 N, ,400,768,9525319,42269000,0.00430463473837383
13674,Brock St N,Regional Road 12,12,0,0,0,0.00102173509838157
13675,Highway 403 W, ,403,3547,19590743,50801000,0.0261728316940956
13676,Atherley Road, ,12,643,1204871,956000,0.000364119620213686
13677,Highway 11, ,11,982,10004572,30752000,0.159353100892914
13678,Highway 403 E,King's Highway 6 N,403,4761,17414801,67662000,0.00773472242161429
13679,Markham Rd, ,48,0,0,0,0.00182070016599188
13680,Highway 11, ,11,1047,8768062,29310000,0.120569780666438
13681,Westside Rd,King's Highway 58 N,58,310,113782,95000,0.000317840593589777
13682,Highway 400 N, ,400,935,9698775,44990000,0.0338124859263228
13683,Highway 115,King's Highway 7 W,7,1318,6113141,6092000,0.00909305068625872
13684,Main St E, ,8,0,0,0,0.000180476430714461
13685,County Road 49,Highway 49,49,0,0,0,0.000525658852604898
13686,Tc Hwy W,King's Highway 417 W,417,1573,9614313,40265000,0.0988430795315445
13687,Tc Hwy W,King's Highway 417 W,417,1076,8323601,35051000,0.119446297541676
13688,Highway 401 W, ,401,4755,40602454,170148000,0.0553726993708988
13689,Atherley Road, ,12,643,1204871,956000,0.000363235133061636
13690,Highway 400 S, ,400,1063,7803839,23985000,0.0256496553670141
13691,Highway 403 W,King's Highway 6 S,403,4856,14914201,43868000,0.0204533529646441
13692,Highway 403 W,King's Highway 6 S,403,4856,14914201,43868000,0.00882439352517838
13693,Highway 403 W, ,403,4574,16155849,64372000,0.0132538894021909
13694,Highway 2, ,2,0,0,0,0.0434989336701479
13695,Highway 401 E, ,401,6459,51645213,184347000,0.0728361588787868
13696,Baldwin St S,King's Highway 12 N,12,469,93739,231000,0.00360086267625999
13697,Highway 137 S, ,137,541,5709721,15719000,0.00273560400495197
13698,Highway 11 S, ,11,1376,17490238,21402000,0.0178999851446325
13699,Regional Road 7 E, ,7,0,0,0,0.01656066475944
13700,Tc Hwy E, ,417,1242,5904839,13796000,0.184101386641565
13701,Highway 416 N, ,416,1347,4229022,12710000,0.0772269537689498
13702,Highway 416 S,Veteran's Memorial Highway,416,1781,4190020,8113000,0.0771111384890035
13703,Highway 416 S,Veteran's Memorial Highway,416,2015,4531564,8791000,0.0415323712799225
13704,Main St S,Highway 10,10,0,0,0,0.00326990125600123
13705,Highway 416 N, ,416,2010,5382794,14907000,0.0479206487561615
13706,Highway 416 S,Veteran's Memorial Highway,416,1956,4482849,9137000,0.0157142696701667
13707,Highway 416 N, ,416,1521,5809569,17119000,0.0791931896063945
13708,Highway 401 E, ,401,4481,46127383,175864000,0.094814278262767
13709,Highway 401 W,Macdonald-Cartier Fwy W,401,3582,41540087,165251000,0.0845238120335361
13710,Tc Hwy W, ,417,1573,9567826,40340000,0.0373720480921966
13711,Highway 115 N, ,7,1048,2820295,6772000,0.00120730073737802
13712,Highway 35 S,King's Highway 115 S,115,1739,15194496,13033000,0.0214800915218142
13713,County Road 1, ,11,0,0,0,0.00236139256055925
13714,Highway 416 S, ,416,848,4604312,27232000,0.119611483322159
13715,Highway 11, ,11,2550,18639514,25465000,0.00452547921899459
13716,Highway 403 W,Queen Elizabeth Way W,1,7489,48941776,144576000,0.0158010854038545
13717,Yonge St,County Road 1,11,0,0,0,0.000383159796096732
13718,Highway 7 W,King's Highway 8 W,7,1818,7133369,12384000,0.0107676108771042
13719,Highway 427 S, ,427,17398,12173207,33153000,0.00881283773683209
13720,Highway 11, ,11,867,10153498,29156000,0.0843324876504282
13721,Dundas St E,County Road 2,2,0,0,0,0.022085707226672
13722,Hwy 8, ,8,0,0,0,0.000317463355867276
13723,Highway 11, ,11,0,0,0,0.00155916875571972
13724, , ,405,1119,9077677,38665000,0.00134725955772238
13725,Queen St E,Regional Road 107,7,0,0,0,0.00108303239922244
13726,Highway 401 E, ,401,3884,47345125,169503000,0.12720414535568
13727,Highway 406, ,406,641,697818,1559000,0.0040494789931844
13728,Highway 137 S, ,137,805,5790876,15742000,0.0036410350980927
13729,Dundas St,King's Highway 8 W,8,2775,534504,987000,0.00115095297618708
13730,Highway 401 W,Macdonald-Cartier Fwy W,401,5785,55278994,197890000,0.0576223892171547
13731,Highway 416 N,Veteran's Memorial Highway,416,866,8310100,17235000,0.0215791792045957
13732,Highway 11, ,11,743,9579124,27960000,0.0101795045283353
13733,Highway 115,King's Highway 7 W,7,1132,5299214,2869000,0.0107870308666046
13734,Yonge St,County Road 1,11,0,0,0,0.000583144319536714
13735,Tc Hwy W,King's Highway 417 W,417,6299,13537323,45931000,0.00984929956114264
13736,Highway 11, ,11,805,9579124,27960000,0.010737626615902
13737,Tc Hwy W, ,417,6299,13537323,45931000,0.0022833977747782
13738,Tc Hwy E, ,417,916,4898802,14011000,0.105998949924929
13739,Tc Hwy W,King's Highway 417 W,417,3140,13861725,43009000,0.00476527981127239
13740,Highway 416 N, ,416,957,9066386,17089000,0.0517083593510534
13741,Highway 115,King's Highway 7 W,7,1046,5414768,3406000,0.0215538631082326
13742,Tc Hwy E,King's Highway 417 E,417,5603,9632066,24423000,0.0118439755222749
13743,Highway 7 E,Conestoga Pky N,7,1831,8545306,21396000,0.00633291736938447
13744, , ,406,0,0,0,0.00615880523505835
13745,Highway 406 N, ,406,762,2866457,6807000,0.0131677808749566
13746,Highway 409 W, ,409,4768,13986941,56538000,0.0116582633260316
13747,Tc Hwy E, ,417,1219,4266927,11785000,0.0895946655191591
13748,Highway 403 E, ,403,7680,57419454,188138000,0.00685875469619156
13749,Kingston Rd,Highway 2,2,0,0,0,0.0105648878274781
13750,Highway 404 N, ,404,4815,20461964,53274000,0.0139353180350868
13751,Highway 403 E, ,403,5286,31099283,95378000,0.0246850123754494
13752,Highway 427 S, ,427,9481,12032957,48215000,0.00513161051585127
13753,Markham Rd, ,48,0,0,0,0.015086217375804
13754,Queen Elizabeth Way E, ,1,4696,16505463,80168000,0.0159301724815782
13755,Highway 401 W,Macdonald-Cartier Fwy W,401,5691,55613591,198057000,0.0191215712303933
13756,Veteran's Memorial Hwy, ,16,334,2699489,2742000,0.00737923112066654
13757,County Road 2,Highway 2,2,0,0,0,0.00168149867867456
13758,Highway 11, ,11,743,9579124,27960000,0.0437657431529498
13759,Highway 427 S, ,427,9481,12032957,48215000,0.00687292053763705
13760,Highway 401 W,Macdonald-Cartier Fwy W,401,4650,41375513,170678000,0.145895917589093
13761,Highway 401 E,Macdonald-Cartier Fwy E,401,4923,50498564,177358000,0.0172641428560713
13762,Highway 69, ,69,908,9152167,40570000,0.0148107907264491
13763,Highway 69, ,69,692,9152167,40570000,0.00850425464095911
13764,Highway 401 W,Macdonald-Cartier Fwy W,401,5564,42928883,181112000,0.117216723252532
13765,Highway 401 E, ,401,5686,51659317,184394000,0.0831598043262145
13766,Markham Rd, ,48,0,0,0,0.000344780528672208
13767,Highway 11, ,11,0,0,0,0.00448496663116714
13768,Highway 410, ,410,2225,9624328,14352000,0.0131856835072818
13769,Highway 410 S, ,410,7882,28824853,121494000,0.0100806658527666
13770,Tc Hwy W, ,417,6299,13537323,45931000,0.00295166489316187
13771,Highway 427 N, ,427,9746,17540703,58968000,0.00609754876578993
13772,Highway 416 S,Veteran's Memorial Highway,416,914,4869550,17999000,0.00516255103316622
13773,Kingston Rd,Highway 2,2,0,0,0,0.00260595623211776
13774,Highway 11, ,11,839,10650667,29270000,0.0800728358465922
13775,Regional Road 7 E,Highway 7,7,0,0,0,0.000830896735834338
13776,Regional Road 7 W, ,7,0,0,0,0.000742796450761506
13777,Gardiner Expy W,Hwy 2 W,1,0,0,0,0.0193519600087887
13778,Highway 400 N, ,400,676,8546979,41849000,0.00778311830285201
13779,Hwy 20, ,20,0,0,0,0.00120614421276566
13780,Highway 11, ,11,0,0,0,0.00438527800744715
13781,Dundas St W,Regional Highway 2,2,0,0,0,0.0018748510159897
13782,Highway 11, ,11,908,10493662,28762000,0.0941956768072489
13783,Highway 11,Highway 17,11,417,3867027,14096000,0.00166623289732582
13784,Dundas St W,Hwy 5,5,0,0,0,0.00025697548091375
13785,Highway 115 S, ,115,1009,5144666,6045000,0.010074721590898
13786,Highway 85 S,Conestoga Pky S,85,2420,4830984,18095000,0.00572746335775442
13787,Highway 518, ,518,124,113918,81000,0.0244382628647219
13788,Highway 403 W,King's Highway 24 S,403,4207,19252364,48763000,0.0326655435612966
13789,Algonquin Boulevard East, ,101,0,0,0,0.00167194322869619
13790,Ramp, ,7,0,0,0,0.00188767898647741
13791,Kingston Rd,Regional Highway 2,2,0,0,0,0.000344785010018833
13792,Highway 7 E,King's Highway 8 E,7,2772,15675274,24692000,0.00760152311516248
13793,Highway 400 N, ,400,1405,9598178,44874000,0.0417943802633255
13794,Highway 40 N, ,40,300,1233248,4608000,0.0066374670343636
13795,Highway 11, ,11,867,10153498,29156000,0.00499605015110775
13796,Kingston Rd,Highway 2,2,0,0,0,0.00172800735768098
13797,Churchill Line,King's Highway 40 S,40,778,1290116,1978000,0.00507068966538202
13798,Hwy 8, ,8,0,0,0,0.000136275273463244
13799,Niagara River Pky, ,3,0,0,0,0.0014174692430583
13800,Highway 402 W, ,402,2721,21281028,64845000,0.041334466783023
13801,Yonge St,County Road 1,11,0,0,0,0.00358189013343679
13802,Regional Road 5,Hwy 5,5,0,0,0,0.00145656911167164
13803,Highway 11,Highway 17,17,1121,9526103,39511000,0.000257108286378474
13804,Highway 2, ,2,0,0,0,0.0147124325743832
13805,Highway 11,Highway 17,17,796,7034849,27246000,0.000257765349736459
13806,Tc Hwy W, ,417,740,5343834,21498000,0.085534825353002
13807,Yonge St,County Road 1,11,0,0,0,0.00474677972282306
13808,Highway 11,Highway 17,17,1269,9537123,39547000,0.000264986303089682
13809,Highway 11,Highway 17,17,1269,9533089,39520000,0.000784553511655087
13810,Richmond St,King's Highway 4 N,4,0,0,0,0.00674612326667525
13811,Richmond St,King's Highway 4 S,4,0,0,0,0.00106878350669755
13812,Yonge St, ,11,0,0,0,0.00056376798727233
13813,Trout Lake Road, ,63,0,0,0,0.000351956918737641
13814,Highway 11, ,11,839,10650668,29270000,0.0317067566479198
13815,Main St S,Regional Road 68,48,0,0,0,0.000557273097183395
13816,Tc Hwy E, ,417,1628,6901249,16366000,0.101382987390574
13817,Kingston Rd,Regional Highway 2,2,0,0,0,0.00162474440808428
13818,None, ,61,49,580090,1855000,0.00399180358690595
13819, , ,405,1119,9077677,38665000,0.00603643160849189
13820,Highway 405 W, ,405,1423,8739184,38222000,0.0064180721239859
13821,Yonge St, ,11,0,0,0,0.000741426227811664
13822,Yonge St, ,11,0,0,0,0.00219017889875768
13823,Highway 420, ,420,0,0,0,0.00149210943042945
13824,Yonge St,County Road 1,11,0,0,0,0.00319703436639123
13825,Highway 35 N,King's Highway 115 N,115,0,0,0,0.00272791520043206
13826,Hwy 8, ,8,0,0,0,0.000564521710791973
13827,Highway 401 E, ,401,6058,51647484,184348000,0.00643464391809969
13828,Highway 17, ,17,810,1913689,10152000,0.0136428649921874
13829,Highway 416 S, ,416,833,4741075,27214000,0.0450905569615336
13830,Highway 400 N, ,400,3214,29390932,96056000,0.0828248285631903
13831,Dundas St E,Regional Highway 2,2,0,0,0,0.000815803926276009
13832,Highway 11,Highway 17,17,1197,11305073,40807000,0.000393920326053607
13833,Regional Hwy 2,Highway 2,2,0,0,0,0.0053795273443343
13834,Highway 400 S, ,400,2171,21470143,76322000,0.0144823580578036
13835,Highway 427 Collector, ,427,13922,42065673,104010000,0.00720675781412986
13836,Highway 11 N, ,11,1523,11813522,31382000,0.0161901494763733
13837,Highway 404 S, ,404,3614,10003119,76180000,0.00553002803490812
13838,Highway 401 E, ,401,3923,46180401,174595000,0.131147782858006
13839,Highway 401 E, ,401,4802,47318973,168977000,0.0813027463437943
13840,Highway 11, ,11,847,9461264,28042000,0.022687945586683
13841,King St E,King's Highway 8 E,8,0,0,0,0.00999209573312993
13842,Highway 7, ,7,671,2694337,8037000,0.0299126188853532
13843,Highway 11, ,11,0,0,0,0.00188814441364154
13844,Highway 405 E, ,405,1056,10029333,34453000,0.0138169055491681
13845,Highway 416 N, ,416,2060,5894280,15604000,0.0166865800469369
13846,Highway 11 S, ,11,1373,17431117,21358000,0.0162678012340651
13847,Highway 400 S, ,400,602,6039825,19424000,0.00920620522529318
13848,Highway 401 E,Macdonald-Cartier Fwy E,401,5275,49011862,169166000,0.00724493649132197
13849,King's Highway 3 W,King's Highway 3 W,3,288,26727672,124186000,0.00554036188566869
13850,Highway 4 S, ,4,0,0,0,0.00250416594618875
13851,Queenston Rd,Hwy 8,8,0,0,0,0.00021239566536712
13852,Highway 400 N, ,400,815,9686141,42579000,0.0608873878107468
13853,Paradise Rd S,Hwy 8,8,4596,13821154,42724000,0.00197807564755705
13854,Highway 12, ,12,0,0,0,0.000698538889729617
13855, , ,1,1595,20394528,81266000,0.00223464230545969
13856,Highway 35 N,King's Highway 115 N,115,1719,5790403,18393000,0.0168299878363003
13857,Highway 35 N,King's Highway 115 N,115,1571,5623578,18219000,0.0241832944407868
13858,Highway 427 N, ,427,9746,17540703,58968000,0.00461358232022063
13859,Highway 410, ,410,1321,7556361,9299000,0.00750731326123603
13860,Highway 7, ,7,0,0,0,0.00485881624064366
13861,Modeland Rd,King's Highway 40 N,40,887,4481991,8142000,0.00702566087985578
13862,Kingston Rd,Highway 2,2,0,0,0,0.0133612268841573
13863,Highway 85 N,Conestoga Pky N,85,971,3282110,6446000,0.00721102923366635
13864,King George Rd,King's Highway 24 S,24,0,0,0,0.00225692896568235
13865,Highway 11,Highway 17,17,637,7126228,37699000,0.000575937215302524
13866,Highway 2,County Road 2,2,0,0,0,0.0165624686291782
13867,Highway 403 W,King's Highway 6 S,403,4583,13883991,42852000,0.0117886723948122
13868,Highway 17 Ramp, ,17,256,1106598,4504000,0.00963176961075785
13869,Highway 61, ,61,585,459874,1155000,0.0006672509054772
13870,Highway 402 E, ,402,2784,26703043,124467000,0.0704624541086643
13871,Highway 401 E, ,401,6441,51730979,184413000,0.032712331458131
13872,Highway 403 W, ,403,4948,21297287,76541000,0.00384624948824474
13873,Tc Hwy W,King's Highway 417 W,417,944,9988635,38882000,0.0641601154245922
13874,Lake Shore Blvd E,Highway 2,2,0,0,0,0.0113808196248049
13875,Highway 401 Collector,Macdonald-Cartier Fwy E,401,12770,67792600,247371000,0.0296401698293775
13876,Dundas St W,Hwy 5,5,0,0,0,0.0016733530552397
13877,Queen Elizabeth Way E, ,1,1497,16772101,78424000,0.00532853290676057
13878,Highway 61, ,61,468,503693,1220000,0.000645342044659789
13879,Highway 403 E,Queen Elizabeth Way E,1,8351,61333033,181402000,0.0146517299962395
13880,Highway 401 W,Macdonald-Cartier Fwy W,401,4103,41880648,165733000,0.101773156263484
13881,Highway 416 N,Veteran's Memorial Highway,416,866,8310100,17235000,0.0571127222773663
13882,Ramp, ,58,0,0,0,0.00264144448535605
13883,Broadway,Hwy 9,9,0,0,0,0.00436308834699175
13884,Broadway,Hwy 9,9,0,0,0,0.00436305688965848
13885,Highway 409 E, ,409,0,0,0,0.00539890123471693
13886,Highway 401 E,Macdonald-Cartier Fwy E,401,4678,40560061,217719000,0.00586747694028629
13887,Bloor St W,Hwy 5,5,0,0,0,0.00357688941450738
13888,Kingston Rd,Regional Highway 2,2,0,0,0,0.000727372408822757
13889,Highway 409 E, ,409,0,0,0,0.00147608895213824
13890,Regional Road 7 W, ,7,0,0,0,0.00679741920084796
13891,Danforth Ave, ,5,0,0,0,0.00149968103494679
13892,Dundas St E,Regional Highway 2,2,0,0,0,0.00151037017682379
13893,Highway 7 W,King's Highway 12 S,7,944,117335,163000,0.0004681920343652
13894,Bath Rd, ,33,0,0,0,0.00246867993808014
13895,Highway 404 S, ,404,3065,8467913,57067000,0.00925398242725917
13896,Highway 416 S,Veteran's Memorial Highway,416,1800,4727543,17998000,0.025962743128654
13897,Highway 401 W,Macdonald-Cartier Fwy W,401,4954,43003945,181281000,0.0793615740079614
13898,Highway 405 E, ,405,1459,11806250,34433000,0.00954671088714848
13899,Highway 7, ,7,616,2651161,7709000,0.0060084895714671
13900,Highway 406 N, ,406,4479,29372925,127552000,0.0172187155587478
13901,Highway 406 S, ,406,985,7423583,9910000,0.0151533645694232
13902,Queenston Rd,Hwy 8,8,0,0,0,0.00196875163462417
13903,Danforth Ave, ,5,0,0,0,0.00150441024067937
13904,Highway 406 N, ,406,1199,2859804,5861000,0.0059863612359424
13905,Highway 406 N, ,406,714,3048280,6574000,0.0216626556941472
13906,Regional Road 7 W, ,7,0,0,0,0.0465270086532507
13907,Queen Elizabeth Way W, ,1,5282,34080229,99277000,0.0303445599849205
13908,Queen Elizabeth Way E, ,1,3379,15878317,77996000,0.00779613274318664
13909,Dundas St W,Hwy 5,5,0,0,0,0.00208055382106432
13910,Browns Line, ,427,17522,764308,1584000,0.00365564323472069
13911,Veteran's Memorial Hwy, ,16,415,2137799,5681000,0.00428619771059814
13912,Highway 403 E,King's Highway 6 N,403,4635,17549483,63482000,0.00417019130408322
13913,Dundas St W,Regional Highway 2,2,0,0,0,0.00056602669236613
13914,Markham Rd, ,48,0,0,0,0.000311450205736103
13915,Highway 401 W,Macdonald-Cartier Fwy W,401,3992,39232014,165859000,0.0134421573652088
13916,Highway 416 S,Veteran's Memorial Highway,416,914,4869550,17999000,0.0458693927141199
13917,Highway 9, ,9,1093,7334958,9365000,0.000601591130544164
13918,Queen Elizabeth Way E, ,1,4500,29427179,127756000,0.0109649041728036
13919,Bovaird Dr E,King's Highway 7 E,7,0,0,0,0.00425222219431669
13920,Highway 11,Highway 17,17,1187,13425515,48020000,0.000177427909616792
13921,Highway 427 N, ,427,9293,16175380,50158000,0.00736349511293139
13922,Highway 427 Expy Transfer, ,427,14347,43569707,111901000,0.00637593555426476
13923,Highway 401 W,Macdonald-Cartier Fwy W,401,4080,41903222,160462000,0.0921143434244304
13924,Highway 7 E,King's Highway 8 E,7,1382,6625657,15536000,0.00904348289363767
13925,Kingston Rd,Highway 2,2,0,0,0,0.000201795667621444
13926,Highway 401 W,Macdonald-Cartier Fwy W,401,3496,41692604,159108000,0.0306838330317676
13927,Highway 401 E, ,401,4923,50498564,177358000,0.017639723988492
13928,Regional Road 7 E, ,7,0,0,0,0.000517474906030854
13929,Highway 85 N,Conestoga Pky N,85,2278,4406288,11283000,0.00575803383756312
13930,Highway 403 W, ,403,3464,19189826,50280000,0.026868003067206
13931,Highway 403 E, ,403,5182,28109320,93908000,0.0149013953680721
13932,Bond St E,Regional Highway 2,2,0,0,0,0.00750674158690739
13933,King St W,Regional Highway 2,2,0,0,0,0.00112146650722157
13934,Main St E, ,8,0,0,0,0.000569169756454572
13935,Highway 6,King's Highway 6 S,6,1869,11337233,28868000,0.00567038405345441
13936,Highway 416 S,Veteran's Memorial Highway,416,1956,4482849,9137000,0.00620534261439267
13937,Main St W,Hwy 8,8,0,0,0,0.000477242638244689
13938,Highway 26, ,26,504,4435976,3238000,0.00680796684999132
13939,Hurontario St,Highway 10,10,184,2523339,11509000,0.00246328794085077
13940,Highway 403 E,King's Highway 6 N,403,4990,17414801,67662000,0.0110435233681604
13941,Highway 403 W, ,403,4633,14914201,43868000,0.00697143635150986
13942,Garrison Rd,Regional Road 3,3,0,0,0,0.000742347108525687
13943,Ramp, ,2,0,0,0,0.000461419710815076
13944,Highway 401 E,Macdonald-Cartier Fwy E,401,6286,54983993,192424000,0.141809728177586
13945,Tc Hwy W,King's Highway 417 W,417,6299,13533265,45915000,0.00380351387167059
13946,Tc Hwy W, ,417,3010,9623569,36845000,0.00614943474041608
13947,Highway 35 S,King's Highway 115 S,115,0,0,0,0.00232579257185922
13948,Highway 17, ,17,531,4026170,25064000,0.234349114929412
13949,King St E,Hwy 8,8,0,0,0,0.0105013669400885
13950,Highway 11, ,11,783,9579124,27960000,0.0140656862741019
13951,Highway 420,Roberts St,420,0,0,0,0.00437962754489034
13952,Highway 401 E,Macdonald-Cartier Fwy E,401,6235,54349252,187705000,0.0315044685162235
13953,Highway 410 N, ,410,6662,33398542,95187000,0.0129365022820999
13954,Highway 85 N,Conestoga Pky N,85,3776,5202123,16800000,0.00917145907102074
13955,Highway 85 S,Conestoga Pky S,85,1018,3462201,11181000,0.0122553248555563
13956,Tc Hwy W,King's Highway 417 W,417,5579,10289317,39579000,0.00840875243582028
13957,Main St W,Hwy 8,8,0,0,0,0.00795228927568451
13958,Centennial Pky S,Hwy 20,20,0,0,0,0.000439468798929435
13959,Regional Road 7 W,Highway 7,7,0,0,0,0.00206550322293059
13960,Queen Elizabeth Way E, ,1,4597,26252521,119432000,0.0132181236492854
13961,King St E,Regional Highway 2,2,0,0,0,0.00158067713258561
13962,King St E,Regional Highway 2,2,0,0,0,0.00143269036082635
13963,Highway 11,Highway 17,17,637,7126228,37699000,0.0432809104897152
13964,Queen Elizabeth Way W, ,1,5661,45433121,131757000,0.0226302548038569
13965,Atherley Road, ,12,782,777970,1790000,0.00129039910700566
13966,Kingston Rd W,Regional Highway 2,2,0,0,0,0.00135405038275356
13967,Regional Hwy 2,Highway 2,2,0,0,0,0.00066372703359602
13968,Highway 11, ,11,437,10240356,28731000,0.0290205275871825
13969,Highway 403 E,King's Highway 6 N,403,4990,17414801,67662000,0.018425907638168
13970,Highway 410, ,410,1321,7556361,9299000,0.00925790179258956
13971,Highway 410, ,410,2276,8767472,6251000,0.0128213440294408
13972,Hurontario St,Highway 10,10,152,2509518,10690000,0.00237482593765279
13973,Highway 401 W,Macdonald-Cartier Fwy W,401,5785,55278994,197890000,0.00864430234238941
13974,Highway 400, ,400,893,9443711,41390000,0.0399242717559296
13975,Highway 401 W,Macdonald-Cartier Fwy W,401,5165,43865821,180459000,0.0274992391030234
13976,Highway 115,King's Highway 7 E,7,1402,4907238,12316000,0.0137389706385628
13977,Regional Road 107,Highway 7,7,0,0,0,0.00853148271298916
13978,Highway 401 E, ,401,4664,48254220,167339000,0.0832355062162044
13979,Highway 401 E, ,401,4962,45403319,168334000,0.0415655148968257
13980,Highway 401 W,Macdonald-Cartier Fwy W,401,4498,41106905,163380000,0.042829651425233
13981,Queen Elizabeth Way E, ,1,4602,15878317,77996000,0.00568856044888288
